rainfall_24h_mm,rainfall_72h_mm,rainfall_7d_mm,rainfall_30d_mm,soil_moisture_pct,temperature_24h_mean_c,relative_humidity_24h_mean_pct,slope_deg,elevation_m,ndvi,historical_events,landslide_occurred,sample_type,latitude,longitude,event_date,event_year,inventory_source,terrain_source,satellite_source,weather_source
0.0,0.0,0.0,0.0,20.954,18.417,80.333,13.67,172.0,0.7553,0,0,background_non_event,23.827057742118882,92.51416197107224,2016-01-01,2016,NASA COOLR/GLC,USGS SRTM 90m via Open Topo Data,NASA MODIS MOD13Q1.061 / Microsoft Planetary Computer,Open-Meteo ERA5-Land historical reanalysis
0.0,0.0,0.0,0.0,31.271,14.65,82.542,12.72,875.0,0.82642,0,0,background_non_event,24.33757873533147,93.78428025055597,2016-01-01,2016,NASA COOLR/GLC,USGS SRTM 90m via Open Topo Data,Sentinel-2 L2A / Microsoft Planetary Computer,Open-Meteo ERA5-Land historical reanalysis
0.0,0.0,0.0,0.0,35.163,-13.05,55.792,30.8,3528.0,0.79265,0,0,background_non_event,29.60160155726992,94.44705734539332,2016-01-12,2016,NASA COOLR/GLC,USGS SRTM 90m via Open Topo Data,Sentinel-2 L2A / Microsoft Planetary Computer,Open-Meteo ERA5-Land historical reanalysis
0.0,0.0,0.0,0.0,31.665,-6.483,56.417,10.35,4541.0,0.1472,0,0,background_non_event,28.89147212125016,90.5606069848974,2016-01-13,2016,NASA COOLR/GLC,USGS SRTM 90m via Open Topo Data,NASA MODIS MOD13Q1.061 / Microsoft Planetary Computer,Open-Meteo ERA5-Land historical reanalysis
0.0,0.0,0.0,0.0,38.346,14.917,86.292,10.01,432.0,0.7447,0,0,background_non_event,26.13012550824036,94.36224981517648,2016-01-14,2016,NASA COOLR/GLC,USGS SRTM 90m via Open Topo Data,NASA MODIS MOD13Q1.061 / Microsoft Planetary Computer,Open-Meteo ERA5-Land historical reanalysis
0.0,0.0,0.0,0.0,40.758,16.408,80.958,14.9,312.0,0.341,0,1,observed_landslide,27.1758,88.5294,2016-01-14,2016,NASA COOLR/GLC,USGS SRTM 90m via Open Topo Data,NASA MODIS MOD13Q1.061 / Microsoft Planetary Computer,Open-Meteo ERA5-Land historical reanalysis
0.0,0.0,0.0,0.0,34.212,15.696,80.333,10.54,215.0,0.5874,0,0,background_non_event,25.84552857469457,90.66631567457071,2016-01-18,2016,NASA COOLR/GLC,USGS SRTM 90m via Open Topo Data,NASA MODIS MOD13Q1.061 / Microsoft Planetary Computer,Open-Meteo ERA5-Land historical reanalysis
0.0,0.0,0.0,0.0,26.879,18.812,67.625,1.11,123.0,0.2929,0,0,background_non_event,22.498334842358627,95.03716865371352,2016-01-19,2016,NASA COOLR/GLC,USGS SRTM 90m via Open Topo Data,NASA MODIS MOD13Q1.061 / Microsoft Planetary Computer,Open-Meteo ERA5-Land historical reanalysis
0.0,0.0,0.0,0.0,18.544,13.862,84.25,0.34,86.0,0.4972,0,0,background_non_event,27.14116870124003,94.07925332328014,2016-01-20,2016,NASA COOLR/GLC,USGS SRTM 90m via Open Topo Data,NASA MODIS MOD13Q1.061 / Microsoft Planetary Computer,Open-Meteo ERA5-Land historical reanalysis
0.0,0.0,0.0,0.0,26.996,17.229,88.708,1.69,158.0,0.4102,0,0,background_non_event,22.641114771264487,94.91691192834986,2016-01-21,2016,NASA COOLR/GLC,USGS SRTM 90m via Open Topo Data,NASA MODIS MOD13Q1.061 / Microsoft Planetary Computer,Open-Meteo ERA5-Land historical reanalysis
0.0,0.0,0.0,0.0,27.013,19.896,72.625,1.26,215.0,0.2433,0,0,background_non_event,21.855350686849754,94.74915072476679,2016-01-23,2016,NASA COOLR/GLC,USGS SRTM 90m via Open Topo Data,NASA MODIS MOD13Q1.061 / Microsoft Planetary Computer,Open-Meteo ERA5-Land historical reanalysis
0.0,0.0,0.0,0.0,10.694,15.908,72.375,3.85,55.0,0.619,0,0,background_non_event,23.174632029904178,92.21390339007529,2016-01-25,2016,NASA COOLR/GLC,USGS SRTM 90m via Open Topo Data,NASA MODIS MOD13Q1.061 / Microsoft Planetary Computer,Open-Meteo ERA5-Land historical reanalysis
0.0,0.0,0.0,0.0,32.633,16.512,74.917,7.5,325.0,0.1467,0,1,observed_landslide,25.6226,96.2946,2016-01-25,2016,NASA COOLR/GLC,USGS SRTM 90m via Open Topo Data,NASA MODIS MOD13Q1.061 / Microsoft Planetary Computer,Open-Meteo ERA5-Land historical reanalysis
0.0,0.0,0.0,0.0,43.09,14.617,83.208,0.42,119.0,0.52318,0,0,background_non_event,27.668579117324917,95.33567146543163,2016-01-27,2016,NASA COOLR/GLC,USGS SRTM 90m via Open Topo Data,Sentinel-2 L2A / Microsoft Planetary Computer,Open-Meteo ERA5-Land historical reanalysis
0.0,0.0,0.0,0.0,30.817,6.417,79.667,25.4,1851.0,0.85432,0,0,background_non_event,25.122868975956642,94.70721442142342,2016-01-28,2016,NASA COOLR/GLC,USGS SRTM 90m via Open Topo Data,Sentinel-2 L2A / Microsoft Planetary Computer,Open-Meteo ERA5-Land historical reanalysis
0.0,0.0,0.0,0.0,38.419,-6.996,76.417,14.2,3606.0,0.79057,0,0,background_non_event,27.56344590548797,90.60024642272344,2016-01-28,2016,NASA COOLR/GLC,USGS SRTM 90m via Open Topo Data,Sentinel-2 L2A / Microsoft Planetary Computer,Open-Meteo ERA5-Land historical reanalysis
0.0,0.0,0.0,0.0,21.837,16.758,83.708,1.32,24.0,-0.15639,0,0,background_non_event,25.7364252124541,89.85805056462323,2016-01-31,2016,NASA COOLR/GLC,USGS SRTM 90m via Open Topo Data,Sentinel-2 L2A / Microsoft Planetary Computer,Open-Meteo ERA5-Land historical reanalysis
0.0,0.0,0.0,0.0,21.919,13.446,68.458,21.61,1408.0,0.79882,0,0,background_non_event,21.91945057959603,93.44175622601864,2016-02-01,2016,NASA COOLR/GLC,USGS SRTM 90m via Open Topo Data,Sentinel-2 L2A / Microsoft Planetary Computer,Open-Meteo ERA5-Land historical reanalysis
0.0,0.0,0.0,0.0,27.688,17.004,86.875,4.16,205.0,0.656,1,0,background_non_event,25.317102743137717,96.31005153407614,2016-02-01,2016,NASA COOLR/GLC,USGS SRTM 90m via Open Topo Data,NASA MODIS MOD13Q1.061 / Microsoft Planetary Computer,Open-Meteo ERA5-Land historical reanalysis
0.0,0.0,0.0,0.0,39.506,4.983,84.292,26.1,2240.0,0.1314,1,0,background_non_event,27.214047425373966,89.01117753437299,2016-02-01,2016,NASA COOLR/GLC,USGS SRTM 90m via Open Topo Data,NASA MODIS MOD13Q1.061 / Microsoft Planetary Computer,Open-Meteo ERA5-Land historical reanalysis
0.0,0.0,0.0,0.0,21.894,-11.608,67.417,3.5,5165.0,0.0799,0,0,background_non_event,28.217610907280946,92.03317275017528,2016-02-01,2016,NASA COOLR/GLC,USGS SRTM 90m via Open Topo Data,NASA MODIS MOD13Q1.061 / Microsoft Planetary Computer,Open-Meteo ERA5-Land historical reanalysis
0.0,0.0,0.0,0.0,30.475,-0.492,17.792,24.15,4315.0,0.0904,0,0,background_non_event,28.95222413341503,88.50858870513414,2016-02-01,2016,NASA COOLR/GLC,USGS SRTM 90m via Open Topo Data,NASA MODIS MOD13Q1.061 / Microsoft Planetary Computer,Open-Meteo ERA5-Land historical reanalysis
0.0,0.0,0.0,0.0,39.015,4.967,86.75,49.03,2512.0,0.52547,0,0,background_non_event,28.376331326021337,95.99505008148985,2016-02-02,2016,NASA COOLR/GLC,USGS SRTM 90m via Open Topo Data,Sentinel-2 L2A / Microsoft Planetary Computer,Open-Meteo ERA5-Land historical reanalysis
0.0,0.0,0.0,0.0,21.902,16.912,75.25,0.55,86.0,0.5482,0,0,background_non_event,26.63095609808574,88.96036351607968,2016-02-03,2016,NASA COOLR/GLC,USGS SRTM 90m via Open Topo Data,NASA MODIS MOD13Q1.061 / Microsoft Planetary Computer,Open-Meteo ERA5-Land historical reanalysis
0.0,0.0,0.0,0.0,33.41,12.617,76.708,3.39,1580.0,0.311,0,0,background_non_event,25.504573424884317,91.4465909156644,2016-02-06,2016,NASA COOLR/GLC,USGS SRTM 90m via Open Topo Data,Sentinel-2 L2A / Microsoft Planetary Computer,Open-Meteo ERA5-Land historical reanalysis
0.0,0.0,0.0,0.0,15.513,19.679,71.833,1.04,18.0,0.6452,0,0,background_non_event,24.275309609572144,89.2310989890155,2016-02-07,2016,NASA COOLR/GLC,USGS SRTM 90m via Open Topo Data,NASA MODIS MOD13Q1.061 / Microsoft Planetary Computer,Open-Meteo ERA5-Land historical reanalysis
0.0,0.0,0.0,0.0,20.29,14.963,87.75,18.56,656.0,0.76423,0,0,background_non_event,24.70794552668392,93.37343418723557,2016-02-10,2016,NASA COOLR/GLC,USGS SRTM 90m via Open Topo Data,Sentinel-2 L2A / Microsoft Planetary Computer,Open-Meteo ERA5-Land historical reanalysis
0.0,0.0,0.0,0.0,25.925,14.808,72.458,20.67,955.0,0.67826,0,0,background_non_event,24.33721708701945,94.59452674920391,2016-02-13,2016,NASA COOLR/GLC,USGS SRTM 90m via Open Topo Data,Sentinel-2 L2A / Microsoft Planetary Computer,Open-Meteo ERA5-Land historical reanalysis
0.0,0.0,0.0,0.0,17.771,21.012,73.25,0.97,22.0,0.4313,0,1,observed_landslide,24.9007,91.8644,2016-02-16,2016,NASA COOLR/GLC,USGS SRTM 90m via Open Topo Data,NASA MODIS MOD13Q1.061 / Microsoft Planetary Computer,Open-Meteo ERA5-Land historical reanalysis
0.0,0.0,0.0,0.0,20.742,23.021,70.958,7.32,108.0,0.64393,0,0,background_non_event,24.32962931579389,92.67080404389058,2016-02-17,2016,NASA COOLR/GLC,USGS SRTM 90m via Open Topo Data,Sentinel-2 L2A / Microsoft Planetary Computer,Open-Meteo ERA5-Land historical reanalysis
0.0,0.0,0.0,0.0,45.16,19.287,78.708,31.7,457.0,0.8311,0,0,background_non_event,26.059564721763884,97.27493344809432,2016-02-17,2016,NASA COOLR/GLC,USGS SRTM 90m via Open Topo Data,NASA MODIS MOD13Q1.061 / Microsoft Planetary Computer,Open-Meteo ERA5-Land historical reanalysis
0.0,0.0,0.0,0.0,35.121,16.208,80.333,27.44,601.0,0.72239,0,0,background_non_event,27.561064879817916,94.342939479468,2016-02-17,2016,NASA COOLR/GLC,USGS SRTM 90m via Open Topo Data,Sentinel-2 L2A / Microsoft Planetary Computer,Open-Meteo ERA5-Land historical reanalysis
0.0,0.0,0.0,0.0,47.887,19.025,84.917,1.5,112.0,0.39344,0,0,background_non_event,26.40892775674553,93.91069376689728,2016-02-18,2016,NASA COOLR/GLC,USGS SRTM 90m via Open Topo Data,Sentinel-2 L2A / Microsoft Planetary Computer,Open-Meteo ERA5-Land historical reanalysis
0.0,0.0,0.0,0.0,27.525,-11.433,78.0,31.99,5373.0,-0.0588,0,0,background_non_event,29.630592221791332,97.0741478021339,2016-02-19,2016,NASA COOLR/GLC,USGS SRTM 90m via Open Topo Data,NASA MODIS MOD13Q1.061 / Microsoft Planetary Computer,Open-Meteo ERA5-Land historical reanalysis
0.0,0.0,0.0,0.0,30.633,18.392,66.125,5.94,663.0,0.54592,0,0,background_non_event,25.51748377469974,90.93376429053507,2016-02-24,2016,NASA COOLR/GLC,USGS SRTM 90m via Open Topo Data,Sentinel-2 L2A / Microsoft Planetary Computer,Open-Meteo ERA5-Land historical reanalysis
0.0,0.0,0.0,0.0,37.654,18.583,89.25,1.04,19.0,0.4252,1,1,observed_landslide,25.1622,92.0104,2016-02-25,2016,NASA COOLR/GLC,USGS SRTM 90m via Open Topo Data,NASA MODIS MOD13Q1.061 / Microsoft Planetary Computer,Open-Meteo ERA5-Land historical reanalysis
0.0,0.0,0.0,0.0,42.921,21.442,75.625,7.85,163.0,0.37212,0,0,background_non_event,25.766124539792216,92.73413210937639,2016-03-01,2016,NASA COOLR/GLC,USGS SRTM 90m via Open Topo Data,Sentinel-2 L2A / Microsoft Planetary Computer,Open-Meteo ERA5-Land historical reanalysis
0.0,0.0,0.0,0.0,31.1,-15.567,78.958,28.65,4144.0,0.6255,0,0,background_non_event,29.220032108314967,97.20804054664256,2016-03-01,2016,NASA COOLR/GLC,USGS SRTM 90m via Open Topo Data,NASA MODIS MOD13Q1.061 / Microsoft Planetary Computer,Open-Meteo ERA5-Land historical reanalysis
0.0,0.0,0.0,0.0,48.306,19.842,84.458,19.17,602.0,0.57953,0,0,background_non_event,26.342180575572137,93.51542285463906,2016-03-07,2016,NASA COOLR/GLC,USGS SRTM 90m via Open Topo Data,Sentinel-2 L2A / Microsoft Planetary Computer,Open-Meteo ERA5-Land historical reanalysis
0.0,0.0,0.0,0.0,38.056,-11.496,77.417,43.63,4747.0,0.3351,0,0,background_non_event,29.21470983191755,92.56382430698596,2016-03-07,2016,NASA COOLR/GLC,USGS SRTM 90m via Open Topo Data,NASA MODIS MOD13Q1.061 / Microsoft Planetary Computer,Open-Meteo ERA5-Land historical reanalysis
0.0,0.0,0.0,0.0,18.252,21.546,60.667,9.13,622.0,0.68889,0,0,background_non_event,24.751376068059827,94.64940310995857,2016-03-08,2016,NASA COOLR/GLC,USGS SRTM 90m via Open Topo Data,Sentinel-2 L2A / Microsoft Planetary Computer,Open-Meteo ERA5-Land historical reanalysis
0.0,0.0,0.0,0.0,11.944,26.808,69.458,1.35,39.0,0.6226,0,0,background_non_event,22.99197949969186,92.18651673138375,2016-03-09,2016,NASA COOLR/GLC,USGS SRTM 90m via Open Topo Data,NASA MODIS MOD13Q1.061 / Microsoft Planetary Computer,Open-Meteo ERA5-Land historical reanalysis
0.0,0.0,0.0,0.0,33.758,19.438,86.083,28.15,766.0,0.5859,0,0,background_non_event,25.13145059122028,93.36504744318857,2016-03-09,2016,NASA COOLR/GLC,USGS SRTM 90m via Open Topo Data,Sentinel-2 L2A / Microsoft Planetary Computer,Open-Meteo ERA5-Land historical reanalysis
0.0,0.0,0.0,0.0,38.475,-6.004,77.208,6.45,4338.0,0.25533,0,0,background_non_event,29.540789671563793,93.72356302977016,2016-03-10,2016,NASA COOLR/GLC,USGS SRTM 90m via Open Topo Data,Sentinel-2 L2A / Microsoft Planetary Computer,Open-Meteo ERA5-Land historical reanalysis
0.0,0.0,0.0,0.0,22.708,28.258,74.042,0.79,8.0,0.4525,0,0,background_non_event,22.71271359668661,88.35049451757004,2016-03-11,2016,NASA COOLR/GLC,USGS SRTM 90m via Open Topo Data,NASA MODIS MOD13Q1.061 / Microsoft Planetary Computer,Open-Meteo ERA5-Land historical reanalysis
0.0,0.0,0.0,0.0,29.577,26.633,64.583,1.11,10.0,0.64739,0,0,background_non_event,24.00549940262314,90.57856609276627,2016-03-23,2016,NASA COOLR/GLC,USGS SRTM 90m via Open Topo Data,Sentinel-2 L2A / Microsoft Planetary Computer,Open-Meteo ERA5-Land historical reanalysis
0.0,0.0,0.0,0.0,38.16,21.454,72.667,10.44,308.0,0.26204,0,0,background_non_event,25.690171008066788,93.25811506016699,2016-03-23,2016,NASA COOLR/GLC,USGS SRTM 90m via Open Topo Data,Sentinel-2 L2A / Microsoft Planetary Computer,Open-Meteo ERA5-Land historical reanalysis
0.0,0.0,0.0,0.0,28.998,28.104,34.958,14.43,422.0,0.61452,0,0,background_non_event,24.822394304912013,95.66198866800035,2016-03-26,2016,NASA COOLR/GLC,USGS SRTM 90m via Open Topo Data,Sentinel-2 L2A / Microsoft Planetary Computer,Open-Meteo ERA5-Land historical reanalysis
0.0,0.0,0.0,0.0,16.715,17.767,58.583,28.67,1821.0,0.6905,0,0,background_non_event,23.494661745758,93.62182589950187,2016-03-27,2016,NASA COOLR/GLC,USGS SRTM 90m via Open Topo Data,NASA MODIS MOD13Q1.061 / Microsoft Planetary Computer,Open-Meteo ERA5-Land historical reanalysis
0.0,0.0,0.0,0.0,26.935,26.45,55.292,0.83,129.0,0.348,0,0,background_non_event,24.829780670176813,94.95414512124097,2016-04-01,2016,NASA COOLR/GLC,USGS SRTM 90m via Open Topo Data,NASA MODIS MOD13Q1.061 / Microsoft Planetary Computer,Open-Meteo ERA5-Land historical reanalysis
0.0,0.0,0.0,0.0,41.781,10.404,89.5,19.66,2002.0,0.4103,0,0,background_non_event,27.56813399123483,93.91991769966377,2016-04-01,2016,NASA COOLR/GLC,USGS SRTM 90m via Open Topo Data,NASA MODIS MOD13Q1.061 / Microsoft Planetary Computer,Open-Meteo ERA5-Land historical reanalysis
0.0,0.0,0.0,0.0,39.008,-8.221,77.708,8.22,5073.0,0.01039,0,0,background_non_event,29.553271836247532,92.18057156499746,2016-04-01,2016,NASA COOLR/GLC,USGS SRTM 90m via Open Topo Data,Sentinel-2 L2A / Microsoft Planetary Computer,Open-Meteo ERA5-Land historical reanalysis
0.0,0.0,0.0,0.0,39.76,21.267,82.0,13.21,396.0,0.08904,1,1,observed_landslide,25.6219,96.2887,2016-04-02,2016,NASA COOLR/GLC,USGS SRTM 90m via Open Topo Data,Sentinel-2 L2A / Microsoft Planetary Computer,Open-Meteo ERA5-Land historical reanalysis
0.0,0.0,0.0,0.0,35.86,20.787,83.208,12.75,914.0,0.6273,0,0,background_non_event,24.329047422778284,93.83689909203815,2016-04-03,2016,NASA COOLR/GLC,USGS SRTM 90m via Open Topo Data,NASA MODIS MOD13Q1.061 / Microsoft Planetary Computer,Open-Meteo ERA5-Land historical reanalysis
0.0,0.0,0.0,0.0,24.285,25.254,81.75,0.78,70.0,0.7534,0,0,background_non_event,26.25738627554182,88.58446546481312,2016-04-04,2016,NASA COOLR/GLC,USGS SRTM 90m via Open Topo Data,NASA MODIS MOD13Q1.061 / Microsoft Planetary Computer,Open-Meteo ERA5-Land historical reanalysis
0.0,0.0,0.0,0.0,35.517,30.383,73.167,1.59,13.0,0.56766,0,0,background_non_event,23.460785232902694,89.39816041580164,2016-04-07,2016,NASA COOLR/GLC,USGS SRTM 90m via Open Topo Data,Sentinel-2 L2A / Microsoft Planetary Computer,Open-Meteo ERA5-Land historical reanalysis
0.0,0.0,0.0,0.0,31.733,29.158,56.5,16.65,210.0,0.6243,0,0,background_non_event,23.89522066671342,96.21576989926275,2016-04-08,2016,NASA COOLR/GLC,USGS SRTM 90m via Open Topo Data,NASA MODIS MOD13Q1.061 / Microsoft Planetary Computer,Open-Meteo ERA5-Land historical reanalysis
0.0,0.0,0.0,0.0,31.452,29.092,48.083,9.44,367.0,0.63088,0,0,background_non_event,24.44094723174122,95.76569344483627,2016-04-09,2016,NASA COOLR/GLC,USGS SRTM 90m via Open Topo Data,Sentinel-2 L2A / Microsoft Planetary Computer,Open-Meteo ERA5-Land historical reanalysis
0.0,0.0,0.0,0.0,19.419,5.475,25.458,19.39,4087.0,0.1083,0,0,background_non_event,29.06734283806159,88.69806765162136,2016-04-13,2016,NASA COOLR/GLC,USGS SRTM 90m via Open Topo Data,NASA MODIS MOD13Q1.061 / Microsoft Planetary Computer,Open-Meteo ERA5-Land historical reanalysis
0.0,0.0,0.0,0.0,16.306,29.475,66.417,3.17,49.0,0.42698,0,0,background_non_event,22.391081005260023,92.19980497985566,2016-04-19,2016,NASA COOLR/GLC,USGS SRTM 90m via Open Topo Data,Sentinel-2 L2A / Microsoft Planetary Computer,Open-Meteo ERA5-Land historical reanalysis
0.0,0.0,0.0,0.0,27.0,-9.95,90.0,40.92,5314.0,-0.0385,0,0,background_non_event,29.47595195546209,96.57251499359742,2016-04-19,2016,NASA COOLR/GLC,USGS SRTM 90m via Open Topo Data,NASA MODIS MOD13Q1.061 / Microsoft Planetary Computer,Open-Meteo ERA5-Land historical reanalysis
0.0,0.0,0.0,0.0,48.971,19.054,94.417,5.59,693.0,0.3494,0,1,observed_landslide,26.7223,95.0243,2016-04-19,2016,NASA COOLR/GLC,USGS SRTM 90m via Open Topo Data,NASA MODIS MOD13Q1.061 / Microsoft Planetary Computer,Open-Meteo ERA5-Land historical reanalysis
0.0,0.0,0.0,0.0,42.898,16.258,91.125,25.08,1468.0,0.5049,1,0,background_non_event,27.57968985996244,88.40506266372893,2016-04-22,2016,NASA COOLR/GLC,USGS SRTM 90m via Open Topo Data,NASA MODIS MOD13Q1.061 / Microsoft Planetary Computer,Open-Meteo ERA5-Land historical reanalysis
0.0,0.0,0.0,0.0,42.806,11.383,93.417,26.27,2401.0,0.73943,0,1,observed_landslide,27.5523,91.752,2016-04-22,2016,NASA COOLR/GLC,USGS SRTM 90m via Open Topo Data,Sentinel-2 L2A / Microsoft Planetary Computer,Open-Meteo ERA5-Land historical reanalysis
0.0,0.0,0.0,0.0,42.723,9.125,90.958,22.43,2757.0,0.32018,0,1,observed_landslide,27.5799,91.8569,2016-04-22,2016,NASA COOLR/GLC,USGS SRTM 90m via Open Topo Data,Sentinel-2 L2A / Microsoft Planetary Computer,Open-Meteo ERA5-Land historical reanalysis
0.0,0.0,0.0,0.0,27.444,32.742,49.042,0.54,131.0,0.17192,0,0,background_non_event,22.289455723317964,94.93064050873174,2016-04-24,2016,NASA COOLR/GLC,USGS SRTM 90m via Open Topo Data,Sentinel-2 L2A / Microsoft Planetary Computer,Open-Meteo ERA5-Land historical reanalysis
0.0,0.0,0.0,0.0,30.95,-8.475,87.708,29.72,5410.0,-0.07697,0,0,background_non_event,29.548972665650346,97.20707059537496,2016-04-24,2016,NASA COOLR/GLC,USGS SRTM 90m via Open Topo Data,Sentinel-2 L2A / Microsoft Planetary Computer,Open-Meteo ERA5-Land historical reanalysis
0.0,0.0,0.0,0.0,33.458,28.942,61.958,7.98,279.0,0.9118,0,0,background_non_event,25.09783154827255,95.88727963567695,2016-04-29,2016,NASA COOLR/GLC,USGS SRTM 90m via Open Topo Data,NASA MODIS MOD13Q1.061 / Microsoft Planetary Computer,Open-Meteo ERA5-Land historical reanalysis
0.0,0.0,0.0,0.0,48.688,22.475,91.917,1.06,157.0,0.7899,0,0,background_non_event,26.129823656114407,93.74364678245666,2016-04-30,2016,NASA COOLR/GLC,USGS SRTM 90m via Open Topo Data,NASA MODIS MOD13Q1.061 / Microsoft Planetary Computer,Open-Meteo ERA5-Land historical reanalysis
0.0,0.0,0.0,0.0,42.373,14.279,82.875,33.74,1924.0,0.851,0,0,background_non_event,27.68541868948641,91.09708735330338,2016-05-01,2016,NASA COOLR/GLC,USGS SRTM 90m via Open Topo Data,NASA MODIS MOD13Q1.061 / Microsoft Planetary Computer,Open-Meteo ERA5-Land historical reanalysis
0.0,0.0,0.0,0.0,42.077,20.604,75.375,18.19,576.0,0.77033,0,1,observed_landslide,28.0822,96.5316,2016-05-01,2016,NASA COOLR/GLC,USGS SRTM 90m via Open Topo Data,Sentinel-2 L2A / Microsoft Planetary Computer,Open-Meteo ERA5-Land historical reanalysis
0.0,0.0,0.0,0.0,25.373,27.425,75.417,1.69,32.0,0.23284,0,0,background_non_event,25.14118981078508,88.38085427665273,2016-05-05,2016,NASA COOLR/GLC,USGS SRTM 90m via Open Topo Data,Sentinel-2 L2A / Microsoft Planetary Computer,Open-Meteo ERA5-Land historical reanalysis
0.0,0.0,0.0,0.0,37.421,26.6,71.667,20.82,565.0,0.83099,0,0,background_non_event,26.08056043869727,97.01328158368965,2016-05-12,2016,NASA COOLR/GLC,USGS SRTM 90m via Open Topo Data,Sentinel-2 L2A / Microsoft Planetary Computer,Open-Meteo ERA5-Land historical reanalysis
0.0,0.0,0.0,0.0,42.673,24.713,92.542,6.79,95.0,0.7097,0,1,observed_landslide,24.4638,92.4943,2016-05-18,2016,NASA COOLR/GLC,USGS SRTM 90m via Open Topo Data,NASA MODIS MOD13Q1.061 / Microsoft Planetary Computer,Open-Meteo ERA5-Land historical reanalysis
0.0,0.0,0.0,0.0,42.433,25.417,91.833,0.91,44.0,0.6579,0,1,observed_landslide,24.5202,92.7239,2016-05-18,2016,NASA COOLR/GLC,USGS SRTM 90m via Open Topo Data,NASA MODIS MOD13Q1.061 / Microsoft Planetary Computer,Open-Meteo ERA5-Land historical reanalysis
0.0,0.0,0.0,0.0,42.433,25.417,91.833,1.09,46.0,0.6009,0,1,observed_landslide,24.5204,92.7264,2016-05-18,2016,NASA COOLR/GLC,USGS SRTM 90m via Open Topo Data,NASA MODIS MOD13Q1.061 / Microsoft Planetary Computer,Open-Meteo ERA5-Land historical reanalysis
0.0,0.0,0.0,0.0,42.673,24.863,92.542,6.5,68.0,0.8267,0,1,observed_landslide,24.5308,92.5121,2016-05-18,2016,NASA COOLR/GLC,USGS SRTM 90m via Open Topo Data,NASA MODIS MOD13Q1.061 / Microsoft Planetary Computer,Open-Meteo ERA5-Land historical reanalysis
0.0,0.0,0.0,0.0,41.842,25.713,87.917,9.29,43.0,0.792,0,1,observed_landslide,22.6239,91.6743,2016-05-21,2016,NASA COOLR/GLC,USGS SRTM 90m via Open Topo Data,NASA MODIS MOD13Q1.061 / Microsoft Planetary Computer,Open-Meteo ERA5-Land historical reanalysis
0.0,0.0,0.0,0.0,47.152,25.058,84.792,7.78,379.0,0.04745,2,1,observed_landslide,25.6127,96.2961,2016-05-23,2016,NASA COOLR/GLC,USGS SRTM 90m via Open Topo Data,Sentinel-2 L2A / Microsoft Planetary Computer,Open-Meteo ERA5-Land historical reanalysis
0.0,0.0,0.0,0.0,48.979,23.825,92.042,5.92,288.0,0.82148,0,0,background_non_event,26.736899073710703,96.52799106903082,2016-05-25,2016,NASA COOLR/GLC,USGS SRTM 90m via Open Topo Data,Sentinel-2 L2A / Microsoft Planetary Computer,Open-Meteo ERA5-Land historical reanalysis
0.0,0.0,0.0,0.0,36.962,17.533,80.583,21.21,1729.0,0.9115,0,0,background_non_event,23.134618683964945,93.29920650856103,2016-05-26,2016,NASA COOLR/GLC,USGS SRTM 90m via Open Topo Data,NASA MODIS MOD13Q1.061 / Microsoft Planetary Computer,Open-Meteo ERA5-Land historical reanalysis
0.0,0.0,0.0,0.0,36.712,29.367,82.375,1.03,11.0,0.8227,0,0,background_non_event,22.85372833737442,90.17298107278958,2016-05-27,2016,NASA COOLR/GLC,USGS SRTM 90m via Open Topo Data,NASA MODIS MOD13Q1.061 / Microsoft Planetary Computer,Open-Meteo ERA5-Land historical reanalysis
0.0,0.0,0.0,0.0,39.321,28.812,83.5,0.64,7.0,0.6135,0,0,background_non_event,23.24057633820831,90.1869521739747,2016-05-27,2016,NASA COOLR/GLC,USGS SRTM 90m via Open Topo Data,NASA MODIS MOD13Q1.061 / Microsoft Planetary Computer,Open-Meteo ERA5-Land historical reanalysis
0.0,0.0,0.0,0.0,39.319,22.667,81.042,9.69,960.0,0.19,0,0,background_non_event,23.654105223351053,93.12801023891905,2016-05-27,2016,NASA COOLR/GLC,USGS SRTM 90m via Open Topo Data,NASA MODIS MOD13Q1.061 / Microsoft Planetary Computer,Open-Meteo ERA5-Land historical reanalysis
0.0,0.0,0.0,0.0,41.65,22.338,90.125,29.09,546.0,0.8676,0,0,background_non_event,27.06959072928799,91.36675156299783,2016-05-27,2016,NASA COOLR/GLC,USGS SRTM 90m via Open Topo Data,NASA MODIS MOD13Q1.061 / Microsoft Planetary Computer,Open-Meteo ERA5-Land historical reanalysis
0.0,0.0,0.0,0.0,42.125,17.367,88.958,23.41,1548.0,0.2221,0,0,background_non_event,28.165389245706884,93.26555199636257,2016-05-29,2016,NASA COOLR/GLC,USGS SRTM 90m via Open Topo Data,NASA MODIS MOD13Q1.061 / Microsoft Planetary Computer,Open-Meteo ERA5-Land historical reanalysis
0.0,0.0,0.0,0.0,46.471,25.383,79.958,22.61,609.0,0.743,0,0,background_non_event,21.94909731922201,94.2987554815518,2016-06-01,2016,NASA COOLR/GLC,USGS SRTM 90m via Open Topo Data,NASA MODIS MOD13Q1.061 / Microsoft Planetary Computer,Open-Meteo ERA5-Land historical reanalysis
0.0,0.0,0.0,0.0,49.413,24.271,94.875,23.74,498.0,0.5133,0,0,background_non_event,23.659126973561754,97.30769653097568,2016-06-01,2016,NASA COOLR/GLC,USGS SRTM 90m via Open Topo Data,NASA MODIS MOD13Q1.061 / Microsoft Planetary Computer,Open-Meteo ERA5-Land historical reanalysis
0.0,0.0,0.0,0.0,34.935,5.033,30.667,7.94,4824.0,0.1808,0,0,background_non_event,28.66203503358207,92.03550253842653,2016-06-02,2016,NASA COOLR/GLC,USGS SRTM 90m via Open Topo Data,NASA MODIS MOD13Q1.061 / Microsoft Planetary Computer,Open-Meteo ERA5-Land historical reanalysis
0.0,0.0,0.0,0.0,38.865,23.583,86.0,13.01,795.0,0.4508,0,0,background_non_event,21.94188904143292,93.79520755267298,2016-06-03,2016,NASA COOLR/GLC,USGS SRTM 90m via Open Topo Data,NASA MODIS MOD13Q1.061 / Microsoft Planetary Computer,Open-Meteo ERA5-Land historical reanalysis
0.0,0.0,0.0,0.0,43.244,25.475,95.208,1.17,3.0,0.4499,1,0,background_non_event,22.446512806728464,91.85314959571824,2016-06-09,2016,NASA COOLR/GLC,USGS SRTM 90m via Open Topo Data,NASA MODIS MOD13Q1.061 / Microsoft Planetary Computer,Open-Meteo ERA5-Land historical reanalysis
0.0,0.0,0.0,0.0,46.992,28.05,81.375,0.99,67.0,0.2487,0,0,background_non_event,21.827107440274304,95.52730642094066,2016-06-12,2016,NASA COOLR/GLC,USGS SRTM 90m via Open Topo Data,NASA MODIS MOD13Q1.061 / Microsoft Planetary Computer,Open-Meteo ERA5-Land historical reanalysis
0.0,0.0,0.0,0.0,38.017,28.417,90.417,0.0,0.0,0.0333,0,0,background_non_event,22.519296850403578,90.65677332255113,2016-06-12,2016,NASA COOLR/GLC,USGS SRTM 90m via Open Topo Data,NASA MODIS MOD13Q1.061 / Microsoft Planetary Computer,Open-Meteo ERA5-Land historical reanalysis
0.0,0.0,0.0,0.0,41.8,18.017,90.583,20.12,1996.0,0.4789,0,0,background_non_event,27.19330609848557,90.59886696060346,2016-06-12,2016,NASA COOLR/GLC,USGS SRTM 90m via Open Topo Data,NASA MODIS MOD13Q1.061 / Microsoft Planetary Computer,Open-Meteo ERA5-Land historical reanalysis
0.0,0.0,0.0,0.0,48.794,23.242,87.042,23.93,772.0,0.14197,0,1,observed_landslide,26.1677,94.2442,2016-06-12,2016,NASA COOLR/GLC,USGS SRTM 90m via Open Topo Data,Sentinel-2 L2A / Microsoft Planetary Computer,Open-Meteo ERA5-Land historical reanalysis
0.0,0.0,0.0,0.0,42.446,19.596,94.542,26.4,1698.0,0.0987,0,1,observed_landslide,27.6438,93.871,2016-06-12,2016,NASA COOLR/GLC,USGS SRTM 90m via Open Topo Data,NASA MODIS MOD13Q1.061 / Microsoft Planetary Computer,Open-Meteo ERA5-Land historical reanalysis
0.0,0.0,0.0,0.0,47.538,24.183,98.208,9.32,407.0,0.2313,0,0,background_non_event,25.760078398684684,97.34649509594274,2016-06-14,2016,NASA COOLR/GLC,USGS SRTM 90m via Open Topo Data,NASA MODIS MOD13Q1.061 / Microsoft Planetary Computer,Open-Meteo ERA5-Land historical reanalysis
0.0,0.0,0.0,0.0,47.683,21.85,87.167,12.3,1167.0,0.2405,1,1,observed_landslide,26.3185,94.5247,2016-06-14,2016,NASA COOLR/GLC,USGS SRTM 90m via Open Topo Data,NASA MODIS MOD13Q1.061 / Microsoft Planetary Computer,Open-Meteo ERA5-Land historical reanalysis
0.0,0.0,0.0,0.0,13.548,3.629,91.375,5.65,5058.0,0.1182,0,0,background_non_event,28.28052773848608,89.96976162902303,2016-06-15,2016,NASA COOLR/GLC,USGS SRTM 90m via Open Topo Data,NASA MODIS MOD13Q1.061 / Microsoft Planetary Computer,Open-Meteo ERA5-Land historical reanalysis
0.0,0.0,0.0,0.0,24.333,5.596,72.917,31.24,5266.0,0.1959,0,0,background_non_event,28.558794510404077,88.66505128795586,2016-06-18,2016,NASA COOLR/GLC,USGS SRTM 90m via Open Topo Data,NASA MODIS MOD13Q1.061 / Microsoft Planetary Computer,Open-Meteo ERA5-Land historical reanalysis
0.0,0.0,0.0,0.0,48.131,26.454,90.917,10.21,130.0,0.44241,0,1,observed_landslide,26.1961,91.7825,2016-06-22,2016,NASA COOLR/GLC,USGS SRTM 90m via Open Topo Data,Sentinel-2 L2A / Microsoft Planetary Computer,Open-Meteo ERA5-Land historical reanalysis
0.0,0.0,0.0,0.0,42.348,26.229,91.625,0.74,43.0,0.59223,0,0,background_non_event,26.380659763466923,91.05903281322165,2016-06-23,2016,NASA COOLR/GLC,USGS SRTM 90m via Open Topo Data,Sentinel-2 L2A / Microsoft Planetary Computer,Open-Meteo ERA5-Land historical reanalysis
0.0,0.0,0.0,0.0,38.496,25.625,89.125,24.1,458.0,0.5451,0,0,background_non_event,26.86213358268891,90.03487011582335,2016-06-27,2016,NASA COOLR/GLC,USGS SRTM 90m via Open Topo Data,NASA MODIS MOD13Q1.061 / Microsoft Planetary Computer,Open-Meteo ERA5-Land historical reanalysis
0.0,0.0,0.0,0.0,41.596,6.975,84.75,4.64,4986.0,0.2428,0,0,background_non_event,29.62205554016716,88.37618380616553,2016-06-29,2016,NASA COOLR/GLC,USGS SRTM 90m via Open Topo Data,NASA MODIS MOD13Q1.061 / Microsoft Planetary Computer,Open-Meteo ERA5-Land historical reanalysis
0.0,0.0,0.0,0.0,48.783,22.3,88.208,12.65,1095.0,0.2377,0,0,background_non_event,22.93287376122842,96.85523215497722,2016-07-01,2016,NASA COOLR/GLC,USGS SRTM 90m via Open Topo Data,NASA MODIS MOD13Q1.061 / Microsoft Planetary Computer,Open-Meteo ERA5-Land historical reanalysis
0.0,0.0,0.0,0.0,49.275,22.95,89.167,14.78,1330.0,0.8266,0,0,background_non_event,25.624328018980005,91.29609167421198,2016-07-01,2016,NASA COOLR/GLC,USGS SRTM 90m via Open Topo Data,NASA MODIS MOD13Q1.061 / Microsoft Planetary Computer,Open-Meteo ERA5-Land historical reanalysis
0.0,0.0,0.0,0.0,42.9,15.771,97.75,20.25,2134.0,0.4178,0,0,background_non_event,28.60926811362599,95.56977832362803,2016-07-01,2016,NASA COOLR/GLC,USGS SRTM 90m via Open Topo Data,NASA MODIS MOD13Q1.061 / Microsoft Planetary Computer,Open-Meteo ERA5-Land historical reanalysis
0.0,0.0,0.0,0.0,45.721,25.05,96.708,3.88,222.0,0.6845,0,1,observed_landslide,27.0136,92.6351,2016-07-01,2016,NASA COOLR/GLC,USGS SRTM 90m via Open Topo Data,NASA MODIS MOD13Q1.061 / Microsoft Planetary Computer,Open-Meteo ERA5-Land historical reanalysis
0.0,0.0,0.0,0.0,39.821,28.521,83.25,0.37,12.0,0.2943,0,0,background_non_event,25.058095860974078,90.50668461633427,2016-07-07,2016,NASA COOLR/GLC,USGS SRTM 90m via Open Topo Data,NASA MODIS MOD13Q1.061 / Microsoft Planetary Computer,Open-Meteo ERA5-Land historical reanalysis
0.0,0.0,0.0,0.0,41.552,21.625,90.375,9.89,1390.0,0.4092,0,1,observed_landslide,25.0118,94.3136,2016-07-07,2016,NASA COOLR/GLC,USGS SRTM 90m via Open Topo Data,NASA MODIS MOD13Q1.061 / Microsoft Planetary Computer,Open-Meteo ERA5-Land historical reanalysis
0.0,0.0,0.0,0.0,47.894,26.479,90.667,5.12,189.0,0.7745,1,1,observed_landslide,25.9611,91.3681,2016-07-07,2016,NASA COOLR/GLC,USGS SRTM 90m via Open Topo Data,NASA MODIS MOD13Q1.061 / Microsoft Planetary Computer,Open-Meteo ERA5-Land historical reanalysis
0.0,0.0,0.0,0.0,48.802,26.358,91.625,14.42,124.0,0.8593,0,0,background_non_event,25.21796685998611,91.01161995994212,2016-07-10,2016,NASA COOLR/GLC,USGS SRTM 90m via Open Topo Data,NASA MODIS MOD13Q1.061 / Microsoft Planetary Computer,Open-Meteo ERA5-Land historical reanalysis
0.0,0.0,0.0,0.0,48.81,28.438,82.292,0.54,130.0,0.8068,0,0,background_non_event,27.66645769411134,95.5222378648858,2016-07-10,2016,NASA COOLR/GLC,USGS SRTM 90m via Open Topo Data,NASA MODIS MOD13Q1.061 / Microsoft Planetary Computer,Open-Meteo ERA5-Land historical reanalysis
0.0,0.0,0.0,0.0,49.025,21.171,92.208,12.08,1288.0,0.7663,1,1,observed_landslide,25.7902,94.1318,2016-07-10,2016,NASA COOLR/GLC,USGS SRTM 90m via Open Topo Data,NASA MODIS MOD13Q1.061 / Microsoft Planetary Computer,Open-Meteo ERA5-Land historical reanalysis
0.0,0.0,0.0,0.0,48.698,23.079,91.958,17.38,1164.0,0.2731,2,1,observed_landslide,26.1699,94.4922,2016-07-11,2016,NASA COOLR/GLC,USGS SRTM 90m via Open Topo Data,NASA MODIS MOD13Q1.061 / Microsoft Planetary Computer,Open-Meteo ERA5-Land historical reanalysis
0.0,0.0,0.0,0.0,41.115,9.642,80.583,11.96,4494.0,0.2553,0,0,background_non_event,28.607228394649205,89.39733054253958,2016-07-12,2016,NASA COOLR/GLC,USGS SRTM 90m via Open Topo Data,NASA MODIS MOD13Q1.061 / Microsoft Planetary Computer,Open-Meteo ERA5-Land historical reanalysis
0.0,0.0,0.0,0.0,49.046,26.079,94.708,2.8,270.0,0.5605,3,1,observed_landslide,25.6566,96.3495,2016-07-12,2016,NASA COOLR/GLC,USGS SRTM 90m via Open Topo Data,NASA MODIS MOD13Q1.061 / Microsoft Planetary Computer,Open-Meteo ERA5-Land historical reanalysis
0.0,0.0,0.0,0.0,42.129,27.246,89.625,0.66,13.0,0.4628,0,0,background_non_event,24.785385249036295,90.39843074832847,2016-07-13,2016,NASA COOLR/GLC,USGS SRTM 90m via Open Topo Data,NASA MODIS MOD13Q1.061 / Microsoft Planetary Computer,Open-Meteo ERA5-Land historical reanalysis
0.0,0.0,0.0,0.0,41.442,26.988,89.375,1.47,13.0,0.6195,1,0,background_non_event,22.313165282158657,92.01173965203334,2016-07-14,2016,NASA COOLR/GLC,USGS SRTM 90m via Open Topo Data,NASA MODIS MOD13Q1.061 / Microsoft Planetary Computer,Open-Meteo ERA5-Land historical reanalysis
0.0,0.0,0.0,0.0,41.977,17.1,81.792,0.58,2926.0,0.2857,0,0,background_non_event,29.425786935514136,94.46039234420327,2016-07-14,2016,NASA COOLR/GLC,USGS SRTM 90m via Open Topo Data,NASA MODIS MOD13Q1.061 / Microsoft Planetary Computer,Open-Meteo ERA5-Land historical reanalysis
0.0,0.0,0.0,0.0,49.002,27.421,91.25,21.08,96.0,0.62274,2,1,observed_landslide,26.1768,91.7702,2016-07-14,2016,NASA COOLR/GLC,USGS SRTM 90m via Open Topo Data,Sentinel-2 L2A / Microsoft Planetary Computer,Open-Meteo ERA5-Land historical reanalysis
0.0,0.0,0.0,0.0,49.002,26.971,91.208,9.65,173.0,0.85322,1,1,observed_landslide,26.1963,91.8074,2016-07-14,2016,NASA COOLR/GLC,USGS SRTM 90m via Open Topo Data,Sentinel-2 L2A / Microsoft Planetary Computer,Open-Meteo ERA5-Land historical reanalysis
0.0,0.0,0.0,0.0,39.563,10.221,68.458,23.53,4593.0,0.6476,0,0,background_non_event,29.13437665604182,89.79442830039451,2016-07-15,2016,NASA COOLR/GLC,USGS SRTM 90m via Open Topo Data,NASA MODIS MOD13Q1.061 / Microsoft Planetary Computer,Open-Meteo ERA5-Land historical reanalysis
0.0,0.0,0.0,0.0,45.773,22.988,97.375,27.89,726.0,0.7948,1,1,observed_landslide,27.3034,93.804,2016-07-16,2016,NASA COOLR/GLC,USGS SRTM 90m via Open Topo Data,NASA MODIS MOD13Q1.061 / Microsoft Planetary Computer,Open-Meteo ERA5-Land historical reanalysis
0.0,0.0,0.0,0.0,39.888,5.913,82.458,25.9,5281.0,0.2296,0,0,background_non_event,28.573438442098016,88.76893915828816,2016-07-19,2016,NASA COOLR/GLC,USGS SRTM 90m via Open Topo Data,NASA MODIS MOD13Q1.061 / Microsoft Planetary Computer,Open-Meteo ERA5-Land historical reanalysis
0.0,0.0,0.0,0.0,47.756,25.1,98.083,18.7,139.0,0.665,0,1,observed_landslide,25.203,90.5573,2016-07-19,2016,NASA COOLR/GLC,USGS SRTM 90m via Open Topo Data,NASA MODIS MOD13Q1.061 / Microsoft Planetary Computer,Open-Meteo ERA5-Land historical reanalysis
0.0,0.0,0.0,0.0,48.735,25.829,93.875,21.13,181.0,0.7182,3,1,observed_landslide,26.09748244,91.8744337,2016-07-19,2016,NASA COOLR/GLC,USGS SRTM 90m via Open Topo Data,NASA MODIS MOD13Q1.061 / Microsoft Planetary Computer,Open-Meteo ERA5-Land historical reanalysis
0.0,0.0,0.0,0.0,42.838,25.713,94.167,34.25,309.0,0.9235,0,1,observed_landslide,28.235,94.9612,2016-07-19,2016,NASA COOLR/GLC,USGS SRTM 90m via Open Topo Data,NASA MODIS MOD13Q1.061 / Microsoft Planetary Computer,Open-Meteo ERA5-Land historical reanalysis
0.0,0.0,0.0,0.0,48.156,26.654,94.208,9.47,106.0,0.6515,4,1,observed_landslide,26.1966,91.802,2016-07-20,2016,NASA COOLR/GLC,USGS SRTM 90m via Open Topo Data,NASA MODIS MOD13Q1.061 / Microsoft Planetary Computer,Open-Meteo ERA5-Land historical reanalysis
0.0,0.0,0.0,0.0,42.844,19.417,99.792,23.6,2037.0,0.8427,1,1,observed_landslide,27.1176,88.1069,2016-07-20,2016,NASA COOLR/GLC,USGS SRTM 90m via Open Topo Data,NASA MODIS MOD13Q1.061 / Microsoft Planetary Computer,Open-Meteo ERA5-Land historical reanalysis
0.0,0.0,0.0,0.0,43.117,24.796,99.625,24.94,211.0,0.6649,2,1,observed_landslide,26.9015,88.4719,2016-07-21,2016,NASA COOLR/GLC,USGS SRTM 90m via Open Topo Data,NASA MODIS MOD13Q1.061 / Microsoft Planetary Computer,Open-Meteo ERA5-Land historical reanalysis
0.0,0.0,0.0,0.0,49.246,17.117,99.375,13.12,1705.0,0.58019,1,1,observed_landslide,25.48,94.1383,2016-07-25,2016,NASA COOLR/GLC,USGS SRTM 90m via Open Topo Data,Sentinel-2 L2A / Microsoft Planetary Computer,Open-Meteo ERA5-Land historical reanalysis
0.0,0.0,0.0,0.0,47.381,18.683,89.708,18.77,1711.0,0.56992,4,1,observed_landslide,26.0101,94.5282,2016-07-26,2016,NASA COOLR/GLC,USGS SRTM 90m via Open Topo Data,Sentinel-2 L2A / Microsoft Planetary Computer,Open-Meteo ERA5-Land historical reanalysis
0.0,0.0,0.0,0.0,42.823,21.279,99.542,27.03,1130.0,0.8167,3,1,observed_landslide,27.1027,88.1218,2016-07-26,2016,NASA COOLR/GLC,USGS SRTM 90m via Open Topo Data,NASA MODIS MOD13Q1.061 / Microsoft Planetary Computer,Open-Meteo ERA5-Land historical reanalysis
0.0,0.0,0.0,0.0,46.856,25.279,81.25,1.36,734.0,0.8361,0,0,background_non_event,21.751700237102398,97.15712672257968,2016-07-28,2016,NASA COOLR/GLC,USGS SRTM 90m via Open Topo Data,NASA MODIS MOD13Q1.061 / Microsoft Planetary Computer,Open-Meteo ERA5-Land historical reanalysis
0.0,0.0,0.0,0.0,46.104,14.525,91.25,46.68,2613.0,0.7129,1,0,background_non_event,27.847008732485335,96.63557520472533,2016-07-28,2016,NASA COOLR/GLC,USGS SRTM 90m via Open Topo Data,NASA MODIS MOD13Q1.061 / Microsoft Planetary Computer,Open-Meteo ERA5-Land historical reanalysis
0.0,0.0,0.0,0.0,41.231,19.242,86.208,19.91,1570.0,0.8335,0,1,observed_landslide,23.5397,93.3783,2016-07-28,2016,NASA COOLR/GLC,USGS SRTM 90m via Open Topo Data,NASA MODIS MOD13Q1.061 / Microsoft Planetary Computer,Open-Meteo ERA5-Land historical reanalysis
0.0,0.0,0.0,0.0,48.59,22.008,87.542,11.77,1140.0,0.2092,2,1,observed_landslide,25.8702,94.7844,2016-07-28,2016,NASA COOLR/GLC,USGS SRTM 90m via Open Topo Data,Sentinel-2 L2A / Microsoft Planetary Computer,Open-Meteo ERA5-Land historical reanalysis
0.0,0.0,0.0,0.0,42.129,13.783,96.0,11.08,2690.0,0.7549,2,1,observed_landslide,27.5748,91.8644,2016-07-28,2016,NASA COOLR/GLC,USGS SRTM 90m via Open Topo Data,NASA MODIS MOD13Q1.061 / Microsoft Planetary Computer,Open-Meteo ERA5-Land historical reanalysis
0.0,0.0,0.0,0.0,48.702,27.771,83.167,0.43,66.0,0.57979,0,0,background_non_event,26.005934556975983,92.70155626999117,2016-07-29,2016,NASA COOLR/GLC,USGS SRTM 90m via Open Topo Data,Sentinel-2 L2A / Microsoft Planetary Computer,Open-Meteo ERA5-Land historical reanalysis
0.0,0.0,0.0,0.0,42.183,28.113,85.292,0.74,14.0,0.453,0,0,background_non_event,24.661398409878966,88.95867946825093,2016-08-01,2016,NASA COOLR/GLC,USGS SRTM 90m via Open Topo Data,NASA MODIS MOD13Q1.061 / Microsoft Planetary Computer,Open-Meteo ERA5-Land historical reanalysis
0.0,0.0,0.0,0.0,42.287,7.167,86.667,41.62,4326.0,0.0428,0,0,background_non_event,29.01884516089729,96.36578378704397,2016-08-01,2016,NASA COOLR/GLC,USGS SRTM 90m via Open Topo Data,NASA MODIS MOD13Q1.061 / Microsoft Planetary Computer,Open-Meteo ERA5-Land historical reanalysis
0.0,0.0,0.0,0.0,46.033,29.7,75.875,3.29,26.0,0.7518,1,0,background_non_event,25.004677468794213,92.41169776337956,2016-08-02,2016,NASA COOLR/GLC,USGS SRTM 90m via Open Topo Data,NASA MODIS MOD13Q1.061 / Microsoft Planetary Computer,Open-Meteo ERA5-Land historical reanalysis
0.0,0.0,0.0,0.0,42.402,18.321,90.583,25.64,2299.0,0.85048,0,0,background_non_event,28.82529284173815,95.25411876406524,2016-08-05,2016,NASA COOLR/GLC,USGS SRTM 90m via Open Topo Data,Sentinel-2 L2A / Microsoft Planetary Computer,Open-Meteo ERA5-Land historical reanalysis
0.0,0.0,0.0,0.0,41.467,17.838,94.042,23.8,2405.0,0.84049,3,1,observed_landslide,27.5754,91.9754,2016-08-05,2016,NASA COOLR/GLC,USGS SRTM 90m via Open Topo Data,Sentinel-2 L2A / Microsoft Planetary Computer,Open-Meteo ERA5-Land historical reanalysis
0.0,0.0,0.0,0.0,40.652,24.892,87.25,24.07,634.0,0.2304,3,1,observed_landslide,26.7903,88.11,2016-08-09,2016,NASA COOLR/GLC,USGS SRTM 90m via Open Topo Data,NASA MODIS MOD13Q1.061 / Microsoft Planetary Computer,Open-Meteo ERA5-Land historical reanalysis
0.0,0.0,0.0,0.0,40.652,25.492,87.292,18.55,548.0,0.5325,3,1,observed_landslide,26.7973,88.1389,2016-08-09,2016,NASA COOLR/GLC,USGS SRTM 90m via Open Topo Data,NASA MODIS MOD13Q1.061 / Microsoft Planetary Computer,Open-Meteo ERA5-Land historical reanalysis
0.0,0.0,0.0,0.0,49.152,27.654,86.125,1.83,199.0,0.5828,1,0,background_non_event,27.864564830118745,96.15334034782595,2016-08-14,2016,NASA COOLR/GLC,USGS SRTM 90m via Open Topo Data,NASA MODIS MOD13Q1.061 / Microsoft Planetary Computer,Open-Meteo ERA5-Land historical reanalysis
0.0,0.0,0.0,0.0,47.631,27.142,90.875,2.62,177.0,0.7106,0,0,background_non_event,25.195612259508028,95.70860471214915,2016-08-16,2016,NASA COOLR/GLC,USGS SRTM 90m via Open Topo Data,NASA MODIS MOD13Q1.061 / Microsoft Planetary Computer,Open-Meteo ERA5-Land historical reanalysis
0.0,0.0,0.0,0.0,42.431,27.233,80.958,17.67,713.0,0.8645,1,1,observed_landslide,26.88161,95.399897,2016-08-16,2016,NASA COOLR/GLC,USGS SRTM 90m via Open Topo Data,NASA MODIS MOD13Q1.061 / Microsoft Planetary Computer,Open-Meteo ERA5-Land historical reanalysis
0.0,0.0,0.0,0.0,42.017,10.992,90.125,40.9,3231.0,0.1269,1,1,observed_landslide,27.593,88.492,2016-08-16,2016,NASA COOLR/GLC,USGS SRTM 90m via Open Topo Data,NASA MODIS MOD13Q1.061 / Microsoft Planetary Computer,Open-Meteo ERA5-Land historical reanalysis
0.0,0.0,0.0,0.0,39.25,28.717,79.0,8.49,381.0,0.9224,1,0,background_non_event,27.552543606552547,94.32998297707405,2016-08-17,2016,NASA COOLR/GLC,USGS SRTM 90m via Open Topo Data,NASA MODIS MOD13Q1.061 / Microsoft Planetary Computer,Open-Meteo ERA5-Land historical reanalysis
0.0,0.0,0.0,0.0,48.75,23.417,90.5,9.73,965.0,0.8868,0,0,background_non_event,23.964478192016703,97.52704273033083,2016-08-18,2016,NASA COOLR/GLC,USGS SRTM 90m via Open Topo Data,NASA MODIS MOD13Q1.061 / Microsoft Planetary Computer,Open-Meteo ERA5-Land historical reanalysis
0.0,0.0,0.0,0.0,48.442,22.808,85.208,10.45,1442.0,0.4367,2,1,observed_landslide,25.660517,94.104931,2016-08-25,2016,NASA COOLR/GLC,USGS SRTM 90m via Open Topo Data,NASA MODIS MOD13Q1.061 / Microsoft Planetary Computer,Open-Meteo ERA5-Land historical reanalysis
0.0,0.0,0.0,0.0,33.515,28.0,87.375,0.75,31.0,0.72537,0,0,background_non_event,26.012950596283968,90.14862896539738,2016-08-29,2016,NASA COOLR/GLC,USGS SRTM 90m via Open Topo Data,Sentinel-2 L2A / Microsoft Planetary Computer,Open-Meteo ERA5-Land historical reanalysis
0.0,0.0,0.0,0.0,46.894,26.879,86.917,0.64,106.0,0.7167,0,0,background_non_event,22.92728628795212,94.71984657131031,2016-09-01,2016,NASA COOLR/GLC,USGS SRTM 90m via Open Topo Data,NASA MODIS MOD13Q1.061 / Microsoft Planetary Computer,Open-Meteo ERA5-Land historical reanalysis
0.0,0.0,0.0,0.0,49.785,25.471,91.917,6.03,229.0,0.8896,0,0,background_non_event,24.093912409587677,95.9500538136167,2016-09-01,2016,NASA COOLR/GLC,USGS SRTM 90m via Open Topo Data,NASA MODIS MOD13Q1.061 / Microsoft Planetary Computer,Open-Meteo ERA5-Land historical reanalysis
0.0,0.0,0.0,0.0,42.421,26.154,92.417,1.15,77.0,-0.01957,1,0,background_non_event,26.869862184245253,92.86223999947843,2016-09-01,2016,NASA COOLR/GLC,USGS SRTM 90m via Open Topo Data,Sentinel-2 L2A / Microsoft Planetary Computer,Open-Meteo ERA5-Land historical reanalysis
0.0,0.0,0.0,0.0,42.833,15.196,98.0,25.55,2492.0,0.8655,0,0,background_non_event,28.649091826267707,94.31695875546673,2016-09-01,2016,NASA COOLR/GLC,USGS SRTM 90m via Open Topo Data,NASA MODIS MOD13Q1.061 / Microsoft Planetary Computer,Open-Meteo ERA5-Land historical reanalysis
0.0,0.0,0.0,0.0,48.277,25.775,93.0,0.95,23.0,0.7621,4,1,observed_landslide,24.768609,92.821182,2016-09-01,2016,NASA COOLR/GLC,USGS SRTM 90m via Open Topo Data,NASA MODIS MOD13Q1.061 / Microsoft Planetary Computer,Open-Meteo ERA5-Land historical reanalysis
0.0,0.0,0.0,0.0,42.642,16.483,93.875,37.7,2317.0,0.88581,0,0,background_non_event,27.502187756204776,91.0998373913834,2016-09-05,2016,NASA COOLR/GLC,USGS SRTM 90m via Open Topo Data,Sentinel-2 L2A / Microsoft Planetary Computer,Open-Meteo ERA5-Land historical reanalysis
0.0,0.0,0.0,0.0,48.238,21.017,89.333,7.93,1365.0,0.5936,5,1,observed_landslide,26.092493,94.257523,2016-09-05,2016,NASA COOLR/GLC,USGS SRTM 90m via Open Topo Data,NASA MODIS MOD13Q1.061 / Microsoft Planetary Computer,Open-Meteo ERA5-Land historical reanalysis
0.0,0.0,0.0,0.0,47.467,21.604,90.833,14.72,1259.0,0.3812,4,1,observed_landslide,26.324724,94.514651,2016-09-05,2016,NASA COOLR/GLC,USGS SRTM 90m via Open Topo Data,NASA MODIS MOD13Q1.061 / Microsoft Planetary Computer,Open-Meteo ERA5-Land historical reanalysis
0.0,0.0,0.0,0.0,39.677,28.108,86.125,0.55,24.0,0.29368,0,0,background_non_event,25.360988311414996,89.23840793603621,2016-09-10,2016,NASA COOLR/GLC,USGS SRTM 90m via Open Topo Data,Sentinel-2 L2A / Microsoft Planetary Computer,Open-Meteo ERA5-Land historical reanalysis
0.0,0.0,0.0,0.0,48.177,26.046,89.625,7.07,154.0,0.85311,0,0,background_non_event,25.36325109573397,95.30097126916753,2016-09-13,2016,NASA COOLR/GLC,USGS SRTM 90m via Open Topo Data,Sentinel-2 L2A / Microsoft Planetary Computer,Open-Meteo ERA5-Land historical reanalysis
0.0,0.0,0.0,0.0,47.258,25.025,86.208,19.53,730.0,0.9152,1,0,background_non_event,27.088130869049802,95.72663267266111,2016-09-13,2016,NASA COOLR/GLC,USGS SRTM 90m via Open Topo Data,NASA MODIS MOD13Q1.061 / Microsoft Planetary Computer,Open-Meteo ERA5-Land historical reanalysis
0.0,0.0,0.0,0.0,47.815,26.637,91.083,0.32,20.0,0.7749,0,0,background_non_event,23.45501385617666,91.43098370174339,2016-09-17,2016,NASA COOLR/GLC,USGS SRTM 90m via Open Topo Data,NASA MODIS MOD13Q1.061 / Microsoft Planetary Computer,Open-Meteo ERA5-Land historical reanalysis
0.0,0.0,0.0,0.0,42.465,20.375,95.125,13.48,1067.0,0.09185,0,1,observed_landslide,23.725943,92.7178,2016-09-17,2016,NASA COOLR/GLC,USGS SRTM 90m via Open Topo Data,Sentinel-2 L2A / Microsoft Planetary Computer,Open-Meteo ERA5-Land historical reanalysis
0.0,0.0,0.0,0.0,42.562,17.404,92.417,33.28,1740.0,0.914,1,0,background_non_event,27.694990027515423,94.12374159040823,2016-09-18,2016,NASA COOLR/GLC,USGS SRTM 90m via Open Topo Data,NASA MODIS MOD13Q1.061 / Microsoft Planetary Computer,Open-Meteo ERA5-Land historical reanalysis
0.0,0.0,0.0,0.0,42.15,7.087,89.042,37.21,4146.0,0.3326,0,0,background_non_event,28.658254502901038,96.63390257143574,2016-09-20,2016,NASA COOLR/GLC,USGS SRTM 90m via Open Topo Data,NASA MODIS MOD13Q1.061 / Microsoft Planetary Computer,Open-Meteo ERA5-Land historical reanalysis
0.0,0.0,0.0,0.0,46.879,26.825,88.292,9.59,368.0,0.90803,0,0,background_non_event,25.054250465039566,95.92255846661105,2016-09-29,2016,NASA COOLR/GLC,USGS SRTM 90m via Open Topo Data,Sentinel-2 L2A / Microsoft Planetary Computer,Open-Meteo ERA5-Land historical reanalysis
0.0,0.0,0.0,0.0,41.5,4.758,90.083,43.62,4166.0,0.6398,0,0,background_non_event,29.06188888228722,96.41100583005922,2016-09-29,2016,NASA COOLR/GLC,USGS SRTM 90m via Open Topo Data,NASA MODIS MOD13Q1.061 / Microsoft Planetary Computer,Open-Meteo ERA5-Land historical reanalysis
0.0,0.0,0.0,0.0,37.733,28.488,83.167,1.05,13.0,0.89875,0,0,background_non_event,23.5730713761695,89.09996394604188,2016-10-01,2016,NASA COOLR/GLC,USGS SRTM 90m via Open Topo Data,Sentinel-2 L2A / Microsoft Planetary Computer,Open-Meteo ERA5-Land historical reanalysis
0.0,0.0,0.0,0.0,39.513,28.608,84.042,1.79,6.0,0.6096,0,0,background_non_event,23.76213081093385,90.23740488817678,2016-10-01,2016,NASA COOLR/GLC,USGS SRTM 90m via Open Topo Data,NASA MODIS MOD13Q1.061 / Microsoft Planetary Computer,Open-Meteo ERA5-Land historical reanalysis
0.0,0.0,0.0,0.0,41.64,26.446,87.542,10.75,264.0,0.86644,1,0,background_non_event,24.001739778301296,92.39472696930942,2016-10-01,2016,NASA COOLR/GLC,USGS SRTM 90m via Open Topo Data,Sentinel-2 L2A / Microsoft Planetary Computer,Open-Meteo ERA5-Land historical reanalysis
0.0,0.0,0.0,0.0,45.471,26.321,92.208,2.75,210.0,0.89581,0,0,background_non_event,26.64910611382286,96.23443002804207,2016-10-01,2016,NASA COOLR/GLC,USGS SRTM 90m via Open Topo Data,Sentinel-2 L2A / Microsoft Planetary Computer,Open-Meteo ERA5-Land historical reanalysis
0.0,0.0,0.0,0.0,40.315,15.129,91.375,27.63,2560.0,0.87125,0,0,background_non_event,26.963905314309024,89.68892611849296,2016-10-01,2016,NASA COOLR/GLC,USGS SRTM 90m via Open Topo Data,Sentinel-2 L2A / Microsoft Planetary Computer,Open-Meteo ERA5-Land historical reanalysis
0.0,0.0,0.0,0.0,37.623,5.483,63.875,23.56,4642.0,0.2914,0,0,background_non_event,29.07762367173651,92.04017244035262,2016-10-05,2016,NASA COOLR/GLC,USGS SRTM 90m via Open Topo Data,NASA MODIS MOD13Q1.061 / Microsoft Planetary Computer,Open-Meteo ERA5-Land historical reanalysis
0.0,0.0,0.0,0.0,48.935,26.142,90.75,1.71,11.0,0.4823,0,0,background_non_event,24.09911225734832,90.17230775776007,2016-10-10,2016,NASA COOLR/GLC,USGS SRTM 90m via Open Topo Data,Sentinel-2 L2A / Microsoft Planetary Computer,Open-Meteo ERA5-Land historical reanalysis
0.0,0.0,0.0,0.0,43.158,23.0,98.542,12.38,182.0,0.86682,6,1,observed_landslide,26.8692,88.4695,2016-10-12,2016,NASA COOLR/GLC,USGS SRTM 90m via Open Topo Data,Sentinel-2 L2A / Microsoft Planetary Computer,Open-Meteo ERA5-Land historical reanalysis
0.0,0.0,0.0,0.0,42.719,17.642,99.458,11.44,1449.0,0.76055,6,1,observed_landslide,26.8861,88.1704,2016-10-12,2016,NASA COOLR/GLC,USGS SRTM 90m via Open Topo Data,Sentinel-2 L2A / Microsoft Planetary Computer,Open-Meteo ERA5-Land historical reanalysis
0.0,0.0,0.0,0.0,42.823,21.971,93.5,36.76,608.0,0.74496,5,1,observed_landslide,27.2676,88.2891,2016-10-12,2016,NASA COOLR/GLC,USGS SRTM 90m via Open Topo Data,Sentinel-2 L2A / Microsoft Planetary Computer,Open-Meteo ERA5-Land historical reanalysis
0.0,0.0,0.0,0.0,48.779,24.929,92.417,5.65,310.0,0.8954,0,0,background_non_event,23.936424944166053,94.95870982603633,2016-10-13,2016,NASA COOLR/GLC,USGS SRTM 90m via Open Topo Data,NASA MODIS MOD13Q1.061 / Microsoft Planetary Computer,Open-Meteo ERA5-Land historical reanalysis
0.0,0.0,0.0,0.0,40.373,16.642,79.75,23.0,1545.0,0.36978,9,1,observed_landslide,26.888,88.2796,2016-10-15,2016,NASA COOLR/GLC,USGS SRTM 90m via Open Topo Data,Sentinel-2 L2A / Microsoft Planetary Computer,Open-Meteo ERA5-Land historical reanalysis
0.0,0.0,0.0,0.0,38.519,23.0,78.167,26.32,273.0,0.86086,9,1,observed_landslide,26.9343,88.4486,2016-10-15,2016,NASA COOLR/GLC,USGS SRTM 90m via Open Topo Data,Sentinel-2 L2A / Microsoft Planetary Computer,Open-Meteo ERA5-Land historical reanalysis
0.0,0.0,0.0,0.0,41.171,15.675,86.125,20.47,1576.0,0.8221,10,1,observed_landslide,27.1695,88.3664,2016-10-15,2016,NASA COOLR/GLC,USGS SRTM 90m via Open Topo Data,Sentinel-2 L2A / Microsoft Planetary Computer,Open-Meteo ERA5-Land historical reanalysis
0.0,0.0,0.0,0.0,38.958,25.025,81.5,17.86,331.0,0.69554,8,1,observed_landslide,27.172,88.5292,2016-10-15,2016,NASA COOLR/GLC,USGS SRTM 90m via Open Topo Data,Sentinel-2 L2A / Microsoft Planetary Computer,Open-Meteo ERA5-Land historical reanalysis
0.0,0.0,0.0,0.0,45.108,26.275,80.583,13.93,202.0,0.89536,2,0,background_non_event,26.639520510790934,94.47683566743582,2016-10-16,2016,NASA COOLR/GLC,USGS SRTM 90m via Open Topo Data,Sentinel-2 L2A / Microsoft Planetary Computer,Open-Meteo ERA5-Land historical reanalysis
0.0,0.0,0.0,0.0,40.319,7.296,85.292,27.36,3264.0,0.79811,0,0,background_non_event,27.50412949275344,93.30600252788712,2016-10-16,2016,NASA COOLR/GLC,USGS SRTM 90m via Open Topo Data,Sentinel-2 L2A / Microsoft Planetary Computer,Open-Meteo ERA5-Land historical reanalysis
0.0,0.0,0.0,0.0,37.61,16.812,69.458,35.69,1703.0,0.86649,0,0,background_non_event,28.316031672170524,94.08236430751151,2016-10-18,2016,NASA COOLR/GLC,USGS SRTM 90m via Open Topo Data,Sentinel-2 L2A / Microsoft Planetary Computer,Open-Meteo ERA5-Land historical reanalysis
0.0,0.0,0.0,0.0,28.306,25.625,76.958,0.77,23.0,0.89338,0,0,background_non_event,25.075553340012263,89.33555645569328,2016-10-25,2016,NASA COOLR/GLC,USGS SRTM 90m via Open Topo Data,Sentinel-2 L2A / Microsoft Planetary Computer,Open-Meteo ERA5-Land historical reanalysis
0.0,0.0,0.0,0.0,44.177,23.371,97.417,2.96,128.0,0.37912,0,0,background_non_event,23.012953838084858,94.28550372126254,2016-10-29,2016,NASA COOLR/GLC,USGS SRTM 90m via Open Topo Data,Sentinel-2 L2A / Microsoft Planetary Computer,Open-Meteo ERA5-Land historical reanalysis
0.0,0.0,0.0,0.0,16.519,-4.546,48.625,24.03,4977.0,0.2376,0,0,background_non_event,28.025573572032616,92.17368949220429,2016-11-01,2016,NASA COOLR/GLC,USGS SRTM 90m via Open Topo Data,NASA MODIS MOD13Q1.061 / Microsoft Planetary Computer,Open-Meteo ERA5-Land historical reanalysis
0.0,0.0,0.0,0.0,39.398,1.929,79.833,22.36,3391.0,0.5471,0,0,background_non_event,28.10706154562737,91.11478142139427,2016-11-01,2016,NASA COOLR/GLC,USGS SRTM 90m via Open Topo Data,NASA MODIS MOD13Q1.061 / Microsoft Planetary Computer,Open-Meteo ERA5-Land historical reanalysis
0.0,0.0,0.0,0.0,33.167,26.75,79.875,0.76,19.0,0.74444,0,1,observed_landslide,24.506937,91.588893,2016-11-01,2016,NASA COOLR/GLC,USGS SRTM 90m via Open Topo Data,Sentinel-2 L2A / Microsoft Planetary Computer,Open-Meteo ERA5-Land historical reanalysis
0.0,0.0,0.0,0.0,38.371,-7.458,76.792,4.49,5243.0,0.1034,1,0,background_non_event,27.89500001374674,88.32621329580846,2016-11-02,2016,NASA COOLR/GLC,USGS SRTM 90m via Open Topo Data,Sentinel-2 L2A / Microsoft Planetary Computer,Open-Meteo ERA5-Land historical reanalysis
0.0,0.0,0.0,0.0,44.529,24.258,92.333,21.41,271.0,0.81727,0,0,background_non_event,22.660726502902182,96.07225367715932,2016-11-03,2016,NASA COOLR/GLC,USGS SRTM 90m via Open Topo Data,Sentinel-2 L2A / Microsoft Planetary Computer,Open-Meteo ERA5-Land historical reanalysis
0.0,0.0,0.0,0.0,49.831,23.579,96.292,0.81,163.0,0.3104,0,0,background_non_event,23.12039036453831,95.54407530884096,2016-11-07,2016,NASA COOLR/GLC,USGS SRTM 90m via Open Topo Data,Sentinel-2 L2A / Microsoft Planetary Computer,Open-Meteo ERA5-Land historical reanalysis
0.0,0.0,0.0,0.0,48.94,22.162,99.375,3.79,305.0,0.74348,0,0,background_non_event,23.90006323459303,95.5095235878445,2016-11-07,2016,NASA COOLR/GLC,USGS SRTM 90m via Open Topo Data,Sentinel-2 L2A / Microsoft Planetary Computer,Open-Meteo ERA5-Land historical reanalysis
0.0,0.0,0.0,0.0,49.519,23.963,92.417,0.9,115.0,0.38704,0,0,background_non_event,22.07096036740621,94.88380358519494,2016-11-09,2016,NASA COOLR/GLC,USGS SRTM 90m via Open Topo Data,Sentinel-2 L2A / Microsoft Planetary Computer,Open-Meteo ERA5-Land historical reanalysis
0.0,0.0,0.0,0.0,48.11,20.196,86.958,18.28,430.0,0.8787,0,0,background_non_event,27.536524284779933,96.32515098225343,2016-11-09,2016,NASA COOLR/GLC,USGS SRTM 90m via Open Topo Data,Sentinel-2 L2A / Microsoft Planetary Computer,Open-Meteo ERA5-Land historical reanalysis
0.0,0.0,0.0,0.0,40.765,14.129,86.375,24.51,1647.0,0.9315,0,0,background_non_event,27.161504318615265,96.90689123001255,2016-11-11,2016,NASA COOLR/GLC,USGS SRTM 90m via Open Topo Data,Sentinel-2 L2A / Microsoft Planetary Computer,Open-Meteo ERA5-Land historical reanalysis
0.0,0.0,0.0,0.0,38.45,15.158,86.083,24.69,1714.0,0.8084,3,0,background_non_event,25.376543939411615,93.97484424838612,2016-11-12,2016,NASA COOLR/GLC,USGS SRTM 90m via Open Topo Data,NASA MODIS MOD13Q1.061 / Microsoft Planetary Computer,Open-Meteo ERA5-Land historical reanalysis
0.0,0.0,0.0,0.0,39.698,5.596,80.542,17.25,3144.0,0.7378,0,0,background_non_event,27.024007300731245,96.9758380761039,2016-11-16,2016,NASA COOLR/GLC,USGS SRTM 90m via Open Topo Data,NASA MODIS MOD13Q1.061 / Microsoft Planetary Computer,Open-Meteo ERA5-Land historical reanalysis
0.0,0.0,0.0,0.0,32.31,17.846,82.458,14.31,493.0,0.90243,0,0,background_non_event,23.058984513129953,92.95626542384942,2016-11-21,2016,NASA COOLR/GLC,USGS SRTM 90m via Open Topo Data,Sentinel-2 L2A / Microsoft Planetary Computer,Open-Meteo ERA5-Land historical reanalysis
0.0,0.0,0.0,0.0,17.867,22.004,73.583,10.37,74.0,0.74891,0,0,background_non_event,25.992049127641327,90.34563480155091,2016-11-28,2016,NASA COOLR/GLC,USGS SRTM 90m via Open Topo Data,Sentinel-2 L2A / Microsoft Planetary Computer,Open-Meteo ERA5-Land historical reanalysis
0.0,0.0,0.0,0.0,27.113,5.208,46.708,21.94,3693.0,0.08209,0,0,background_non_event,29.339951110982163,91.00845095137839,2016-12-01,2016,NASA COOLR/GLC,USGS SRTM 90m via Open Topo Data,Sentinel-2 L2A / Microsoft Planetary Computer,Open-Meteo ERA5-Land historical reanalysis
0.0,0.0,0.0,0.0,24.562,23.092,78.833,0.65,33.0,0.25803,0,0,background_non_event,22.944436751331384,92.04834485060375,2016-12-04,2016,NASA COOLR/GLC,USGS SRTM 90m via Open Topo Data,Sentinel-2 L2A / Microsoft Planetary Computer,Open-Meteo ERA5-Land historical reanalysis
0.0,0.0,0.0,0.0,17.71,21.121,71.417,1.42,22.0,0.47093,0,0,background_non_event,24.967927531134997,89.39133902368829,2016-12-07,2016,NASA COOLR/GLC,USGS SRTM 90m via Open Topo Data,Sentinel-2 L2A / Microsoft Planetary Computer,Open-Meteo ERA5-Land historical reanalysis
0.0,0.0,0.0,0.0,39.45,-3.7,94.208,14.42,4833.0,0.23917,1,0,background_non_event,27.86172230134929,88.48718195988324,2016-12-11,2016,NASA COOLR/GLC,USGS SRTM 90m via Open Topo Data,Sentinel-2 L2A / Microsoft Planetary Computer,Open-Meteo ERA5-Land historical reanalysis
0.0,0.0,0.0,0.0,0.0,,,0.0,0.0,-0.17453,0,0,background_non_event,21.812352748990854,90.87118067686053,2016-12-12,2016,NASA COOLR/GLC,USGS SRTM 90m via Open Topo Data,Sentinel-2 L2A / Microsoft Planetary Computer,Open-Meteo ERA5-Land historical reanalysis
0.0,0.0,0.0,0.0,28.123,20.075,69.042,0.63,58.0,0.10044,6,1,observed_landslide,26.181606,91.772042,2016-12-15,2016,NASA COOLR/GLC,USGS SRTM 90m via Open Topo Data,Sentinel-2 L2A / Microsoft Planetary Computer,Open-Meteo ERA5-Land historical reanalysis
0.0,0.0,0.0,0.0,28.123,19.708,68.958,7.25,97.0,0.35128,5,1,observed_landslide,26.191688,91.810079,2016-12-15,2016,NASA COOLR/GLC,USGS SRTM 90m via Open Topo Data,Sentinel-2 L2A / Microsoft Planetary Computer,Open-Meteo ERA5-Land historical reanalysis
0.0,0.0,0.0,0.0,37.692,-0.671,56.917,35.56,4514.0,0.18777,0,0,background_non_event,29.010266714223015,93.73474833644163,2016-12-21,2016,NASA COOLR/GLC,USGS SRTM 90m via Open Topo Data,Sentinel-2 L2A / Microsoft Planetary Computer,Open-Meteo ERA5-Land historical reanalysis
0.0,0.0,0.0,0.0,31.781,19.833,80.792,3.17,211.0,0.87234,0,0,background_non_event,25.709979362574945,95.79072201239416,2016-12-24,2016,NASA COOLR/GLC,USGS SRTM 90m via Open Topo Data,Sentinel-2 L2A / Microsoft Planetary Computer,Open-Meteo ERA5-Land historical reanalysis
0.0,0.0,0.0,0.0,16.812,19.35,79.0,0.69,15.0,0.28749,1,0,background_non_event,24.921859328477893,90.20435768011848,2016-12-27,2016,NASA COOLR/GLC,USGS SRTM 90m via Open Topo Data,Sentinel-2 L2A / Microsoft Planetary Computer,Open-Meteo ERA5-Land historical reanalysis
0.0,0.0,0.0,0.0,0.0,,,0.0,0.0,-0.21008,1,0,background_non_event,22.219630282852588,91.51390588847761,2017-01-01,2017,NASA COOLR/GLC,USGS SRTM 90m via Open Topo Data,Sentinel-2 L2A / Microsoft Planetary Computer,Open-Meteo ERA5-Land historical reanalysis
0.0,0.0,0.0,0.0,29.721,14.112,81.5,21.7,965.0,0.82756,0,0,background_non_event,22.76954165155356,94.24796876570203,2017-01-01,2017,NASA COOLR/GLC,USGS SRTM 90m via Open Topo Data,Sentinel-2 L2A / Microsoft Planetary Computer,Open-Meteo ERA5-Land historical reanalysis
0.0,0.0,0.0,0.0,22.833,20.383,76.833,3.8,91.0,0.79932,0,0,background_non_event,24.01036011820604,91.92803512609495,2017-01-01,2017,NASA COOLR/GLC,USGS SRTM 90m via Open Topo Data,Sentinel-2 L2A / Microsoft Planetary Computer,Open-Meteo ERA5-Land historical reanalysis
0.0,0.0,0.0,0.0,23.348,6.921,81.833,21.66,2369.0,0.81183,1,0,background_non_event,25.115517150929758,94.46556579060268,2017-01-01,2017,NASA COOLR/GLC,USGS SRTM 90m via Open Topo Data,Sentinel-2 L2A / Microsoft Planetary Computer,Open-Meteo ERA5-Land historical reanalysis
0.0,0.0,0.0,0.0,32.398,17.896,79.833,2.02,1019.0,0.33654,0,0,background_non_event,22.269152107222745,96.78855584912048,2017-01-02,2017,NASA COOLR/GLC,USGS SRTM 90m via Open Topo Data,Sentinel-2 L2A / Microsoft Planetary Computer,Open-Meteo ERA5-Land historical reanalysis
0.0,0.0,0.0,0.0,26.15,-7.867,51.542,1.3,4452.0,0.1265,0,0,background_non_event,28.787159826467423,90.48645912960214,2017-01-02,2017,NASA COOLR/GLC,USGS SRTM 90m via Open Topo Data,NASA MODIS MOD13Q1.061 / Microsoft Planetary Computer,Open-Meteo ERA5-Land historical reanalysis
0.0,0.0,0.0,0.0,28.908,17.188,72.125,4.53,431.0,0.77622,1,0,background_non_event,25.441415025801312,90.64034672302898,2017-01-04,2017,NASA COOLR/GLC,USGS SRTM 90m via Open Topo Data,Sentinel-2 L2A / Microsoft Planetary Computer,Open-Meteo ERA5-Land historical reanalysis
0.0,0.0,0.0,0.0,30.596,-7.167,42.208,1.45,4435.0,0.0958,0,0,background_non_event,28.899713453400317,88.96934498491215,2017-01-06,2017,NASA COOLR/GLC,USGS SRTM 90m via Open Topo Data,NASA MODIS MOD13Q1.061 / Microsoft Planetary Computer,Open-Meteo ERA5-Land historical reanalysis
0.0,0.0,0.0,0.0,36.86,1.008,74.875,27.93,2294.0,0.85648,0,0,background_non_event,28.786499287419776,95.28518885890549,2017-01-13,2017,NASA COOLR/GLC,USGS SRTM 90m via Open Topo Data,Sentinel-2 L2A / Microsoft Planetary Computer,Open-Meteo ERA5-Land historical reanalysis
0.0,0.0,0.0,0.0,16.725,19.35,69.375,3.28,60.0,0.58192,2,0,background_non_event,24.27657887002212,92.27490304932196,2017-01-19,2017,NASA COOLR/GLC,USGS SRTM 90m via Open Topo Data,Sentinel-2 L2A / Microsoft Planetary Computer,Open-Meteo ERA5-Land historical reanalysis
0.0,0.0,0.0,0.0,23.177,18.383,69.0,15.8,643.0,-0.07186,3,0,background_non_event,27.309702846429374,91.50074146432914,2017-01-21,2017,NASA COOLR/GLC,USGS SRTM 90m via Open Topo Data,Sentinel-2 L2A / Microsoft Planetary Computer,Open-Meteo ERA5-Land historical reanalysis
0.0,0.0,0.0,0.0,27.642,17.925,78.75,4.82,144.0,0.67358,0,0,background_non_event,25.775437148278193,93.12857632733918,2017-01-22,2017,NASA COOLR/GLC,USGS SRTM 90m via Open Topo Data,Sentinel-2 L2A / Microsoft Planetary Computer,Open-Meteo ERA5-Land historical reanalysis
0.0,0.0,0.0,0.0,21.667,18.008,72.625,0.48,12.0,0.28889,2,1,observed_landslide,25.08734272,91.75063827,2017-01-23,2017,NASA COOLR/GLC,USGS SRTM 90m via Open Topo Data,Sentinel-2 L2A / Microsoft Planetary Computer,Open-Meteo ERA5-Land historical reanalysis
0.0,0.0,0.0,0.0,29.715,0.633,29.25,9.99,3921.0,0.1095,0,0,background_non_event,29.167898576625223,88.87863498428928,2017-01-25,2017,NASA COOLR/GLC,USGS SRTM 90m via Open Topo Data,NASA MODIS MOD13Q1.061 / Microsoft Planetary Computer,Open-Meteo ERA5-Land historical reanalysis
0.0,0.0,0.0,0.0,18.985,20.3,75.917,4.9,106.0,0.7852,4,0,background_non_event,24.383066961993887,92.51691583818706,2017-01-28,2017,NASA COOLR/GLC,USGS SRTM 90m via Open Topo Data,Sentinel-2 L2A / Microsoft Planetary Computer,Open-Meteo ERA5-Land historical reanalysis
0.0,0.0,0.0,0.0,27.36,22.108,65.958,0.87,100.0,0.58822,0,0,background_non_event,22.86366354797157,94.72785466642296,2017-01-30,2017,NASA COOLR/GLC,USGS SRTM 90m via Open Topo Data,Sentinel-2 L2A / Microsoft Planetary Computer,Open-Meteo ERA5-Land historical reanalysis
0.0,0.0,0.0,0.0,31.748,16.625,73.417,12.14,632.0,0.664,1,0,background_non_event,26.97811558078255,95.4608331795115,2017-01-30,2017,NASA COOLR/GLC,USGS SRTM 90m via Open Topo Data,Sentinel-2 L2A / Microsoft Planetary Computer,Open-Meteo ERA5-Land historical reanalysis
0.0,0.0,0.0,0.0,31.725,18.483,82.083,1.04,150.0,0.26882,5,0,background_non_event,26.515010665165978,94.36223846236945,2017-02-01,2017,NASA COOLR/GLC,USGS SRTM 90m via Open Topo Data,Sentinel-2 L2A / Microsoft Planetary Computer,Open-Meteo ERA5-Land historical reanalysis
0.0,0.0,0.0,0.0,38.5,-0.438,81.083,21.92,3063.0,0.87353,0,0,background_non_event,27.47536370833282,89.53632884193844,2017-02-01,2017,NASA COOLR/GLC,USGS SRTM 90m via Open Topo Data,Sentinel-2 L2A / Microsoft Planetary Computer,Open-Meteo ERA5-Land historical reanalysis
0.0,0.0,0.0,0.0,17.131,19.996,62.75,4.0,81.0,0.45208,0,0,background_non_event,22.15458364925146,92.25002630915573,2017-02-03,2017,NASA COOLR/GLC,USGS SRTM 90m via Open Topo Data,Sentinel-2 L2A / Microsoft Planetary Computer,Open-Meteo ERA5-Land historical reanalysis
0.0,0.0,0.0,0.0,15.458,21.042,64.083,1.37,30.0,0.65799,0,1,observed_landslide,25.64319355,89.45570226,2017-02-07,2017,NASA COOLR/GLC,USGS SRTM 90m via Open Topo Data,Sentinel-2 L2A / Microsoft Planetary Computer,Open-Meteo ERA5-Land historical reanalysis
0.0,0.0,0.0,0.0,17.544,19.908,68.583,20.83,342.0,0.8425,1,0,background_non_event,23.920537229219143,92.79585362297442,2017-02-08,2017,NASA COOLR/GLC,USGS SRTM 90m via Open Topo Data,Sentinel-2 L2A / Microsoft Planetary Computer,Open-Meteo ERA5-Land historical reanalysis
0.0,0.0,0.0,0.0,24.969,21.088,72.958,2.39,37.0,0.1411,0,0,background_non_event,26.181338938780222,90.39367244645138,2017-02-09,2017,NASA COOLR/GLC,USGS SRTM 90m via Open Topo Data,NASA MODIS MOD13Q1.061 / Microsoft Planetary Computer,Open-Meteo ERA5-Land historical reanalysis
0.0,0.0,0.0,0.0,29.044,20.179,75.583,8.94,336.0,0.08292,4,1,observed_landslide,25.61953667,96.3086022,2017-02-09,2017,NASA COOLR/GLC,USGS SRTM 90m via Open Topo Data,Sentinel-2 L2A / Microsoft Planetary Computer,Open-Meteo ERA5-Land historical reanalysis
0.0,0.0,0.0,0.0,6.067,19.858,56.208,0.89,73.0,0.29805,0,0,background_non_event,26.700751787445792,90.93130425543849,2017-02-11,2017,NASA COOLR/GLC,USGS SRTM 90m via Open Topo Data,Sentinel-2 L2A / Microsoft Planetary Computer,Open-Meteo ERA5-Land historical reanalysis
0.0,0.0,0.0,0.0,37.654,-5.4,86.708,12.21,4245.0,0.11798,0,0,background_non_event,27.369168571247428,90.32182172726952,2017-02-14,2017,NASA COOLR/GLC,USGS SRTM 90m via Open Topo Data,Sentinel-2 L2A / Microsoft Planetary Computer,Open-Meteo ERA5-Land historical reanalysis
0.0,0.0,0.0,0.0,33.817,13.625,67.917,5.26,1614.0,0.20412,1,1,observed_landslide,25.51826286,91.9630294,2017-02-15,2017,NASA COOLR/GLC,USGS SRTM 90m via Open Topo Data,Sentinel-2 L2A / Microsoft Planetary Computer,Open-Meteo ERA5-Land historical reanalysis
0.0,0.0,0.0,0.0,21.623,22.254,64.917,1.83,145.0,0.85703,0,0,background_non_event,24.456120498174414,96.52188215401354,2017-02-16,2017,NASA COOLR/GLC,USGS SRTM 90m via Open Topo Data,Sentinel-2 L2A / Microsoft Planetary Computer,Open-Meteo ERA5-Land historical reanalysis
0.0,0.0,0.0,0.0,27.275,19.846,68.917,9.85,835.0,0.78569,0,0,background_non_event,24.44705558397351,94.03618721994745,2017-02-18,2017,NASA COOLR/GLC,USGS SRTM 90m via Open Topo Data,Sentinel-2 L2A / Microsoft Planetary Computer,Open-Meteo ERA5-Land historical reanalysis
0.0,0.0,0.0,0.0,22.983,21.162,66.917,1.33,120.0,0.35095,0,0,background_non_event,27.733275357327713,94.92516528948072,2017-02-18,2017,NASA COOLR/GLC,USGS SRTM 90m via Open Topo Data,Sentinel-2 L2A / Microsoft Planetary Computer,Open-Meteo ERA5-Land historical reanalysis
0.0,0.0,0.0,0.0,24.485,24.783,57.875,1.15,132.0,0.45971,0,0,background_non_event,22.68755969948473,95.86644653580466,2017-02-19,2017,NASA COOLR/GLC,USGS SRTM 90m via Open Topo Data,Sentinel-2 L2A / Microsoft Planetary Computer,Open-Meteo ERA5-Land historical reanalysis
0.0,0.0,0.0,0.0,17.45,23.117,85.667,1.31,14.0,0.28759,0,0,background_non_event,24.762940226814802,90.77767090118311,2017-02-21,2017,NASA COOLR/GLC,USGS SRTM 90m via Open Topo Data,Sentinel-2 L2A / Microsoft Planetary Computer,Open-Meteo ERA5-Land historical reanalysis
0.0,0.0,0.0,0.0,39.756,17.25,90.167,11.27,384.0,0.622,0,0,background_non_event,27.54949399234312,96.1619576774672,2017-02-22,2017,NASA COOLR/GLC,USGS SRTM 90m via Open Topo Data,NASA MODIS MOD13Q1.061 / Microsoft Planetary Computer,Open-Meteo ERA5-Land historical reanalysis
0.0,0.0,0.0,0.0,15.746,20.271,52.792,0.48,30.0,0.1346,1,0,background_non_event,25.73567252095437,89.4781726944618,2017-02-24,2017,NASA COOLR/GLC,USGS SRTM 90m via Open Topo Data,Sentinel-2 L2A / Microsoft Planetary Computer,Open-Meteo ERA5-Land historical reanalysis
0.0,0.0,0.0,0.0,27.8,23.3,34.458,4.61,528.0,0.77419,0,0,background_non_event,22.288650048701133,94.5690394344527,2017-02-26,2017,NASA COOLR/GLC,USGS SRTM 90m via Open Topo Data,Sentinel-2 L2A / Microsoft Planetary Computer,Open-Meteo ERA5-Land historical reanalysis
0.0,0.0,0.0,0.0,25.296,17.283,71.125,28.49,582.0,0.66704,0,0,background_non_event,26.98600991756783,89.2231400465159,2017-02-28,2017,NASA COOLR/GLC,USGS SRTM 90m via Open Topo Data,Sentinel-2 L2A / Microsoft Planetary Computer,Open-Meteo ERA5-Land historical reanalysis
0.0,0.0,0.0,0.0,25.55,25.4,46.458,0.68,130.0,0.37455,0,0,background_non_event,22.964971562908243,95.55879457505027,2017-03-01,2017,NASA COOLR/GLC,USGS SRTM 90m via Open Topo Data,Sentinel-2 L2A / Microsoft Planetary Computer,Open-Meteo ERA5-Land historical reanalysis
0.0,0.0,0.0,0.0,14.094,23.275,56.917,0.34,21.0,0.4762,0,0,background_non_event,24.04325612812789,88.9233566861395,2017-03-01,2017,NASA COOLR/GLC,USGS SRTM 90m via Open Topo Data,NASA MODIS MOD13Q1.061 / Microsoft Planetary Computer,Open-Meteo ERA5-Land historical reanalysis
0.0,0.0,0.0,0.0,30.167,18.938,67.208,11.86,668.0,0.6496,0,0,background_non_event,25.33545450774532,93.24020473335668,2017-03-01,2017,NASA COOLR/GLC,USGS SRTM 90m via Open Topo Data,NASA MODIS MOD13Q1.061 / Microsoft Planetary Computer,Open-Meteo ERA5-Land historical reanalysis
0.0,0.0,0.0,0.0,6.617,22.783,64.542,0.75,28.0,0.1584,1,0,background_non_event,25.765928180777614,89.90585529860863,2017-03-01,2017,NASA COOLR/GLC,USGS SRTM 90m via Open Topo Data,Sentinel-2 L2A / Microsoft Planetary Computer,Open-Meteo ERA5-Land historical reanalysis
0.0,0.0,0.0,0.0,43.363,20.192,68.292,1.79,242.0,0.6935,0,0,background_non_event,27.71483030491768,96.15996723512875,2017-03-01,2017,NASA COOLR/GLC,USGS SRTM 90m via Open Topo Data,NASA MODIS MOD13Q1.061 / Microsoft Planetary Computer,Open-Meteo ERA5-Land historical reanalysis
0.0,0.0,0.0,0.0,41.837,19.529,82.167,0.44,92.0,0.2948,0,0,background_non_event,26.908393376965975,94.48440161253983,2017-03-02,2017,NASA COOLR/GLC,USGS SRTM 90m via Open Topo Data,NASA MODIS MOD13Q1.061 / Microsoft Planetary Computer,Open-Meteo ERA5-Land historical reanalysis
0.0,0.0,0.0,0.0,14.26,25.787,56.833,0.77,13.0,0.78979,0,0,background_non_event,24.603817554664744,88.67122984419116,2017-03-03,2017,NASA COOLR/GLC,USGS SRTM 90m via Open Topo Data,Sentinel-2 L2A / Microsoft Planetary Computer,Open-Meteo ERA5-Land historical reanalysis
0.0,0.0,0.0,0.0,26.4,26.925,36.667,1.36,182.0,0.41911,0,0,background_non_event,22.22940501287679,94.68079568084909,2017-03-06,2017,NASA COOLR/GLC,USGS SRTM 90m via Open Topo Data,Sentinel-2 L2A / Microsoft Planetary Computer,Open-Meteo ERA5-Land historical reanalysis
0.0,0.0,0.0,0.0,39.102,19.375,87.583,1.17,12.0,0.2121,3,1,observed_landslide,25.092576,91.763689,2017-03-06,2017,NASA COOLR/GLC,USGS SRTM 90m via Open Topo Data,NASA MODIS MOD13Q1.061 / Microsoft Planetary Computer,Open-Meteo ERA5-Land historical reanalysis
0.0,0.0,0.0,0.0,41.452,19.412,70.708,1.3,133.0,0.517,1,0,background_non_event,27.81188552264453,95.1039665703224,2017-03-08,2017,NASA COOLR/GLC,USGS SRTM 90m via Open Topo Data,NASA MODIS MOD13Q1.061 / Microsoft Planetary Computer,Open-Meteo ERA5-Land historical reanalysis
0.0,0.0,0.0,0.0,26.05,-11.958,78.375,3.88,4988.0,0.0713,0,0,background_non_event,28.23288303427809,91.91389843234188,2017-03-08,2017,NASA COOLR/GLC,USGS SRTM 90m via Open Topo Data,NASA MODIS MOD13Q1.061 / Microsoft Planetary Computer,Open-Meteo ERA5-Land historical reanalysis
0.0,0.0,0.0,0.0,35.725,-0.662,93.083,13.73,3269.0,0.28227,0,0,background_non_event,28.660185107397645,93.59822615038495,2017-03-08,2017,NASA COOLR/GLC,USGS SRTM 90m via Open Topo Data,Sentinel-2 L2A / Microsoft Planetary Computer,Open-Meteo ERA5-Land historical reanalysis
0.0,0.0,0.0,0.0,12.35,-5.133,56.75,25.03,4255.0,0.1088,0,0,background_non_event,28.66632045883729,89.66037397209409,2017-03-08,2017,NASA COOLR/GLC,USGS SRTM 90m via Open Topo Data,NASA MODIS MOD13Q1.061 / Microsoft Planetary Computer,Open-Meteo ERA5-Land historical reanalysis
0.0,0.0,0.0,0.0,43.029,21.262,75.75,1.33,19.0,0.24592,5,1,observed_landslide,25.167803,92.019575,2017-03-08,2017,NASA COOLR/GLC,USGS SRTM 90m via Open Topo Data,Sentinel-2 L2A / Microsoft Planetary Computer,Open-Meteo ERA5-Land historical reanalysis
0.0,0.0,0.0,0.0,23.927,20.963,59.667,1.36,16.0,0.35836,0,0,background_non_event,24.14926722583933,90.01737274054237,2017-03-14,2017,NASA COOLR/GLC,USGS SRTM 90m via Open Topo Data,Sentinel-2 L2A / Microsoft Planetary Computer,Open-Meteo ERA5-Land historical reanalysis
0.0,0.0,0.0,0.0,37.196,17.121,61.875,1.81,790.0,0.11094,1,0,background_non_event,24.844260770261524,94.07679857833507,2017-03-16,2017,NASA COOLR/GLC,USGS SRTM 90m via Open Topo Data,Sentinel-2 L2A / Microsoft Planetary Computer,Open-Meteo ERA5-Land historical reanalysis
0.0,0.0,0.0,0.0,35.594,22.4,61.375,4.31,57.0,0.6846,1,1,observed_landslide,22.64753,92.15455,2017-03-16,2017,NASA COOLR/GLC,USGS SRTM 90m via Open Topo Data,NASA MODIS MOD13Q1.061 / Microsoft Planetary Computer,Open-Meteo ERA5-Land historical reanalysis
0.0,0.0,0.0,0.0,26.65,21.137,61.167,0.98,39.0,0.54768,0,1,observed_landslide,23.438189,91.125374,2017-03-16,2017,NASA COOLR/GLC,USGS SRTM 90m via Open Topo Data,Sentinel-2 L2A / Microsoft Planetary Computer,Open-Meteo ERA5-Land historical reanalysis
0.0,0.0,0.0,0.0,41.979,19.392,78.333,2.42,15.0,0.07523,6,1,observed_landslide,25.178619,92.012806,2017-03-16,2017,NASA COOLR/GLC,USGS SRTM 90m via Open Topo Data,Sentinel-2 L2A / Microsoft Planetary Computer,Open-Meteo ERA5-Land historical reanalysis
0.0,0.0,0.0,0.0,34.846,20.05,71.0,6.16,173.0,0.68014,0,0,background_non_event,25.521598672815188,95.39890929917523,2017-03-19,2017,NASA COOLR/GLC,USGS SRTM 90m via Open Topo Data,Sentinel-2 L2A / Microsoft Planetary Computer,Open-Meteo ERA5-Land historical reanalysis
0.0,0.0,0.0,0.0,42.248,4.208,89.5,14.88,2520.0,0.6299,0,0,background_non_event,27.429222565811507,93.28284776466977,2017-03-19,2017,NASA COOLR/GLC,USGS SRTM 90m via Open Topo Data,NASA MODIS MOD13Q1.061 / Microsoft Planetary Computer,Open-Meteo ERA5-Land historical reanalysis
0.0,0.0,0.0,0.0,25.281,12.537,53.167,33.14,2055.0,0.5413,1,1,observed_landslide,23.32140323,93.75079688,2017-03-19,2017,NASA COOLR/GLC,USGS SRTM 90m via Open Topo Data,NASA MODIS MOD13Q1.061 / Microsoft Planetary Computer,Open-Meteo ERA5-Land historical reanalysis
0.0,0.0,0.0,0.0,41.485,14.642,94.792,17.62,476.0,0.627,0,0,background_non_event,28.361540320598387,94.0318208902918,2017-03-20,2017,NASA COOLR/GLC,USGS SRTM 90m via Open Topo Data,NASA MODIS MOD13Q1.061 / Microsoft Planetary Computer,Open-Meteo ERA5-Land historical reanalysis
0.0,0.0,0.0,0.0,44.331,23.771,67.0,0.95,69.0,0.43663,0,0,background_non_event,26.500711345058008,92.87648998150327,2017-03-23,2017,NASA COOLR/GLC,USGS SRTM 90m via Open Topo Data,Sentinel-2 L2A / Microsoft Planetary Computer,Open-Meteo ERA5-Land historical reanalysis
0.0,0.0,0.0,0.0,19.077,26.3,79.458,0.93,16.0,0.41631,0,0,background_non_event,24.2332459835951,89.054302302501,2017-03-24,2017,NASA COOLR/GLC,USGS SRTM 90m via Open Topo Data,Sentinel-2 L2A / Microsoft Planetary Computer,Open-Meteo ERA5-Land historical reanalysis
0.0,0.0,0.0,0.0,26.473,26.704,80.375,1.05,2.0,0.58733,0,0,background_non_event,22.531575546002227,90.40130481335905,2017-03-25,2017,NASA COOLR/GLC,USGS SRTM 90m via Open Topo Data,Sentinel-2 L2A / Microsoft Planetary Computer,Open-Meteo ERA5-Land historical reanalysis
0.0,0.0,0.0,0.0,30.425,26.613,52.875,2.11,276.0,0.5734,0,0,background_non_event,23.749240086855142,95.1312714156074,2017-03-26,2017,NASA COOLR/GLC,USGS SRTM 90m via Open Topo Data,NASA MODIS MOD13Q1.061 / Microsoft Planetary Computer,Open-Meteo ERA5-Land historical reanalysis
0.0,0.0,0.0,0.0,48.029,19.554,91.208,13.67,764.0,0.58888,2,0,background_non_event,25.87812103392463,92.2501019421877,2017-03-29,2017,NASA COOLR/GLC,USGS SRTM 90m via Open Topo Data,Sentinel-2 L2A / Microsoft Planetary Computer,Open-Meteo ERA5-Land historical reanalysis
0.0,0.0,0.0,0.0,20.035,26.017,73.292,11.28,125.0,0.47448,0,0,background_non_event,21.753173310350167,92.95684253798484,2017-03-30,2017,NASA COOLR/GLC,USGS SRTM 90m via Open Topo Data,Sentinel-2 L2A / Microsoft Planetary Computer,Open-Meteo ERA5-Land historical reanalysis
0.0,0.0,0.0,0.0,47.225,17.492,94.708,35.0,1008.0,0.8363,0,1,observed_landslide,24.79591421,93.72386429,2017-03-30,2017,NASA COOLR/GLC,USGS SRTM 90m via Open Topo Data,NASA MODIS MOD13Q1.061 / Microsoft Planetary Computer,Open-Meteo ERA5-Land historical reanalysis
0.0,0.0,0.0,0.0,47.906,14.354,96.125,14.35,1481.0,0.68164,2,0,background_non_event,26.521897790442804,95.45054478689464,2017-04-01,2017,NASA COOLR/GLC,USGS SRTM 90m via Open Topo Data,Sentinel-2 L2A / Microsoft Planetary Computer,Open-Meteo ERA5-Land historical reanalysis
0.0,0.0,0.0,0.0,48.377,18.875,93.208,15.55,660.0,0.44981,0,0,background_non_event,27.177850523534172,95.95466626583698,2017-04-01,2017,NASA COOLR/GLC,USGS SRTM 90m via Open Topo Data,Sentinel-2 L2A / Microsoft Planetary Computer,Open-Meteo ERA5-Land historical reanalysis
0.0,0.0,0.0,0.0,41.648,17.304,94.542,10.51,992.0,0.7976,1,0,background_non_event,25.069850008768803,93.60476355628623,2017-04-04,2017,NASA COOLR/GLC,USGS SRTM 90m via Open Topo Data,NASA MODIS MOD13Q1.061 / Microsoft Planetary Computer,Open-Meteo ERA5-Land historical reanalysis
0.0,0.0,0.0,0.0,48.267,21.708,88.583,0.6,17.0,0.04182,1,0,background_non_event,25.6263899288072,89.72245868748243,2017-04-04,2017,NASA COOLR/GLC,USGS SRTM 90m via Open Topo Data,Sentinel-2 L2A / Microsoft Planetary Computer,Open-Meteo ERA5-Land historical reanalysis
0.0,0.0,0.0,0.0,47.748,20.988,91.917,10.63,159.0,0.632,1,1,observed_landslide,25.118398,92.853913,2017-04-04,2017,NASA COOLR/GLC,USGS SRTM 90m via Open Topo Data,NASA MODIS MOD13Q1.061 / Microsoft Planetary Computer,Open-Meteo ERA5-Land historical reanalysis
0.0,0.0,0.0,0.0,45.91,18.883,92.667,14.46,725.0,0.7178,1,1,observed_landslide,25.132228,93.04681,2017-04-04,2017,NASA COOLR/GLC,USGS SRTM 90m via Open Topo Data,NASA MODIS MOD13Q1.061 / Microsoft Planetary Computer,Open-Meteo ERA5-Land historical reanalysis
0.0,0.0,0.0,0.0,49.471,19.754,93.625,7.55,584.0,0.6426,0,1,observed_landslide,25.181453,93.118105,2017-04-04,2017,NASA COOLR/GLC,USGS SRTM 90m via Open Topo Data,NASA MODIS MOD13Q1.061 / Microsoft Planetary Computer,Open-Meteo ERA5-Land historical reanalysis
0.0,0.0,0.0,0.0,48.983,19.713,93.625,10.39,662.0,0.7077,0,1,observed_landslide,25.195355,93.172758,2017-04-04,2017,NASA COOLR/GLC,USGS SRTM 90m via Open Topo Data,NASA MODIS MOD13Q1.061 / Microsoft Planetary Computer,Open-Meteo ERA5-Land historical reanalysis
0.0,0.0,0.0,0.0,48.375,20.883,93.458,4.4,170.0,0.7343,0,1,observed_landslide,25.481623,93.141692,2017-04-04,2017,NASA COOLR/GLC,USGS SRTM 90m via Open Topo Data,NASA MODIS MOD13Q1.061 / Microsoft Planetary Computer,Open-Meteo ERA5-Land historical reanalysis
0.0,0.0,0.0,0.0,46.533,22.479,81.083,9.49,107.0,0.38131,7,1,observed_landslide,26.16066111,91.85294885,2017-04-05,2017,NASA COOLR/GLC,USGS SRTM 90m via Open Topo Data,Sentinel-2 L2A / Microsoft Planetary Computer,Open-Meteo ERA5-Land historical reanalysis
0.0,0.0,0.0,0.0,43.844,15.133,91.042,13.58,1658.0,0.7935,2,1,observed_landslide,25.08303063,94.23757741,2017-04-06,2017,NASA COOLR/GLC,USGS SRTM 90m via Open Topo Data,NASA MODIS MOD13Q1.061 / Microsoft Planetary Computer,Open-Meteo ERA5-Land historical reanalysis
0.0,0.0,0.0,0.0,38.623,5.667,78.417,30.22,3128.0,0.0663,0,0,background_non_event,28.293506448877256,93.75009688808329,2017-04-07,2017,NASA COOLR/GLC,USGS SRTM 90m via Open Topo Data,NASA MODIS MOD13Q1.061 / Microsoft Planetary Computer,Open-Meteo ERA5-Land historical reanalysis
0.0,0.0,0.0,0.0,47.2,20.175,87.458,22.94,837.0,0.737,4,1,observed_landslide,25.77171292,93.93507183,2017-04-07,2017,NASA COOLR/GLC,USGS SRTM 90m via Open Topo Data,NASA MODIS MOD13Q1.061 / Microsoft Planetary Computer,Open-Meteo ERA5-Land historical reanalysis
0.0,0.0,0.0,0.0,27.985,25.65,70.583,13.26,703.0,0.7809,1,0,background_non_event,23.46806488878176,92.8859933936074,2017-04-08,2017,NASA COOLR/GLC,USGS SRTM 90m via Open Topo Data,NASA MODIS MOD13Q1.061 / Microsoft Planetary Computer,Open-Meteo ERA5-Land historical reanalysis
0.0,0.0,0.0,0.0,40.76,27.383,87.917,0.15,5.0,-0.23032,1,0,background_non_event,24.732149999030245,91.31698315110825,2017-04-09,2017,NASA COOLR/GLC,USGS SRTM 90m via Open Topo Data,Sentinel-2 L2A / Microsoft Planetary Computer,Open-Meteo ERA5-Land historical reanalysis
0.0,0.0,0.0,0.0,19.792,29.033,54.917,1.06,55.0,0.7965,0,0,background_non_event,23.066719715652948,92.38288738468768,2017-04-14,2017,NASA COOLR/GLC,USGS SRTM 90m via Open Topo Data,NASA MODIS MOD13Q1.061 / Microsoft Planetary Computer,Open-Meteo ERA5-Land historical reanalysis
0.0,0.0,0.0,0.0,32.275,26.875,72.083,1.83,56.0,0.69524,0,0,background_non_event,25.84471843914566,90.08755484511288,2017-04-14,2017,NASA COOLR/GLC,USGS SRTM 90m via Open Topo Data,Sentinel-2 L2A / Microsoft Planetary Computer,Open-Meteo ERA5-Land historical reanalysis
0.0,0.0,0.0,0.0,42.923,18.946,93.0,15.9,714.0,0.08614,0,0,background_non_event,25.10564457839511,96.44222471070309,2017-04-16,2017,NASA COOLR/GLC,USGS SRTM 90m via Open Topo Data,Sentinel-2 L2A / Microsoft Planetary Computer,Open-Meteo ERA5-Land historical reanalysis
0.0,0.0,0.0,0.0,42.64,8.263,91.042,39.13,2796.0,0.06487,0,0,background_non_event,29.34178672147916,95.07675322205858,2017-04-20,2017,NASA COOLR/GLC,USGS SRTM 90m via Open Topo Data,Sentinel-2 L2A / Microsoft Planetary Computer,Open-Meteo ERA5-Land historical reanalysis
0.0,0.0,0.0,0.0,42.421,15.558,95.167,16.06,1661.0,0.0714,2,1,observed_landslide,27.61790706,93.84196894,2017-04-22,2017,NASA COOLR/GLC,USGS SRTM 90m via Open Topo Data,NASA MODIS MOD13Q1.061 / Microsoft Planetary Computer,Open-Meteo ERA5-Land historical reanalysis
0.0,0.0,0.0,0.0,42.069,18.604,95.5,23.48,1083.0,0.0647,2,1,observed_landslide,27.6802471,93.62592773,2017-04-22,2017,NASA COOLR/GLC,USGS SRTM 90m via Open Topo Data,NASA MODIS MOD13Q1.061 / Microsoft Planetary Computer,Open-Meteo ERA5-Land historical reanalysis
0.0,0.0,0.0,0.0,41.802,0.888,90.792,43.31,3975.0,-0.0195,0,0,background_non_event,28.790668737938326,96.47482125062407,2017-04-23,2017,NASA COOLR/GLC,USGS SRTM 90m via Open Topo Data,NASA MODIS MOD13Q1.061 / Microsoft Planetary Computer,Open-Meteo ERA5-Land historical reanalysis
0.0,0.0,0.0,0.0,42.44,8.679,93.417,19.14,2883.0,0.67869,2,0,background_non_event,27.79103764317025,91.41215311961216,2017-04-24,2017,NASA COOLR/GLC,USGS SRTM 90m via Open Topo Data,Sentinel-2 L2A / Microsoft Planetary Computer,Open-Meteo ERA5-Land historical reanalysis
0.0,0.0,0.0,0.0,38.679,23.029,83.625,27.66,668.0,0.8162,1,1,observed_landslide,24.0135808,92.67420963,2017-04-25,2017,NASA COOLR/GLC,USGS SRTM 90m via Open Topo Data,NASA MODIS MOD13Q1.061 / Microsoft Planetary Computer,Open-Meteo ERA5-Land historical reanalysis
0.0,0.0,0.0,0.0,47.294,26.062,77.292,1.61,130.0,0.6976,5,0,background_non_event,26.083512328464145,93.93576170791556,2017-04-26,2017,NASA COOLR/GLC,USGS SRTM 90m via Open Topo Data,NASA MODIS MOD13Q1.061 / Microsoft Planetary Computer,Open-Meteo ERA5-Land historical reanalysis
0.0,0.0,0.0,0.0,49.154,22.983,93.542,12.99,304.0,0.6204,1,1,observed_landslide,27.104022,93.61156568,2017-04-26,2017,NASA COOLR/GLC,USGS SRTM 90m via Open Topo Data,NASA MODIS MOD13Q1.061 / Microsoft Planetary Computer,Open-Meteo ERA5-Land historical reanalysis
0.0,0.0,0.0,0.0,40.346,28.417,71.0,1.78,186.0,0.6071,0,0,background_non_event,23.456635498491714,95.29875863459765,2017-04-29,2017,NASA COOLR/GLC,USGS SRTM 90m via Open Topo Data,NASA MODIS MOD13Q1.061 / Microsoft Planetary Computer,Open-Meteo ERA5-Land historical reanalysis
0.0,0.0,0.0,0.0,44.648,23.104,80.875,3.77,595.0,0.7031,1,1,observed_landslide,25.61919207,92.7094701,2017-04-29,2017,NASA COOLR/GLC,USGS SRTM 90m via Open Topo Data,Sentinel-2 L2A / Microsoft Planetary Computer,Open-Meteo ERA5-Land historical reanalysis
0.0,0.0,0.0,0.0,48.496,24.671,81.375,10.62,203.0,0.6806,0,0,background_non_event,25.253799413326135,95.04111095137262,2017-05-01,2017,NASA COOLR/GLC,USGS SRTM 90m via Open Topo Data,Sentinel-2 L2A / Microsoft Planetary Computer,Open-Meteo ERA5-Land historical reanalysis
0.0,0.0,0.0,0.0,42.533,24.3,76.208,1.9,241.0,0.6542,0,0,background_non_event,26.522374269690484,96.87874125039953,2017-05-01,2017,NASA COOLR/GLC,USGS SRTM 90m via Open Topo Data,NASA MODIS MOD13Q1.061 / Microsoft Planetary Computer,Open-Meteo ERA5-Land historical reanalysis
0.0,0.0,0.0,0.0,32.783,22.65,89.542,1.68,341.0,0.7566,0,0,background_non_event,26.897624985546365,92.09736191335514,2017-05-01,2017,NASA COOLR/GLC,USGS SRTM 90m via Open Topo Data,NASA MODIS MOD13Q1.061 / Microsoft Planetary Computer,Open-Meteo ERA5-Land historical reanalysis
0.0,0.0,0.0,0.0,42.627,8.379,93.292,7.05,2930.0,0.39334,0,0,background_non_event,29.53389448533149,94.88969109574913,2017-05-01,2017,NASA COOLR/GLC,USGS SRTM 90m via Open Topo Data,Sentinel-2 L2A / Microsoft Planetary Computer,Open-Meteo ERA5-Land historical reanalysis
0.0,0.0,0.0,0.0,33.431,26.296,70.542,3.69,203.0,0.60138,0,0,background_non_event,23.873035104303767,94.33939523880329,2017-05-03,2017,NASA COOLR/GLC,USGS SRTM 90m via Open Topo Data,Sentinel-2 L2A / Microsoft Planetary Computer,Open-Meteo ERA5-Land historical reanalysis
0.0,0.0,0.0,0.0,41.708,0.454,89.167,29.64,4275.0,0.075,0,0,background_non_event,28.1299383948899,92.75788464779237,2017-05-03,2017,NASA COOLR/GLC,USGS SRTM 90m via Open Topo Data,NASA MODIS MOD13Q1.061 / Microsoft Planetary Computer,Open-Meteo ERA5-Land historical reanalysis
0.0,0.0,0.0,0.0,41.74,19.329,81.917,16.74,982.0,0.7058,3,1,observed_landslide,27.82743132,93.62407259,2017-05-03,2017,NASA COOLR/GLC,USGS SRTM 90m via Open Topo Data,NASA MODIS MOD13Q1.061 / Microsoft Planetary Computer,Open-Meteo ERA5-Land historical reanalysis
0.0,0.0,0.0,0.0,42.633,8.604,95.458,39.68,2564.0,0.68541,0,0,background_non_event,28.57236963910988,94.32672442254703,2017-05-05,2017,NASA COOLR/GLC,USGS SRTM 90m via Open Topo Data,Sentinel-2 L2A / Microsoft Planetary Computer,Open-Meteo ERA5-Land historical reanalysis
0.0,0.0,0.0,0.0,35.883,18.758,73.708,10.98,1690.0,0.2894,2,0,background_non_event,25.249954110728453,93.80121280993362,2017-05-06,2017,NASA COOLR/GLC,USGS SRTM 90m via Open Topo Data,NASA MODIS MOD13Q1.061 / Microsoft Planetary Computer,Open-Meteo ERA5-Land historical reanalysis
0.0,0.0,0.0,0.0,33.977,31.154,61.375,0.8,68.0,0.4509,0,0,background_non_event,21.85843486572675,95.86782088113324,2017-05-07,2017,NASA COOLR/GLC,USGS SRTM 90m via Open Topo Data,NASA MODIS MOD13Q1.061 / Microsoft Planetary Computer,Open-Meteo ERA5-Land historical reanalysis
0.0,0.0,0.0,0.0,47.3,23.171,86.458,6.95,459.0,0.70454,0,0,background_non_event,25.662163409416,90.43965945368073,2017-05-07,2017,NASA COOLR/GLC,USGS SRTM 90m via Open Topo Data,Sentinel-2 L2A / Microsoft Planetary Computer,Open-Meteo ERA5-Land historical reanalysis
0.0,0.0,0.0,0.0,37.567,-3.812,95.0,16.43,5395.0,-0.0134,1,0,background_non_event,27.9079311390275,88.82551629754991,2017-05-15,2017,NASA COOLR/GLC,USGS SRTM 90m via Open Topo Data,NASA MODIS MOD13Q1.061 / Microsoft Planetary Computer,Open-Meteo ERA5-Land historical reanalysis
0.0,0.0,0.0,0.0,35.552,21.9,89.208,16.65,846.0,0.4954,0,0,background_non_event,24.0781483501772,93.47715805780531,2017-05-16,2017,NASA COOLR/GLC,USGS SRTM 90m via Open Topo Data,NASA MODIS MOD13Q1.061 / Microsoft Planetary Computer,Open-Meteo ERA5-Land historical reanalysis
0.0,0.0,0.0,0.0,48.088,19.675,92.792,23.68,983.0,0.4825,5,1,observed_landslide,25.73318099,93.99655231,2017-05-16,2017,NASA COOLR/GLC,USGS SRTM 90m via Open Topo Data,NASA MODIS MOD13Q1.061 / Microsoft Planetary Computer,Open-Meteo ERA5-Land historical reanalysis
0.0,0.0,0.0,0.0,16.827,28.238,77.375,20.61,271.0,0.66859,0,0,background_non_event,21.739554275501725,92.83144021651445,2017-05-18,2017,NASA COOLR/GLC,USGS SRTM 90m via Open Topo Data,Sentinel-2 L2A / Microsoft Planetary Computer,Open-Meteo ERA5-Land historical reanalysis
0.0,0.0,0.0,0.0,35.067,-0.675,49.833,19.66,5470.0,0.0735,0,0,background_non_event,29.452522291099452,89.81455687995084,2017-05-19,2017,NASA COOLR/GLC,USGS SRTM 90m via Open Topo Data,NASA MODIS MOD13Q1.061 / Microsoft Planetary Computer,Open-Meteo ERA5-Land historical reanalysis
0.0,0.0,0.0,0.0,47.577,20.371,82.583,26.84,1449.0,0.6832,7,0,background_non_event,26.230359380688277,94.7125414332968,2017-05-21,2017,NASA COOLR/GLC,USGS SRTM 90m via Open Topo Data,NASA MODIS MOD13Q1.061 / Microsoft Planetary Computer,Open-Meteo ERA5-Land historical reanalysis
0.0,0.0,0.0,0.0,24.006,23.287,63.333,9.69,1492.0,0.80536,2,0,background_non_event,23.115008083641488,93.44778318845306,2017-05-23,2017,NASA COOLR/GLC,USGS SRTM 90m via Open Topo Data,Sentinel-2 L2A / Microsoft Planetary Computer,Open-Meteo ERA5-Land historical reanalysis
0.0,0.0,0.0,0.0,39.477,29.254,83.875,0.0,92.0,0.0491,0,0,background_non_event,23.527516004376764,91.82045189430268,2017-05-23,2017,NASA COOLR/GLC,USGS SRTM 90m via Open Topo Data,NASA MODIS MOD13Q1.061 / Microsoft Planetary Computer,Open-Meteo ERA5-Land historical reanalysis
0.0,0.0,0.0,0.0,41.315,-0.588,86.667,3.62,5145.0,0.117,0,0,background_non_event,28.109315295996286,88.76840841912042,2017-05-23,2017,NASA COOLR/GLC,USGS SRTM 90m via Open Topo Data,NASA MODIS MOD13Q1.061 / Microsoft Planetary Computer,Open-Meteo ERA5-Land historical reanalysis
0.0,0.0,0.0,0.0,42.76,21.608,97.083,33.44,880.0,0.5396,4,1,observed_landslide,27.769793,93.50995626,2017-05-24,2017,NASA COOLR/GLC,USGS SRTM 90m via Open Topo Data,NASA MODIS MOD13Q1.061 / Microsoft Planetary Computer,Open-Meteo ERA5-Land historical reanalysis
0.0,0.0,0.0,0.0,24.942,26.083,68.625,16.44,790.0,0.67522,0,0,background_non_event,22.854171581758514,93.2142981763222,2017-05-26,2017,NASA COOLR/GLC,USGS SRTM 90m via Open Topo Data,Sentinel-2 L2A / Microsoft Planetary Computer,Open-Meteo ERA5-Land historical reanalysis
0.0,0.0,0.0,0.0,48.5,24.05,86.75,8.6,582.0,0.4223,9,1,observed_landslide,25.907233,91.881892,2017-05-26,2017,NASA COOLR/GLC,USGS SRTM 90m via Open Topo Data,NASA MODIS MOD13Q1.061 / Microsoft Planetary Computer,Open-Meteo ERA5-Land historical reanalysis
0.0,0.0,0.0,0.0,41.825,16.896,89.583,47.41,1655.0,0.84615,5,1,observed_landslide,27.54295099,88.59676956,2017-05-26,2017,NASA COOLR/GLC,USGS SRTM 90m via Open Topo Data,Sentinel-2 L2A / Microsoft Planetary Computer,Open-Meteo ERA5-Land historical reanalysis
0.0,0.0,0.0,0.0,49.417,24.917,93.792,6.78,282.0,0.22246,0,0,background_non_event,23.943455365192047,94.9461562197677,2017-05-29,2017,NASA COOLR/GLC,USGS SRTM 90m via Open Topo Data,Sentinel-2 L2A / Microsoft Planetary Computer,Open-Meteo ERA5-Land historical reanalysis
0.0,0.0,0.0,0.0,42.475,18.454,99.792,14.19,1568.0,0.53642,0,1,observed_landslide,22.65620215,93.61589869,2017-05-29,2017,NASA COOLR/GLC,USGS SRTM 90m via Open Topo Data,Sentinel-2 L2A / Microsoft Planetary Computer,Open-Meteo ERA5-Land historical reanalysis
0.0,0.0,0.0,0.0,49.212,24.425,96.875,4.31,35.0,0.2851,5,0,background_non_event,24.688427564150928,92.46451434795969,2017-06-01,2017,NASA COOLR/GLC,USGS SRTM 90m via Open Topo Data,NASA MODIS MOD13Q1.061 / Microsoft Planetary Computer,Open-Meteo ERA5-Land historical reanalysis
0.0,0.0,0.0,0.0,40.819,20.496,93.833,25.47,1092.0,0.2265,2,1,observed_landslide,23.73941422,92.71505961,2017-06-01,2017,NASA COOLR/GLC,USGS SRTM 90m via Open Topo Data,NASA MODIS MOD13Q1.061 / Microsoft Planetary Computer,Open-Meteo ERA5-Land historical reanalysis
0.0,0.0,0.0,0.0,50.381,20.312,88.417,18.21,1438.0,0.0908,6,1,observed_landslide,25.67061161,94.11844319,2017-06-02,2017,NASA COOLR/GLC,USGS SRTM 90m via Open Topo Data,NASA MODIS MOD13Q1.061 / Microsoft Planetary Computer,Open-Meteo ERA5-Land historical reanalysis
0.0,0.0,0.0,0.0,42.273,25.9,92.625,5.15,125.0,0.53239,0,1,observed_landslide,23.86469956,91.8949662,2017-06-03,2017,NASA COOLR/GLC,USGS SRTM 90m via Open Topo Data,Sentinel-2 L2A / Microsoft Planetary Computer,Open-Meteo ERA5-Land historical reanalysis
0.0,0.0,0.0,0.0,42.421,26.621,89.958,1.63,36.0,0.18154,1,1,observed_landslide,24.19467451,91.82931979,2017-06-03,2017,NASA COOLR/GLC,USGS SRTM 90m via Open Topo Data,Sentinel-2 L2A / Microsoft Planetary Computer,Open-Meteo ERA5-Land historical reanalysis
0.0,0.0,0.0,0.0,47.258,26.808,86.667,2.91,243.0,0.82022,0,0,background_non_event,25.228141918732923,95.55440140958092,2017-06-04,2017,NASA COOLR/GLC,USGS SRTM 90m via Open Topo Data,Sentinel-2 L2A / Microsoft Planetary Computer,Open-Meteo ERA5-Land historical reanalysis
0.0,0.0,0.0,0.0,41.277,4.529,48.292,43.05,4402.0,0.7087,0,0,background_non_event,28.78069363715842,93.52248394520024,2017-06-04,2017,NASA COOLR/GLC,USGS SRTM 90m via Open Topo Data,NASA MODIS MOD13Q1.061 / Microsoft Planetary Computer,Open-Meteo ERA5-Land historical reanalysis
0.0,0.0,0.0,0.0,48.396,21.325,93.083,10.17,981.0,0.8629,6,1,observed_landslide,25.15246863,92.94670614,2017-06-04,2017,NASA COOLR/GLC,USGS SRTM 90m via Open Topo Data,NASA MODIS MOD13Q1.061 / Microsoft Planetary Computer,Open-Meteo ERA5-Land historical reanalysis
0.0,0.0,0.0,0.0,46.0,24.463,89.917,11.42,485.0,0.9009,2,1,observed_landslide,27.05909317,93.54235868,2017-06-04,2017,NASA COOLR/GLC,USGS SRTM 90m via Open Topo Data,NASA MODIS MOD13Q1.061 / Microsoft Planetary Computer,Open-Meteo ERA5-Land historical reanalysis
0.0,0.0,0.0,0.0,38.115,29.5,85.625,0.53,11.0,0.64103,0,0,background_non_event,23.58511184968663,88.66139071444907,2017-06-05,2017,NASA COOLR/GLC,USGS SRTM 90m via Open Topo Data,Sentinel-2 L2A / Microsoft Planetary Computer,Open-Meteo ERA5-Land historical reanalysis
0.0,0.0,0.0,0.0,39.779,4.779,77.542,28.45,4160.0,0.0297,4,0,background_non_event,27.653785510014693,91.76739727089293,2017-06-05,2017,NASA COOLR/GLC,USGS SRTM 90m via Open Topo Data,NASA MODIS MOD13Q1.061 / Microsoft Planetary Computer,Open-Meteo ERA5-Land historical reanalysis
0.0,0.0,0.0,0.0,38.525,30.083,73.917,1.58,108.0,0.36715,0,1,observed_landslide,23.19807165,94.29816252,2017-06-05,2017,NASA COOLR/GLC,USGS SRTM 90m via Open Topo Data,Sentinel-2 L2A / Microsoft Planetary Computer,Open-Meteo ERA5-Land historical reanalysis
0.0,0.0,0.0,0.0,42.352,18.171,92.875,18.61,1829.0,0.0103,13,1,observed_landslide,26.9653186,88.2667225,2017-06-05,2017,NASA COOLR/GLC,USGS SRTM 90m via Open Topo Data,NASA MODIS MOD13Q1.061 / Microsoft Planetary Computer,Open-Meteo ERA5-Land historical reanalysis
0.0,0.0,0.0,0.0,43.894,25.471,81.25,0.95,697.0,0.1799,0,0,background_non_event,21.954388368873552,97.20625571831897,2017-06-09,2017,NASA COOLR/GLC,USGS SRTM 90m via Open Topo Data,NASA MODIS MOD13Q1.061 / Microsoft Planetary Computer,Open-Meteo ERA5-Land historical reanalysis
0.0,0.0,0.0,0.0,40.552,27.171,87.25,20.56,172.0,0.8077,1,1,observed_landslide,22.90813548,92.47207294,2017-06-09,2017,NASA COOLR/GLC,USGS SRTM 90m via Open Topo Data,NASA MODIS MOD13Q1.061 / Microsoft Planetary Computer,Open-Meteo ERA5-Land historical reanalysis
0.0,0.0,0.0,0.0,41.402,28.975,85.125,0.77,36.0,0.1115,1,0,background_non_event,26.04823559325876,89.51467716248182,2017-06-10,2017,NASA COOLR/GLC,USGS SRTM 90m via Open Topo Data,NASA MODIS MOD13Q1.061 / Microsoft Planetary Computer,Open-Meteo ERA5-Land historical reanalysis
0.0,0.0,0.0,0.0,42.194,23.637,89.083,18.4,880.0,0.739,3,1,observed_landslide,23.73354779,92.74744512,2017-06-10,2017,NASA COOLR/GLC,USGS SRTM 90m via Open Topo Data,NASA MODIS MOD13Q1.061 / Microsoft Planetary Computer,Open-Meteo ERA5-Land historical reanalysis
0.0,0.0,0.0,0.0,42.85,25.367,100.0,3.14,40.0,0.2443,2,1,observed_landslide,22.59420297,92.16404889,2017-06-12,2017,NASA COOLR/GLC,USGS SRTM 90m via Open Topo Data,NASA MODIS MOD13Q1.061 / Microsoft Planetary Computer,Open-Meteo ERA5-Land historical reanalysis
0.0,0.0,0.0,0.0,42.96,21.783,100.0,19.37,926.0,0.681,3,1,observed_landslide,23.33501164,92.85410625,2017-06-12,2017,NASA COOLR/GLC,USGS SRTM 90m via Open Topo Data,NASA MODIS MOD13Q1.061 / Microsoft Planetary Computer,Open-Meteo ERA5-Land historical reanalysis
0.0,0.0,0.0,0.0,42.944,17.342,99.375,14.65,1846.0,0.1128,3,1,observed_landslide,25.11956675,94.36416626,2017-06-12,2017,NASA COOLR/GLC,USGS SRTM 90m via Open Topo Data,NASA MODIS MOD13Q1.061 / Microsoft Planetary Computer,Open-Meteo ERA5-Land historical reanalysis
0.0,0.0,0.0,0.0,42.692,2.242,98.417,33.86,4928.0,0.15466,0,0,background_non_event,27.921862015860995,90.42327902444063,2017-06-13,2017,NASA COOLR/GLC,USGS SRTM 90m via Open Topo Data,Sentinel-2 L2A / Microsoft Planetary Computer,Open-Meteo ERA5-Land historical reanalysis
0.0,0.0,0.0,0.0,42.8,25.346,98.917,5.61,45.0,0.8593,0,1,observed_landslide,21.87861504,92.2676503,2017-06-13,2017,NASA COOLR/GLC,USGS SRTM 90m via Open Topo Data,NASA MODIS MOD13Q1.061 / Microsoft Planetary Computer,Open-Meteo ERA5-Land historical reanalysis
0.0,0.0,0.0,0.0,42.977,26.196,93.542,4.61,41.0,0.5078,3,1,observed_landslide,22.35037081,91.83258101,2017-06-13,2017,NASA COOLR/GLC,USGS SRTM 90m via Open Topo Data,NASA MODIS MOD13Q1.061 / Microsoft Planetary Computer,Open-Meteo ERA5-Land historical reanalysis
0.0,0.0,0.0,0.0,42.725,25.629,96.792,0.63,6.0,0.3772,3,1,observed_landslide,22.44394492,91.97239273,2017-06-13,2017,NASA COOLR/GLC,USGS SRTM 90m via Open Topo Data,NASA MODIS MOD13Q1.061 / Microsoft Planetary Computer,Open-Meteo ERA5-Land historical reanalysis
0.0,0.0,0.0,0.0,29.94,24.817,98.833,2.82,53.0,0.4974,4,1,observed_landslide,22.65242372,92.15898865,2017-06-13,2017,NASA COOLR/GLC,USGS SRTM 90m via Open Topo Data,NASA MODIS MOD13Q1.061 / Microsoft Planetary Computer,Open-Meteo ERA5-Land historical reanalysis
0.0,0.0,0.0,0.0,29.94,23.517,98.792,6.68,248.0,0.7491,3,1,observed_landslide,22.74955141,92.22099982,2017-06-13,2017,NASA COOLR/GLC,USGS SRTM 90m via Open Topo Data,NASA MODIS MOD13Q1.061 / Microsoft Planetary Computer,Open-Meteo ERA5-Land historical reanalysis
0.0,0.0,0.0,0.0,42.84,25.338,98.625,1.26,37.0,0.2971,3,1,observed_landslide,22.80452414,91.91261915,2017-06-13,2017,NASA COOLR/GLC,USGS SRTM 90m via Open Topo Data,NASA MODIS MOD13Q1.061 / Microsoft Planetary Computer,Open-Meteo ERA5-Land historical reanalysis
0.0,0.0,0.0,0.0,15.59,8.367,67.125,40.94,4497.0,0.06024,0,0,background_non_event,28.66846461039831,89.54855327889369,2017-06-14,2017,NASA COOLR/GLC,USGS SRTM 90m via Open Topo Data,Sentinel-2 L2A / Microsoft Planetary Computer,Open-Meteo ERA5-Land historical reanalysis
0.0,0.0,0.0,0.0,48.6,19.05,97.5,30.11,1300.0,0.2944,0,0,background_non_event,26.845370661889156,96.68291175764696,2017-06-17,2017,NASA COOLR/GLC,USGS SRTM 90m via Open Topo Data,NASA MODIS MOD13Q1.061 / Microsoft Planetary Computer,Open-Meteo ERA5-Land historical reanalysis
0.0,0.0,0.0,0.0,42.296,24.221,94.167,15.1,511.0,0.8308,5,1,observed_landslide,23.65637182,93.02746602,2017-06-17,2017,NASA COOLR/GLC,USGS SRTM 90m via Open Topo Data,NASA MODIS MOD13Q1.061 / Microsoft Planetary Computer,Open-Meteo ERA5-Land historical reanalysis
0.0,0.0,0.0,0.0,47.41,18.004,97.667,2.07,1880.0,0.7791,6,1,observed_landslide,25.43807422,91.79904872,2017-06-17,2017,NASA COOLR/GLC,USGS SRTM 90m via Open Topo Data,NASA MODIS MOD13Q1.061 / Microsoft Planetary Computer,Open-Meteo ERA5-Land historical reanalysis
0.0,0.0,0.0,0.0,46.538,21.387,95.792,12.98,980.0,0.8216,3,1,observed_landslide,25.67836832,91.9234343,2017-06-17,2017,NASA COOLR/GLC,USGS SRTM 90m via Open Topo Data,NASA MODIS MOD13Q1.061 / Microsoft Planetary Computer,Open-Meteo ERA5-Land historical reanalysis
0.0,0.0,0.0,0.0,48.912,26.742,86.458,0.5,76.0,0.448,2,0,background_non_event,26.901150289214026,94.02288353531983,2017-06-18,2017,NASA COOLR/GLC,USGS SRTM 90m via Open Topo Data,NASA MODIS MOD13Q1.061 / Microsoft Planetary Computer,Open-Meteo ERA5-Land historical reanalysis
0.0,0.0,0.0,0.0,40.133,3.442,80.542,11.55,5159.0,0.13665,0,0,background_non_event,28.431839044329667,91.8938838284666,2017-06-18,2017,NASA COOLR/GLC,USGS SRTM 90m via Open Topo Data,Sentinel-2 L2A / Microsoft Planetary Computer,Open-Meteo ERA5-Land historical reanalysis
0.0,0.0,0.0,0.0,42.194,26.383,91.083,7.17,94.0,0.664,7,1,observed_landslide,22.84756674,91.95656252,2017-06-18,2017,NASA COOLR/GLC,USGS SRTM 90m via Open Topo Data,NASA MODIS MOD13Q1.061 / Microsoft Planetary Computer,Open-Meteo ERA5-Land historical reanalysis
0.0,0.0,0.0,0.0,48.092,26.442,92.5,3.79,70.0,0.6542,3,1,observed_landslide,22.97758595,91.80439129,2017-06-18,2017,NASA COOLR/GLC,USGS SRTM 90m via Open Topo Data,NASA MODIS MOD13Q1.061 / Microsoft Planetary Computer,Open-Meteo ERA5-Land historical reanalysis
0.0,0.0,0.0,0.0,47.69,25.912,94.208,6.1,66.0,0.7845,3,1,observed_landslide,24.70412149,92.23034662,2017-06-18,2017,NASA COOLR/GLC,USGS SRTM 90m via Open Topo Data,NASA MODIS MOD13Q1.061 / Microsoft Planetary Computer,Open-Meteo ERA5-Land historical reanalysis
0.0,0.0,0.0,0.0,42.74,24.496,93.0,13.55,168.0,0.8836,1,1,observed_landslide,26.96437841,92.78260587,2017-06-18,2017,NASA COOLR/GLC,USGS SRTM 90m via Open Topo Data,NASA MODIS MOD13Q1.061 / Microsoft Planetary Computer,Open-Meteo ERA5-Land historical reanalysis
0.0,0.0,0.0,0.0,42.571,25.892,92.417,2.71,46.0,0.87,2,1,observed_landslide,24.33197035,91.8008536,2017-06-19,2017,NASA COOLR/GLC,USGS SRTM 90m via Open Topo Data,NASA MODIS MOD13Q1.061 / Microsoft Planetary Computer,Open-Meteo ERA5-Land historical reanalysis
0.0,0.0,0.0,0.0,41.673,25.113,93.417,1.23,203.0,0.6549,3,1,observed_landslide,27.06992579,93.6146564,2017-06-19,2017,NASA COOLR/GLC,USGS SRTM 90m via Open Topo Data,NASA MODIS MOD13Q1.061 / Microsoft Planetary Computer,Open-Meteo ERA5-Land historical reanalysis
0.0,0.0,0.0,0.0,42.808,22.358,93.333,21.48,830.0,0.9355,0,1,observed_landslide,28.10756941,94.18315697,2017-06-20,2017,NASA COOLR/GLC,USGS SRTM 90m via Open Topo Data,NASA MODIS MOD13Q1.061 / Microsoft Planetary Computer,Open-Meteo ERA5-Land historical reanalysis
0.0,0.0,0.0,0.0,47.104,25.242,89.875,9.39,496.0,0.9163,4,1,observed_landslide,27.05880384,93.54136779,2017-06-21,2017,NASA COOLR/GLC,USGS SRTM 90m via Open Topo Data,NASA MODIS MOD13Q1.061 / Microsoft Planetary Computer,Open-Meteo ERA5-Land historical reanalysis
0.0,0.0,0.0,0.0,49.081,25.762,88.75,19.85,426.0,0.03392,0,0,background_non_event,24.80688097126663,95.65101669561498,2017-06-24,2017,NASA COOLR/GLC,USGS SRTM 90m via Open Topo Data,Sentinel-2 L2A / Microsoft Planetary Computer,Open-Meteo ERA5-Land historical reanalysis
0.0,0.0,0.0,0.0,48.046,28.192,86.958,0.96,61.0,0.6785,8,0,background_non_event,26.438208844638915,91.72956688804814,2017-06-24,2017,NASA COOLR/GLC,USGS SRTM 90m via Open Topo Data,NASA MODIS MOD13Q1.061 / Microsoft Planetary Computer,Open-Meteo ERA5-Land historical reanalysis
0.0,0.0,0.0,0.0,48.008,26.254,87.458,6.92,339.0,0.9092,3,1,observed_landslide,26.66354481,94.62220277,2017-06-24,2017,NASA COOLR/GLC,USGS SRTM 90m via Open Topo Data,NASA MODIS MOD13Q1.061 / Microsoft Planetary Computer,Open-Meteo ERA5-Land historical reanalysis
0.0,0.0,0.0,0.0,46.998,28.808,82.333,0.81,21.0,0.305,8,0,background_non_event,24.936808382320947,92.64993580954453,2017-06-25,2017,NASA COOLR/GLC,USGS SRTM 90m via Open Topo Data,NASA MODIS MOD13Q1.061 / Microsoft Planetary Computer,Open-Meteo ERA5-Land historical reanalysis
0.0,0.0,0.0,0.0,47.202,26.363,89.625,11.1,315.0,0.8936,5,0,background_non_event,25.816342642155124,96.70493826321659,2017-06-25,2017,NASA COOLR/GLC,USGS SRTM 90m via Open Topo Data,NASA MODIS MOD13Q1.061 / Microsoft Planetary Computer,Open-Meteo ERA5-Land historical reanalysis
0.0,0.0,0.0,0.0,46.667,26.121,89.292,12.36,379.0,0.7648,8,1,observed_landslide,25.83762589,93.94633448,2017-06-25,2017,NASA COOLR/GLC,USGS SRTM 90m via Open Topo Data,NASA MODIS MOD13Q1.061 / Microsoft Planetary Computer,Open-Meteo ERA5-Land historical reanalysis
0.0,0.0,0.0,0.0,43.588,25.296,87.208,4.12,387.0,0.84983,0,0,background_non_event,22.01508254593877,94.00718948490737,2017-06-26,2017,NASA COOLR/GLC,USGS SRTM 90m via Open Topo Data,Sentinel-2 L2A / Microsoft Planetary Computer,Open-Meteo ERA5-Land historical reanalysis
0.0,0.0,0.0,0.0,42.61,23.262,94.625,28.16,810.0,0.7868,0,1,observed_landslide,24.21988831,93.20266204,2017-06-26,2017,NASA COOLR/GLC,USGS SRTM 90m via Open Topo Data,NASA MODIS MOD13Q1.061 / Microsoft Planetary Computer,Open-Meteo ERA5-Land historical reanalysis
0.0,0.0,0.0,0.0,42.506,24.633,94.292,29.1,598.0,0.4024,2,1,observed_landslide,24.32420539,93.15020652,2017-06-26,2017,NASA COOLR/GLC,USGS SRTM 90m via Open Topo Data,NASA MODIS MOD13Q1.061 / Microsoft Planetary Computer,Open-Meteo ERA5-Land historical reanalysis
0.0,0.0,0.0,0.0,42.79,22.642,95.583,21.3,852.0,0.4708,2,1,observed_landslide,24.30415689,93.18182448,2017-06-27,2017,NASA COOLR/GLC,USGS SRTM 90m via Open Topo Data,NASA MODIS MOD13Q1.061 / Microsoft Planetary Computer,Open-Meteo ERA5-Land historical reanalysis
0.0,0.0,0.0,0.0,42.465,24.517,93.375,19.96,563.0,0.1849,6,1,observed_landslide,23.69461107,92.87641207,2017-06-28,2017,NASA COOLR/GLC,USGS SRTM 90m via Open Topo Data,NASA MODIS MOD13Q1.061 / Microsoft Planetary Computer,Open-Meteo ERA5-Land historical reanalysis
0.0,0.0,0.0,0.0,49.665,19.292,97.417,20.08,1736.0,0.7827,0,0,background_non_event,27.50720531165694,96.68954947753276,2017-06-30,2017,NASA COOLR/GLC,USGS SRTM 90m via Open Topo Data,NASA MODIS MOD13Q1.061 / Microsoft Planetary Computer,Open-Meteo ERA5-Land historical reanalysis
0.0,0.0,0.0,0.0,50.608,22.125,92.083,6.53,986.0,0.6949,4,1,observed_landslide,25.06657276,93.9310888,2017-06-30,2017,NASA COOLR/GLC,USGS SRTM 90m via Open Topo Data,NASA MODIS MOD13Q1.061 / Microsoft Planetary Computer,Open-Meteo ERA5-Land historical reanalysis
0.0,0.0,0.0,0.0,42.708,24.975,95.417,12.65,274.0,0.7732,5,1,observed_landslide,27.04768643,93.61899644,2017-06-30,2017,NASA COOLR/GLC,USGS SRTM 90m via Open Topo Data,NASA MODIS MOD13Q1.061 / Microsoft Planetary Computer,Open-Meteo ERA5-Land historical reanalysis
0.0,0.0,0.0,0.0,41.715,25.225,96.542,19.33,166.0,0.8572,1,0,background_non_event,21.762628954821537,92.73291006004916,2017-07-01,2017,NASA COOLR/GLC,USGS SRTM 90m via Open Topo Data,NASA MODIS MOD13Q1.061 / Microsoft Planetary Computer,Open-Meteo ERA5-Land historical reanalysis
0.0,0.0,0.0,0.0,48.71,26.933,92.167,0.92,77.0,0.028,1,0,background_non_event,25.846475065583185,91.07077015254261,2017-07-01,2017,NASA COOLR/GLC,USGS SRTM 90m via Open Topo Data,Sentinel-2 L2A / Microsoft Planetary Computer,Open-Meteo ERA5-Land historical reanalysis
0.0,0.0,0.0,0.0,48.323,27.225,89.958,0.93,104.0,0.5719,2,0,background_non_event,25.907132396680346,93.02800060081921,2017-07-01,2017,NASA COOLR/GLC,USGS SRTM 90m via Open Topo Data,NASA MODIS MOD13Q1.061 / Microsoft Planetary Computer,Open-Meteo ERA5-Land historical reanalysis
0.0,0.0,0.0,0.0,48.077,22.796,96.083,4.21,921.0,0.5062,4,1,observed_landslide,24.95178179,94.20340026,2017-07-01,2017,NASA COOLR/GLC,USGS SRTM 90m via Open Topo Data,NASA MODIS MOD13Q1.061 / Microsoft Planetary Computer,Open-Meteo ERA5-Land historical reanalysis
0.0,0.0,0.0,0.0,48.935,19.592,93.125,23.65,1405.0,0.426,10,1,observed_landslide,26.11613908,94.24222574,2017-07-01,2017,NASA COOLR/GLC,USGS SRTM 90m via Open Topo Data,NASA MODIS MOD13Q1.061 / Microsoft Planetary Computer,Open-Meteo ERA5-Land historical reanalysis
0.0,0.0,0.0,0.0,48.935,20.342,93.125,13.68,1269.0,0.9362,8,1,observed_landslide,26.1445447,94.24416766,2017-07-01,2017,NASA COOLR/GLC,USGS SRTM 90m via Open Topo Data,NASA MODIS MOD13Q1.061 / Microsoft Planetary Computer,Open-Meteo ERA5-Land historical reanalysis
0.0,0.0,0.0,0.0,48.615,20.908,92.958,13.54,1329.0,0.3432,7,1,observed_landslide,26.3312531,94.55427723,2017-07-01,2017,NASA COOLR/GLC,USGS SRTM 90m via Open Topo Data,NASA MODIS MOD13Q1.061 / Microsoft Planetary Computer,Open-Meteo ERA5-Land historical reanalysis
0.0,0.0,0.0,0.0,46.904,24.979,96.542,21.92,217.0,0.373,2,1,observed_landslide,27.01145644,92.64204045,2017-07-01,2017,NASA COOLR/GLC,USGS SRTM 90m via Open Topo Data,NASA MODIS MOD13Q1.061 / Microsoft Planetary Computer,Open-Meteo ERA5-Land historical reanalysis
0.0,0.0,0.0,0.0,48.075,25.025,95.958,14.09,259.0,0.6323,6,1,observed_landslide,27.08168565,93.60815652,2017-07-01,2017,NASA COOLR/GLC,USGS SRTM 90m via Open Topo Data,NASA MODIS MOD13Q1.061 / Microsoft Planetary Computer,Open-Meteo ERA5-Land historical reanalysis
0.0,0.0,0.0,0.0,43.087,24.746,95.833,20.23,242.0,0.741,6,1,observed_landslide,27.10647226,93.65975252,2017-07-01,2017,NASA COOLR/GLC,USGS SRTM 90m via Open Topo Data,NASA MODIS MOD13Q1.061 / Microsoft Planetary Computer,Open-Meteo ERA5-Land historical reanalysis
0.0,0.0,0.0,0.0,42.717,25.525,95.583,10.25,92.0,0.5783,10,1,observed_landslide,22.77997113,92.03513581,2017-07-02,2017,NASA COOLR/GLC,USGS SRTM 90m via Open Topo Data,NASA MODIS MOD13Q1.061 / Microsoft Planetary Computer,Open-Meteo ERA5-Land historical reanalysis
0.0,0.0,0.0,0.0,49.158,26.179,96.5,7.43,105.0,0.7598,10,1,observed_landslide,26.10035658,91.87351723,2017-07-03,2017,NASA COOLR/GLC,USGS SRTM 90m via Open Topo Data,NASA MODIS MOD13Q1.061 / Microsoft Planetary Computer,Open-Meteo ERA5-Land historical reanalysis
0.0,0.0,0.0,0.0,49.158,25.933,96.5,9.45,157.0,0.8093,10,1,observed_landslide,26.10430759,91.86227824,2017-07-03,2017,NASA COOLR/GLC,USGS SRTM 90m via Open Topo Data,NASA MODIS MOD13Q1.061 / Microsoft Planetary Computer,Open-Meteo ERA5-Land historical reanalysis
0.0,0.0,0.0,0.0,49.158,25.479,96.5,24.95,206.0,0.6189,10,1,observed_landslide,26.1061808,91.85158907,2017-07-03,2017,NASA COOLR/GLC,USGS SRTM 90m via Open Topo Data,NASA MODIS MOD13Q1.061 / Microsoft Planetary Computer,Open-Meteo ERA5-Land historical reanalysis
0.0,0.0,0.0,0.0,49.09,25.867,96.625,13.97,129.0,0.8161,9,1,observed_landslide,26.20450454,91.87202793,2017-07-03,2017,NASA COOLR/GLC,USGS SRTM 90m via Open Topo Data,NASA MODIS MOD13Q1.061 / Microsoft Planetary Computer,Open-Meteo ERA5-Land historical reanalysis
0.0,0.0,0.0,0.0,49.09,26.167,96.625,14.02,90.0,0.6929,9,1,observed_landslide,26.22247247,91.92053028,2017-07-03,2017,NASA COOLR/GLC,USGS SRTM 90m via Open Topo Data,NASA MODIS MOD13Q1.061 / Microsoft Planetary Computer,Open-Meteo ERA5-Land historical reanalysis
0.0,0.0,0.0,0.0,42.856,26.871,93.167,0.96,24.0,0.0939,0,0,background_non_event,25.220183266591974,89.07134761151787,2017-07-04,2017,NASA COOLR/GLC,USGS SRTM 90m via Open Topo Data,NASA MODIS MOD13Q1.061 / Microsoft Planetary Computer,Open-Meteo ERA5-Land historical reanalysis
0.0,0.0,0.0,0.0,42.892,26.117,93.792,5.18,27.0,0.4554,1,1,observed_landslide,21.61900923,91.92597729,2017-07-04,2017,NASA COOLR/GLC,USGS SRTM 90m via Open Topo Data,NASA MODIS MOD13Q1.061 / Microsoft Planetary Computer,Open-Meteo ERA5-Land historical reanalysis
0.0,0.0,0.0,0.0,48.858,19.417,95.25,32.53,1726.0,0.3051,9,1,observed_landslide,25.4976444,94.12901274,2017-07-04,2017,NASA COOLR/GLC,USGS SRTM 90m via Open Topo Data,NASA MODIS MOD13Q1.061 / Microsoft Planetary Computer,Open-Meteo ERA5-Land historical reanalysis
0.0,0.0,0.0,0.0,42.685,25.5,95.0,20.4,334.0,0.8949,1,1,observed_landslide,27.97875751,94.26296826,2017-07-04,2017,NASA COOLR/GLC,USGS SRTM 90m via Open Topo Data,NASA MODIS MOD13Q1.061 / Microsoft Planetary Computer,Open-Meteo ERA5-Land historical reanalysis
0.0,0.0,0.0,0.0,42.688,25.679,95.542,14.56,319.0,0.6204,1,1,observed_landslide,27.98531715,94.21263589,2017-07-04,2017,NASA COOLR/GLC,USGS SRTM 90m via Open Topo Data,NASA MODIS MOD13Q1.061 / Microsoft Planetary Computer,Open-Meteo ERA5-Land historical reanalysis
0.0,0.0,0.0,0.0,42.269,18.358,94.708,32.54,1818.0,0.5869,14,1,observed_landslide,26.90298048,88.29518925,2017-07-05,2017,NASA COOLR/GLC,USGS SRTM 90m via Open Topo Data,NASA MODIS MOD13Q1.061 / Microsoft Planetary Computer,Open-Meteo ERA5-Land historical reanalysis
0.0,0.0,0.0,0.0,48.26,26.771,92.708,0.77,51.0,0.3579,13,0,background_non_event,26.0968105757513,91.41389085299657,2017-07-06,2017,NASA COOLR/GLC,USGS SRTM 90m via Open Topo Data,NASA MODIS MOD13Q1.061 / Microsoft Planetary Computer,Open-Meteo ERA5-Land historical reanalysis
0.0,0.0,0.0,0.0,49.348,25.338,89.333,8.41,607.0,0.6342,17,1,observed_landslide,25.82860033,91.876717,2017-07-06,2017,NASA COOLR/GLC,USGS SRTM 90m via Open Topo Data,NASA MODIS MOD13Q1.061 / Microsoft Planetary Computer,Open-Meteo ERA5-Land historical reanalysis
0.0,0.0,0.0,0.0,49.306,27.35,93.583,0.95,62.0,0.3809,16,1,observed_landslide,26.10973183,91.80317334,2017-07-06,2017,NASA COOLR/GLC,USGS SRTM 90m via Open Topo Data,NASA MODIS MOD13Q1.061 / Microsoft Planetary Computer,Open-Meteo ERA5-Land historical reanalysis
0.0,0.0,0.0,0.0,42.596,15.142,96.333,21.74,2319.0,0.1922,15,1,observed_landslide,27.02149311,88.25902123,2017-07-06,2017,NASA COOLR/GLC,USGS SRTM 90m via Open Topo Data,NASA MODIS MOD13Q1.061 / Microsoft Planetary Computer,Open-Meteo ERA5-Land historical reanalysis
0.0,0.0,0.0,0.0,39.992,28.479,86.458,1.06,9.0,0.618,0,0,background_non_event,22.641827080858775,88.96893758350463,2017-07-08,2017,NASA COOLR/GLC,USGS SRTM 90m via Open Topo Data,NASA MODIS MOD13Q1.061 / Microsoft Planetary Computer,Open-Meteo ERA5-Land historical reanalysis
0.0,0.0,0.0,0.0,40.429,27.971,82.458,0.72,10.0,0.1802,3,0,background_non_event,24.445169833781595,91.53218239770712,2017-07-08,2017,NASA COOLR/GLC,USGS SRTM 90m via Open Topo Data,NASA MODIS MOD13Q1.061 / Microsoft Planetary Computer,Open-Meteo ERA5-Land historical reanalysis
0.0,0.0,0.0,0.0,49.312,24.367,99.417,8.99,254.0,0.7938,0,0,background_non_event,26.30269435471265,95.92248499429596,2017-07-08,2017,NASA COOLR/GLC,USGS SRTM 90m via Open Topo Data,NASA MODIS MOD13Q1.061 / Microsoft Planetary Computer,Open-Meteo ERA5-Land historical reanalysis
0.0,0.0,0.0,0.0,46.385,22.433,93.708,18.89,1111.0,0.8813,6,1,observed_landslide,25.06466676,94.27420555,2017-07-08,2017,NASA COOLR/GLC,USGS SRTM 90m via Open Topo Data,NASA MODIS MOD13Q1.061 / Microsoft Planetary Computer,Open-Meteo ERA5-Land historical reanalysis
0.0,0.0,0.0,0.0,47.448,24.0,86.625,15.64,1090.0,0.7178,10,1,observed_landslide,25.72019272,94.03225673,2017-07-08,2017,NASA COOLR/GLC,USGS SRTM 90m via Open Topo Data,NASA MODIS MOD13Q1.061 / Microsoft Planetary Computer,Open-Meteo ERA5-Land historical reanalysis
0.0,0.0,0.0,0.0,42.846,19.7,98.875,22.92,1604.0,0.1522,0,1,observed_landslide,27.02099026,89.90712175,2017-07-08,2017,NASA COOLR/GLC,USGS SRTM 90m via Open Topo Data,NASA MODIS MOD13Q1.061 / Microsoft Planetary Computer,Open-Meteo ERA5-Land historical reanalysis
0.0,0.0,0.0,0.0,42.969,18.983,98.625,40.97,2090.0,0.1058,0,1,observed_landslide,27.02856666,89.57220662,2017-07-08,2017,NASA COOLR/GLC,USGS SRTM 90m via Open Topo Data,NASA MODIS MOD13Q1.061 / Microsoft Planetary Computer,Open-Meteo ERA5-Land historical reanalysis
0.0,0.0,0.0,0.0,42.846,21.358,98.917,16.46,1362.0,0.2656,0,1,observed_landslide,27.04040393,89.90633458,2017-07-08,2017,NASA COOLR/GLC,USGS SRTM 90m via Open Topo Data,NASA MODIS MOD13Q1.061 / Microsoft Planetary Computer,Open-Meteo ERA5-Land historical reanalysis
0.0,0.0,0.0,0.0,42.858,15.371,99.708,16.64,2745.0,0.1457,1,1,observed_landslide,27.16009861,91.6036289,2017-07-08,2017,NASA COOLR/GLC,USGS SRTM 90m via Open Topo Data,NASA MODIS MOD13Q1.061 / Microsoft Planetary Computer,Open-Meteo ERA5-Land historical reanalysis
0.0,0.0,0.0,0.0,42.804,16.683,97.875,22.24,2126.0,0.1028,0,1,observed_landslide,27.51353298,89.79033898,2017-07-08,2017,NASA COOLR/GLC,USGS SRTM 90m via Open Topo Data,NASA MODIS MOD13Q1.061 / Microsoft Planetary Computer,Open-Meteo ERA5-Land historical reanalysis
0.0,0.0,0.0,0.0,49.525,19.558,97.917,17.45,1462.0,0.0424,0,0,background_non_event,26.854735158280022,97.3580538069532,2017-07-09,2017,NASA COOLR/GLC,USGS SRTM 90m via Open Topo Data,NASA MODIS MOD13Q1.061 / Microsoft Planetary Computer,Open-Meteo ERA5-Land historical reanalysis
0.0,0.0,0.0,0.0,41.835,3.642,89.458,24.08,5133.0,0.071,0,0,background_non_event,28.828053500891006,92.945859715757,2017-07-09,2017,NASA COOLR/GLC,USGS SRTM 90m via Open Topo Data,NASA MODIS MOD13Q1.061 / Microsoft Planetary Computer,Open-Meteo ERA5-Land historical reanalysis
0.0,0.0,0.0,0.0,42.369,9.783,84.958,34.51,4229.0,0.5802,0,0,background_non_event,29.070897140150066,91.23767753401198,2017-07-09,2017,NASA COOLR/GLC,USGS SRTM 90m via Open Topo Data,NASA MODIS MOD13Q1.061 / Microsoft Planetary Computer,Open-Meteo ERA5-Land historical reanalysis
0.0,0.0,0.0,0.0,42.125,20.975,93.958,22.46,1079.0,0.619,3,1,observed_landslide,24.27173018,93.28039349,2017-07-09,2017,NASA COOLR/GLC,USGS SRTM 90m via Open Topo Data,NASA MODIS MOD13Q1.061 / Microsoft Planetary Computer,Open-Meteo ERA5-Land historical reanalysis
0.0,0.0,0.0,0.0,42.587,24.146,95.958,33.73,489.0,0.8963,2,1,observed_landslide,24.82767572,93.51825,2017-07-09,2017,NASA COOLR/GLC,USGS SRTM 90m via Open Topo Data,NASA MODIS MOD13Q1.061 / Microsoft Planetary Computer,Open-Meteo ERA5-Land historical reanalysis
0.0,0.0,0.0,0.0,50.308,21.754,91.0,31.44,928.0,0.8526,6,1,observed_landslide,24.83507319,93.89896294,2017-07-09,2017,NASA COOLR/GLC,USGS SRTM 90m via Open Topo Data,NASA MODIS MOD13Q1.061 / Microsoft Planetary Computer,Open-Meteo ERA5-Land historical reanalysis
0.0,0.0,0.0,0.0,49.938,19.871,94.0,24.16,1631.0,0.2754,9,1,observed_landslide,25.6320357,94.10065403,2017-07-09,2017,NASA COOLR/GLC,USGS SRTM 90m via Open Topo Data,NASA MODIS MOD13Q1.061 / Microsoft Planetary Computer,Open-Meteo ERA5-Land historical reanalysis
0.0,0.0,0.0,0.0,48.577,22.508,91.167,23.69,1171.0,0.1011,11,1,observed_landslide,25.73111942,93.98827528,2017-07-09,2017,NASA COOLR/GLC,USGS SRTM 90m via Open Topo Data,NASA MODIS MOD13Q1.061 / Microsoft Planetary Computer,Open-Meteo ERA5-Land historical reanalysis
0.0,0.0,0.0,0.0,47.992,24.133,92.75,11.12,610.0,0.5308,19,1,observed_landslide,25.82601444,91.87113067,2017-07-09,2017,NASA COOLR/GLC,USGS SRTM 90m via Open Topo Data,NASA MODIS MOD13Q1.061 / Microsoft Planetary Computer,Open-Meteo ERA5-Land historical reanalysis
0.0,0.0,0.0,0.0,48.479,26.154,93.292,3.52,84.0,0.2876,0,1,observed_landslide,26.56636244,93.13195098,2017-07-09,2017,NASA COOLR/GLC,USGS SRTM 90m via Open Topo Data,NASA MODIS MOD13Q1.061 / Microsoft Planetary Computer,Open-Meteo ERA5-Land historical reanalysis
0.0,0.0,0.0,0.0,42.679,24.504,95.458,15.87,238.0,0.412,8,1,observed_landslide,27.05957271,93.50102778,2017-07-09,2017,NASA COOLR/GLC,USGS SRTM 90m via Open Topo Data,NASA MODIS MOD13Q1.061 / Microsoft Planetary Computer,Open-Meteo ERA5-Land historical reanalysis
0.0,0.0,0.0,0.0,43.196,24.567,95.583,9.35,233.0,0.5571,8,1,observed_landslide,27.07671517,93.59755441,2017-07-09,2017,NASA COOLR/GLC,USGS SRTM 90m via Open Topo Data,NASA MODIS MOD13Q1.061 / Microsoft Planetary Computer,Open-Meteo ERA5-Land historical reanalysis
0.0,0.0,0.0,0.0,48.858,24.617,97.292,5.87,292.0,0.3056,8,1,observed_landslide,27.0844941,93.60505989,2017-07-09,2017,NASA COOLR/GLC,USGS SRTM 90m via Open Topo Data,NASA MODIS MOD13Q1.061 / Microsoft Planetary Computer,Open-Meteo ERA5-Land historical reanalysis
0.0,0.0,0.0,0.0,48.858,24.271,97.292,8.29,361.0,0.272,8,1,observed_landslide,27.092916,93.61882043,2017-07-09,2017,NASA COOLR/GLC,USGS SRTM 90m via Open Topo Data,NASA MODIS MOD13Q1.061 / Microsoft Planetary Computer,Open-Meteo ERA5-Land historical reanalysis
0.0,0.0,0.0,0.0,43.14,24.067,96.667,13.95,316.0,0.428,8,1,observed_landslide,27.1071241,93.65156438,2017-07-09,2017,NASA COOLR/GLC,USGS SRTM 90m via Open Topo Data,NASA MODIS MOD13Q1.061 / Microsoft Planetary Computer,Open-Meteo ERA5-Land historical reanalysis
0.0,0.0,0.0,0.0,42.438,24.767,96.125,7.27,165.0,0.577,8,1,observed_landslide,27.11610665,93.79559574,2017-07-09,2017,NASA COOLR/GLC,USGS SRTM 90m via Open Topo Data,NASA MODIS MOD13Q1.061 / Microsoft Planetary Computer,Open-Meteo ERA5-Land historical reanalysis
0.0,0.0,0.0,0.0,48.421,21.375,99.917,20.94,982.0,0.6038,8,1,observed_landslide,27.14163897,93.66495709,2017-07-09,2017,NASA COOLR/GLC,USGS SRTM 90m via Open Topo Data,NASA MODIS MOD13Q1.061 / Microsoft Planetary Computer,Open-Meteo ERA5-Land historical reanalysis
0.0,0.0,0.0,0.0,42.46,26.088,92.333,0.56,26.0,0.1733,6,0,background_non_event,24.666462262736772,92.96285812570494,2017-07-10,2017,NASA COOLR/GLC,USGS SRTM 90m via Open Topo Data,NASA MODIS MOD13Q1.061 / Microsoft Planetary Computer,Open-Meteo ERA5-Land historical reanalysis
0.0,0.0,0.0,0.0,39.006,4.996,89.667,28.09,4271.0,0.04794,0,0,background_non_event,28.591489872630845,97.4600727320837,2017-07-10,2017,NASA COOLR/GLC,USGS SRTM 90m via Open Topo Data,Sentinel-2 L2A / Microsoft Planetary Computer,Open-Meteo ERA5-Land historical reanalysis
0.0,0.0,0.0,0.0,49.421,23.275,95.542,2.28,811.0,0.4938,2,1,observed_landslide,24.37169581,93.70684171,2017-07-10,2017,NASA COOLR/GLC,USGS SRTM 90m via Open Topo Data,NASA MODIS MOD13Q1.061 / Microsoft Planetary Computer,Open-Meteo ERA5-Land historical reanalysis
0.0,0.0,0.0,0.0,49.269,26.037,96.208,4.3,74.0,0.2237,18,1,observed_landslide,26.14547804,91.79364785,2017-07-10,2017,NASA COOLR/GLC,USGS SRTM 90m via Open Topo Data,NASA MODIS MOD13Q1.061 / Microsoft Planetary Computer,Open-Meteo ERA5-Land historical reanalysis
0.0,0.0,0.0,0.0,48.881,25.633,95.708,13.11,99.0,0.6774,18,1,observed_landslide,26.19037705,91.77306002,2017-07-10,2017,NASA COOLR/GLC,USGS SRTM 90m via Open Topo Data,NASA MODIS MOD13Q1.061 / Microsoft Planetary Computer,Open-Meteo ERA5-Land historical reanalysis
0.0,0.0,0.0,0.0,48.773,20.521,94.333,14.14,1310.0,0.4319,7,1,observed_landslide,26.2632687,94.81481951,2017-07-10,2017,NASA COOLR/GLC,USGS SRTM 90m via Open Topo Data,NASA MODIS MOD13Q1.061 / Microsoft Planetary Computer,Open-Meteo ERA5-Land historical reanalysis
0.0,0.0,0.0,0.0,45.446,24.704,93.375,1.32,86.0,0.7195,15,1,observed_landslide,26.95223279,93.85748748,2017-07-10,2017,NASA COOLR/GLC,USGS SRTM 90m via Open Topo Data,NASA MODIS MOD13Q1.061 / Microsoft Planetary Computer,Open-Meteo ERA5-Land historical reanalysis
0.0,0.0,0.0,0.0,42.994,15.667,97.083,27.55,2244.0,0.0419,6,1,observed_landslide,27.360364,88.651914,2017-07-10,2017,NASA COOLR/GLC,USGS SRTM 90m via Open Topo Data,NASA MODIS MOD13Q1.061 / Microsoft Planetary Computer,Open-Meteo ERA5-Land historical reanalysis
0.0,0.0,0.0,0.0,48.233,26.721,81.167,0.8,147.0,0.6382,0,0,background_non_event,27.930305863830927,95.84970422170782,2017-07-11,2017,NASA COOLR/GLC,USGS SRTM 90m via Open Topo Data,Sentinel-2 L2A / Microsoft Planetary Computer,Open-Meteo ERA5-Land historical reanalysis
0.0,0.0,0.0,0.0,49.231,22.637,91.375,26.54,682.0,0.241,17,1,observed_landslide,27.21668161,93.63051815,2017-07-11,2017,NASA COOLR/GLC,USGS SRTM 90m via Open Topo Data,NASA MODIS MOD13Q1.061 / Microsoft Planetary Computer,Open-Meteo ERA5-Land historical reanalysis
0.0,0.0,0.0,0.0,42.752,12.567,96.5,17.85,2725.0,0.3275,4,1,observed_landslide,27.583849,91.876945,2017-07-11,2017,NASA COOLR/GLC,USGS SRTM 90m via Open Topo Data,NASA MODIS MOD13Q1.061 / Microsoft Planetary Computer,Open-Meteo ERA5-Land historical reanalysis
0.0,0.0,0.0,0.0,50.517,20.887,90.542,11.01,1391.0,0.0592,13,1,observed_landslide,25.69111465,94.09483333,2017-07-12,2017,NASA COOLR/GLC,USGS SRTM 90m via Open Topo Data,NASA MODIS MOD13Q1.061 / Microsoft Planetary Computer,Open-Meteo ERA5-Land historical reanalysis
0.0,0.0,0.0,0.0,48.012,29.008,86.292,1.24,153.0,0.914,0,0,background_non_event,24.38111062560022,95.9983607310889,2017-07-17,2017,NASA COOLR/GLC,USGS SRTM 90m via Open Topo Data,NASA MODIS MOD13Q1.061 / Microsoft Planetary Computer,Open-Meteo ERA5-Land historical reanalysis
0.0,0.0,0.0,0.0,47.0,25.233,95.958,1.04,8.0,0.2377,1,0,background_non_event,25.141651680809094,90.97583456511786,2017-07-19,2017,NASA COOLR/GLC,USGS SRTM 90m via Open Topo Data,NASA MODIS MOD13Q1.061 / Microsoft Planetary Computer,Open-Meteo ERA5-Land historical reanalysis
0.0,0.0,0.0,0.0,41.835,26.567,89.792,0.65,9.0,0.4308,1,0,background_non_event,23.127812446607003,91.05375669167371,2017-07-20,2017,NASA COOLR/GLC,USGS SRTM 90m via Open Topo Data,NASA MODIS MOD13Q1.061 / Microsoft Planetary Computer,Open-Meteo ERA5-Land historical reanalysis
0.0,0.0,0.0,0.0,46.554,27.1,83.458,0.98,195.0,0.62875,0,0,background_non_event,21.814842763544707,94.84522435556292,2017-07-21,2017,NASA COOLR/GLC,USGS SRTM 90m via Open Topo Data,Sentinel-2 L2A / Microsoft Planetary Computer,Open-Meteo ERA5-Land historical reanalysis
0.0,0.0,0.0,0.0,48.198,25.271,92.042,3.2,256.0,0.8626,0,0,background_non_event,25.887247423634008,95.81072536084672,2017-07-22,2017,NASA COOLR/GLC,USGS SRTM 90m via Open Topo Data,NASA MODIS MOD13Q1.061 / Microsoft Planetary Computer,Open-Meteo ERA5-Land historical reanalysis
0.0,0.0,0.0,0.0,42.235,7.671,94.75,22.57,4458.0,0.3657,4,0,background_non_event,27.77670134075285,92.20511307918001,2017-07-23,2017,NASA COOLR/GLC,USGS SRTM 90m via Open Topo Data,NASA MODIS MOD13Q1.061 / Microsoft Planetary Computer,Open-Meteo ERA5-Land historical reanalysis
0.0,0.0,0.0,0.0,41.517,24.933,83.5,21.86,726.0,0.9527,1,0,background_non_event,28.402878664137404,94.9557020735675,2017-07-24,2017,NASA COOLR/GLC,USGS SRTM 90m via Open Topo Data,NASA MODIS MOD13Q1.061 / Microsoft Planetary Computer,Open-Meteo ERA5-Land historical reanalysis
0.0,0.0,0.0,0.0,46.067,27.417,84.792,12.37,237.0,0.72779,0,0,background_non_event,22.243797662546335,96.34353185655075,2017-07-28,2017,NASA COOLR/GLC,USGS SRTM 90m via Open Topo Data,Sentinel-2 L2A / Microsoft Planetary Computer,Open-Meteo ERA5-Land historical reanalysis
0.0,0.0,0.0,0.0,48.712,26.396,84.208,6.71,385.0,0.903,2,0,background_non_event,25.60649018575905,93.35261110932223,2017-07-31,2017,NASA COOLR/GLC,USGS SRTM 90m via Open Topo Data,NASA MODIS MOD13Q1.061 / Microsoft Planetary Computer,Open-Meteo ERA5-Land historical reanalysis
0.0,0.0,0.0,0.0,41.317,29.113,86.958,0.51,10.0,0.5133,0,0,background_non_event,23.196368695960796,88.60238791699861,2017-08-01,2017,NASA COOLR/GLC,USGS SRTM 90m via Open Topo Data,NASA MODIS MOD13Q1.061 / Microsoft Planetary Computer,Open-Meteo ERA5-Land historical reanalysis
0.0,0.0,0.0,0.0,42.825,27.371,91.375,1.19,48.0,0.5459,0,0,background_non_event,26.40132762076003,90.60846297108151,2017-08-01,2017,NASA COOLR/GLC,USGS SRTM 90m via Open Topo Data,NASA MODIS MOD13Q1.061 / Microsoft Planetary Computer,Open-Meteo ERA5-Land historical reanalysis
0.0,0.0,0.0,0.0,43.2,27.575,89.542,0.56,53.0,0.6989,0,0,background_non_event,26.51639625730202,91.39237161982251,2017-08-02,2017,NASA COOLR/GLC,USGS SRTM 90m via Open Topo Data,NASA MODIS MOD13Q1.061 / Microsoft Planetary Computer,Open-Meteo ERA5-Land historical reanalysis
0.0,0.0,0.0,0.0,45.777,24.467,94.333,22.11,490.0,0.8064,5,0,background_non_event,25.084488300844193,92.63543258569496,2017-08-14,2017,NASA COOLR/GLC,USGS SRTM 90m via Open Topo Data,NASA MODIS MOD13Q1.061 / Microsoft Planetary Computer,Open-Meteo ERA5-Land historical reanalysis
0.0,0.0,0.0,0.0,41.146,27.583,85.208,1.0,60.0,0.8384,0,0,background_non_event,26.548311979162428,89.69439899855867,2017-08-18,2017,NASA COOLR/GLC,USGS SRTM 90m via Open Topo Data,NASA MODIS MOD13Q1.061 / Microsoft Planetary Computer,Open-Meteo ERA5-Land historical reanalysis
0.0,0.0,0.0,0.0,39.262,24.796,82.5,15.88,551.0,0.7533,1,0,background_non_event,21.666700131684905,92.49510805298938,2017-08-19,2017,NASA COOLR/GLC,USGS SRTM 90m via Open Topo Data,NASA MODIS MOD13Q1.061 / Microsoft Planetary Computer,Open-Meteo ERA5-Land historical reanalysis
0.0,0.0,0.0,0.0,47.908,19.842,89.75,25.09,1529.0,-0.00418,0,0,background_non_event,25.5792912958951,97.0156037116353,2017-08-22,2017,NASA COOLR/GLC,USGS SRTM 90m via Open Topo Data,Sentinel-2 L2A / Microsoft Planetary Computer,Open-Meteo ERA5-Land historical reanalysis
0.0,0.0,0.0,0.0,46.817,27.083,88.417,0.5,13.0,0.8376,2,0,background_non_event,23.212064961416203,91.4272034312384,2017-08-24,2017,NASA COOLR/GLC,USGS SRTM 90m via Open Topo Data,NASA MODIS MOD13Q1.061 / Microsoft Planetary Computer,Open-Meteo ERA5-Land historical reanalysis
0.0,0.0,0.0,0.0,47.935,24.525,95.667,8.98,420.0,0.8911,0,0,background_non_event,25.28666895961113,96.72327927381957,2017-08-26,2017,NASA COOLR/GLC,USGS SRTM 90m via Open Topo Data,Sentinel-2 L2A / Microsoft Planetary Computer,Open-Meteo ERA5-Land historical reanalysis
0.0,0.0,0.0,0.0,41.188,29.008,82.917,0.44,8.0,0.0821,4,0,background_non_event,24.817079646548486,91.38961540489878,2017-08-28,2017,NASA COOLR/GLC,USGS SRTM 90m via Open Topo Data,NASA MODIS MOD13Q1.061 / Microsoft Planetary Computer,Open-Meteo ERA5-Land historical reanalysis
0.0,0.0,0.0,0.0,39.717,6.65,80.667,14.02,4600.0,0.3032,0,0,background_non_event,29.155644402492555,92.10431938606841,2017-08-28,2017,NASA COOLR/GLC,USGS SRTM 90m via Open Topo Data,NASA MODIS MOD13Q1.061 / Microsoft Planetary Computer,Open-Meteo ERA5-Land historical reanalysis
0.0,0.0,0.0,0.0,47.952,28.329,83.583,1.42,58.0,0.2505,0,0,background_non_event,26.512874527632835,92.38121748352532,2017-08-30,2017,NASA COOLR/GLC,USGS SRTM 90m via Open Topo Data,NASA MODIS MOD13Q1.061 / Microsoft Planetary Computer,Open-Meteo ERA5-Land historical reanalysis
0.0,0.0,0.0,0.0,42.581,20.892,96.208,23.22,1178.0,0.8789,1,0,background_non_event,22.559001258229085,93.8009859328126,2017-08-31,2017,NASA COOLR/GLC,USGS SRTM 90m via Open Topo Data,NASA MODIS MOD13Q1.061 / Microsoft Planetary Computer,Open-Meteo ERA5-Land historical reanalysis
0.0,0.0,0.0,0.0,49.073,25.354,91.417,0.81,273.0,0.8813,0,0,background_non_event,26.64404294424132,96.78165685417916,2017-09-06,2017,NASA COOLR/GLC,USGS SRTM 90m via Open Topo Data,NASA MODIS MOD13Q1.061 / Microsoft Planetary Computer,Open-Meteo ERA5-Land historical reanalysis
0.0,0.0,0.0,0.0,39.49,28.608,84.083,1.35,11.0,0.66381,1,0,background_non_event,23.608047292388548,90.91239843983229,2017-09-07,2017,NASA COOLR/GLC,USGS SRTM 90m via Open Topo Data,Sentinel-2 L2A / Microsoft Planetary Computer,Open-Meteo ERA5-Land historical reanalysis
0.0,0.0,0.0,0.0,46.635,26.675,92.25,1.62,169.0,0.60067,0,0,background_non_event,25.55013432770676,97.3983754212293,2017-09-07,2017,NASA COOLR/GLC,USGS SRTM 90m via Open Topo Data,Sentinel-2 L2A / Microsoft Planetary Computer,Open-Meteo ERA5-Land historical reanalysis
0.0,0.0,0.0,0.0,49.679,25.446,86.25,0.46,147.0,0.8347,0,0,background_non_event,28.03928508136679,95.47503864738891,2017-09-10,2017,NASA COOLR/GLC,USGS SRTM 90m via Open Topo Data,NASA MODIS MOD13Q1.061 / Microsoft Planetary Computer,Open-Meteo ERA5-Land historical reanalysis
0.0,0.0,0.0,0.0,41.681,22.379,92.042,24.05,1133.0,0.9199,1,0,background_non_event,22.579595079197414,93.39074469042008,2017-09-14,2017,NASA COOLR/GLC,USGS SRTM 90m via Open Topo Data,NASA MODIS MOD13Q1.061 / Microsoft Planetary Computer,Open-Meteo ERA5-Land historical reanalysis
0.0,0.0,0.0,0.0,45.329,28.504,80.167,4.33,82.0,0.5375,0,0,background_non_event,22.55910021635563,95.97174748935669,2017-09-22,2017,NASA COOLR/GLC,USGS SRTM 90m via Open Topo Data,NASA MODIS MOD13Q1.061 / Microsoft Planetary Computer,Open-Meteo ERA5-Land historical reanalysis
0.0,0.0,0.0,0.0,43.956,29.054,82.208,0.0,0.0,-0.41839,0,0,background_non_event,21.731282944485777,90.13072881590514,2017-09-25,2017,NASA COOLR/GLC,USGS SRTM 90m via Open Topo Data,Sentinel-2 L2A / Microsoft Planetary Computer,Open-Meteo ERA5-Land historical reanalysis
0.0,0.0,0.0,0.0,48.21,25.9,93.958,0.66,79.0,0.7986,1,0,background_non_event,25.906667489779043,92.77366518469783,2017-09-29,2017,NASA COOLR/GLC,USGS SRTM 90m via Open Topo Data,NASA MODIS MOD13Q1.061 / Microsoft Planetary Computer,Open-Meteo ERA5-Land historical reanalysis
0.0,0.0,0.0,0.0,42.535,26.217,92.458,0.65,16.0,0.66053,0,0,background_non_event,24.36144801082262,90.69898972629227,2017-09-30,2017,NASA COOLR/GLC,USGS SRTM 90m via Open Topo Data,Sentinel-2 L2A / Microsoft Planetary Computer,Open-Meteo ERA5-Land historical reanalysis
0.0,0.0,0.0,0.0,46.742,26.196,91.292,1.67,25.0,0.09235,0,0,background_non_event,26.017196382442776,89.93843701776333,2017-10-02,2017,NASA COOLR/GLC,USGS SRTM 90m via Open Topo Data,Sentinel-2 L2A / Microsoft Planetary Computer,Open-Meteo ERA5-Land historical reanalysis
0.0,0.0,0.0,0.0,44.025,19.579,92.417,12.27,1423.0,-0.04908,2,0,background_non_event,26.774838659711264,95.28540112885776,2017-10-02,2017,NASA COOLR/GLC,USGS SRTM 90m via Open Topo Data,Sentinel-2 L2A / Microsoft Planetary Computer,Open-Meteo ERA5-Land historical reanalysis
0.0,0.0,0.0,0.0,47.567,25.692,82.083,7.29,694.0,0.8134,21,0,background_non_event,25.883846368155055,92.06311504732317,2017-10-05,2017,NASA COOLR/GLC,USGS SRTM 90m via Open Topo Data,NASA MODIS MOD13Q1.061 / Microsoft Planetary Computer,Open-Meteo ERA5-Land historical reanalysis
0.0,0.0,0.0,0.0,29.456,-1.046,73.667,12.95,5428.0,0.02124,0,0,background_non_event,29.605398977453444,97.15055613471775,2017-10-08,2017,NASA COOLR/GLC,USGS SRTM 90m via Open Topo Data,Sentinel-2 L2A / Microsoft Planetary Computer,Open-Meteo ERA5-Land historical reanalysis
0.0,0.0,0.0,0.0,47.352,26.758,81.917,2.05,272.0,0.8385,0,0,background_non_event,22.489778370494708,94.7439296454357,2017-10-10,2017,NASA COOLR/GLC,USGS SRTM 90m via Open Topo Data,NASA MODIS MOD13Q1.061 / Microsoft Planetary Computer,Open-Meteo ERA5-Land historical reanalysis
0.0,0.0,0.0,0.0,47.127,27.858,84.958,0.65,61.0,0.7015,13,0,background_non_event,26.12249576539692,92.28461942168522,2017-10-10,2017,NASA COOLR/GLC,USGS SRTM 90m via Open Topo Data,NASA MODIS MOD13Q1.061 / Microsoft Planetary Computer,Open-Meteo ERA5-Land historical reanalysis
0.0,0.0,0.0,0.0,42.183,12.146,87.458,37.41,2412.0,0.8641,0,0,background_non_event,27.56174178007806,92.70236944881033,2017-10-10,2017,NASA COOLR/GLC,USGS SRTM 90m via Open Topo Data,NASA MODIS MOD13Q1.061 / Microsoft Planetary Computer,Open-Meteo ERA5-Land historical reanalysis
0.0,0.0,0.0,0.0,46.36,28.296,84.25,2.91,94.0,-0.13967,1,0,background_non_event,22.870278165353053,94.55355538595984,2017-10-11,2017,NASA COOLR/GLC,USGS SRTM 90m via Open Topo Data,Sentinel-2 L2A / Microsoft Planetary Computer,Open-Meteo ERA5-Land historical reanalysis
0.0,0.0,0.0,0.0,42.631,10.879,95.5,8.95,3078.0,0.87067,3,0,background_non_event,27.446643449839037,90.0450296370646,2017-10-14,2017,NASA COOLR/GLC,USGS SRTM 90m via Open Topo Data,Sentinel-2 L2A / Microsoft Planetary Computer,Open-Meteo ERA5-Land historical reanalysis
0.0,0.0,0.0,0.0,49.275,26.15,87.792,1.34,115.0,0.57072,0,0,background_non_event,26.442119862353636,93.79124172288604,2017-10-15,2017,NASA COOLR/GLC,USGS SRTM 90m via Open Topo Data,Sentinel-2 L2A / Microsoft Planetary Computer,Open-Meteo ERA5-Land historical reanalysis
0.0,0.0,0.0,0.0,40.229,26.546,91.875,2.2,21.0,0.6793,6,0,background_non_event,22.237997362365974,92.1251638181954,2017-10-18,2017,NASA COOLR/GLC,USGS SRTM 90m via Open Topo Data,NASA MODIS MOD13Q1.061 / Microsoft Planetary Computer,Open-Meteo ERA5-Land historical reanalysis
0.0,0.0,0.0,0.0,31.421,7.679,62.958,16.8,3850.0,0.03176,0,0,background_non_event,29.0171848393135,91.68866479660667,2017-10-22,2017,NASA COOLR/GLC,USGS SRTM 90m via Open Topo Data,Sentinel-2 L2A / Microsoft Planetary Computer,Open-Meteo ERA5-Land historical reanalysis
0.0,0.0,0.0,0.0,39.131,23.275,82.417,1.09,57.0,0.72106,0,0,background_non_event,26.462547254703736,89.23996884058286,2017-10-24,2017,NASA COOLR/GLC,USGS SRTM 90m via Open Topo Data,Sentinel-2 L2A / Microsoft Planetary Computer,Open-Meteo ERA5-Land historical reanalysis
0.0,0.0,0.0,0.0,36.333,23.142,81.5,18.9,75.0,0.85195,0,0,background_non_event,26.38156109148771,90.58397419770078,2017-10-27,2017,NASA COOLR/GLC,USGS SRTM 90m via Open Topo Data,Sentinel-2 L2A / Microsoft Planetary Computer,Open-Meteo ERA5-Land historical reanalysis
0.0,0.0,0.0,0.0,44.946,20.642,77.917,7.59,266.0,0.89823,0,0,background_non_event,25.021648911974314,95.23191626293952,2017-11-04,2017,NASA COOLR/GLC,USGS SRTM 90m via Open Topo Data,Sentinel-2 L2A / Microsoft Planetary Computer,Open-Meteo ERA5-Land historical reanalysis
0.0,0.0,0.0,0.0,37.469,-0.854,71.25,36.92,3579.0,0.37337,0,0,background_non_event,29.038018062628854,93.19077178136864,2017-11-07,2017,NASA COOLR/GLC,USGS SRTM 90m via Open Topo Data,Sentinel-2 L2A / Microsoft Planetary Computer,Open-Meteo ERA5-Land historical reanalysis
0.0,0.0,0.0,0.0,37.938,-15.787,82.0,21.54,4694.0,-0.04267,0,0,background_non_event,29.40226203006639,96.41943277340158,2017-11-11,2017,NASA COOLR/GLC,USGS SRTM 90m via Open Topo Data,Sentinel-2 L2A / Microsoft Planetary Computer,Open-Meteo ERA5-Land historical reanalysis
0.0,0.0,0.0,0.0,32.54,18.988,82.583,34.5,955.0,0.86487,0,0,background_non_event,23.025497077380134,93.27695518379399,2017-11-12,2017,NASA COOLR/GLC,USGS SRTM 90m via Open Topo Data,Sentinel-2 L2A / Microsoft Planetary Computer,Open-Meteo ERA5-Land historical reanalysis
0.0,0.0,0.0,0.0,24.702,21.892,71.458,0.7,48.0,0.35687,0,0,background_non_event,25.938237410738385,88.57196086138902,2017-11-13,2017,NASA COOLR/GLC,USGS SRTM 90m via Open Topo Data,Sentinel-2 L2A / Microsoft Planetary Computer,Open-Meteo ERA5-Land historical reanalysis
0.0,0.0,0.0,0.0,36.192,22.033,74.417,2.33,78.0,0.03903,16,0,background_non_event,26.806503879101943,93.81525358071119,2017-11-15,2017,NASA COOLR/GLC,USGS SRTM 90m via Open Topo Data,Sentinel-2 L2A / Microsoft Planetary Computer,Open-Meteo ERA5-Land historical reanalysis
0.0,0.0,0.0,0.0,36.058,20.4,89.542,15.81,838.0,0.87883,3,0,background_non_event,23.31941015217795,93.34443085055855,2017-11-19,2017,NASA COOLR/GLC,USGS SRTM 90m via Open Topo Data,Sentinel-2 L2A / Microsoft Planetary Computer,Open-Meteo ERA5-Land historical reanalysis
0.0,0.0,0.0,0.0,25.14,-11.354,43.25,53.78,5653.0,-0.0944,0,0,background_non_event,28.121729207936234,90.12043665744235,2017-11-25,2017,NASA COOLR/GLC,USGS SRTM 90m via Open Topo Data,NASA MODIS MOD13Q1.061 / Microsoft Planetary Computer,Open-Meteo ERA5-Land historical reanalysis
0.0,0.0,0.0,0.0,16.235,21.262,74.5,0.51,3.0,-0.40845,0,0,background_non_event,22.986053662115374,90.5478146568449,2017-11-30,2017,NASA COOLR/GLC,USGS SRTM 90m via Open Topo Data,Sentinel-2 L2A / Microsoft Planetary Computer,Open-Meteo ERA5-Land historical reanalysis
0.0,0.0,0.0,0.0,37.244,17.625,73.417,17.34,291.0,0.88411,0,0,background_non_event,27.311008983152124,95.9778906629149,2017-12-01,2017,NASA COOLR/GLC,USGS SRTM 90m via Open Topo Data,Sentinel-2 L2A / Microsoft Planetary Computer,Open-Meteo ERA5-Land historical reanalysis
0.0,0.0,0.0,0.0,36.808,3.783,84.0,20.04,2903.0,0.50054,3,0,background_non_event,27.33946668391474,90.2459504097749,2017-12-01,2017,NASA COOLR/GLC,USGS SRTM 90m via Open Topo Data,Sentinel-2 L2A / Microsoft Planetary Computer,Open-Meteo ERA5-Land historical reanalysis
0.0,0.0,0.0,0.0,33.069,19.396,71.708,1.83,208.0,0.87062,1,0,background_non_event,23.4414583244641,94.49165299841768,2017-12-02,2017,NASA COOLR/GLC,USGS SRTM 90m via Open Topo Data,Sentinel-2 L2A / Microsoft Planetary Computer,Open-Meteo ERA5-Land historical reanalysis
0.0,0.0,0.0,0.0,39.256,19.354,85.792,1.46,191.0,0.8597,0,0,background_non_event,23.91675308488782,96.74105515444278,2017-12-06,2017,NASA COOLR/GLC,USGS SRTM 90m via Open Topo Data,Sentinel-2 L2A / Microsoft Planetary Computer,Open-Meteo ERA5-Land historical reanalysis
0.0,0.0,0.0,0.0,36.412,20.542,84.042,0.88,15.0,0.4793,1,0,background_non_event,23.578245166903727,91.03561409339943,2017-12-14,2017,NASA COOLR/GLC,USGS SRTM 90m via Open Topo Data,NASA MODIS MOD13Q1.061 / Microsoft Planetary Computer,Open-Meteo ERA5-Land historical reanalysis
0.0,0.0,0.0,0.0,36.408,-2.704,82.167,36.54,4160.0,0.29266,0,0,background_non_event,28.854667322066017,96.75224931427677,2017-12-16,2017,NASA COOLR/GLC,USGS SRTM 90m via Open Topo Data,Sentinel-2 L2A / Microsoft Planetary Computer,Open-Meteo ERA5-Land historical reanalysis
0.0,0.0,0.0,0.0,43.817,13.771,80.917,11.88,938.0,0.88121,0,0,background_non_event,23.102357532261514,97.4811313135802,2017-12-19,2017,NASA COOLR/GLC,USGS SRTM 90m via Open Topo Data,Sentinel-2 L2A / Microsoft Planetary Computer,Open-Meteo ERA5-Land historical reanalysis
0.0,0.0,0.0,0.0,31.494,18.646,75.333,5.31,244.0,0.90412,0,0,background_non_event,25.963082742843056,95.86570417379912,2017-12-22,2017,NASA COOLR/GLC,USGS SRTM 90m via Open Topo Data,Sentinel-2 L2A / Microsoft Planetary Computer,Open-Meteo ERA5-Land historical reanalysis
0.0,0.0,0.0,0.0,33.238,18.65,78.25,2.81,184.0,0.80834,0,0,background_non_event,25.239790241360684,95.74544813922398,2017-12-24,2017,NASA COOLR/GLC,USGS SRTM 90m via Open Topo Data,Sentinel-2 L2A / Microsoft Planetary Computer,Open-Meteo ERA5-Land historical reanalysis
0.0,0.0,0.0,0.0,31.162,10.617,66.708,22.19,1832.0,0.91759,0,0,background_non_event,26.58779318283341,97.29096550659169,2017-12-27,2017,NASA COOLR/GLC,USGS SRTM 90m via Open Topo Data,Sentinel-2 L2A / Microsoft Planetary Computer,Open-Meteo ERA5-Land historical reanalysis
0.0,0.0,0.0,0.0,31.096,18.496,88.875,9.28,199.0,0.87831,1,0,background_non_event,23.72656523892067,92.01123586028933,2017-12-28,2017,NASA COOLR/GLC,USGS SRTM 90m via Open Topo Data,Sentinel-2 L2A / Microsoft Planetary Computer,Open-Meteo ERA5-Land historical reanalysis
0.0,0.0,0.0,0.0,35.5,19.629,79.083,0.83,0.0,-0.36128,0,0,background_non_event,22.13647722647268,89.08717777893136,2018-01-02,2018,NASA COOLR/GLC,USGS SRTM 90m via Open Topo Data,Sentinel-2 L2A / Microsoft Planetary Computer,Open-Meteo ERA5-Land historical reanalysis
0.0,0.0,0.0,0.0,18.621,15.846,63.875,0.88,20.0,0.56879,0,0,background_non_event,24.168702916817395,88.2801248901206,2018-01-03,2018,NASA COOLR/GLC,USGS SRTM 90m via Open Topo Data,Sentinel-2 L2A / Microsoft Planetary Computer,Open-Meteo ERA5-Land historical reanalysis
0.0,0.0,0.0,0.0,46.052,17.812,87.167,5.09,222.0,0.6725,0,0,background_non_event,23.37887473335979,96.31134349828314,2018-01-05,2018,NASA COOLR/GLC,USGS SRTM 90m via Open Topo Data,NASA MODIS MOD13Q1.061 / Microsoft Planetary Computer,Open-Meteo ERA5-Land historical reanalysis
0.0,0.0,0.0,0.0,37.081,-19.104,68.958,17.15,4692.0,0.0058,0,0,background_non_event,28.87388709430998,94.02433770215946,2018-01-08,2018,NASA COOLR/GLC,USGS SRTM 90m via Open Topo Data,NASA MODIS MOD13Q1.061 / Microsoft Planetary Computer,Open-Meteo ERA5-Land historical reanalysis
0.0,0.0,0.0,0.0,39.577,13.096,83.375,4.85,282.0,0.62014,2,0,background_non_event,25.643242299170883,93.06775937731257,2018-01-09,2018,NASA COOLR/GLC,USGS SRTM 90m via Open Topo Data,Sentinel-2 L2A / Microsoft Planetary Computer,Open-Meteo ERA5-Land historical reanalysis
0.0,0.0,0.0,0.0,39.667,17.137,67.583,10.94,317.0,0.01739,0,0,background_non_event,26.9637692874653,96.21039177512763,2018-01-10,2018,NASA COOLR/GLC,USGS SRTM 90m via Open Topo Data,Sentinel-2 L2A / Microsoft Planetary Computer,Open-Meteo ERA5-Land historical reanalysis
0.0,0.0,0.0,0.0,17.5,17.021,72.667,0.82,29.0,0.26333,0,0,background_non_event,25.372431736451148,88.54036221019275,2018-01-15,2018,NASA COOLR/GLC,USGS SRTM 90m via Open Topo Data,Sentinel-2 L2A / Microsoft Planetary Computer,Open-Meteo ERA5-Land historical reanalysis
0.0,0.0,0.0,0.0,31.279,17.579,77.917,1.59,71.0,0.3993,0,0,background_non_event,26.149434896556983,92.66631075347203,2018-01-16,2018,NASA COOLR/GLC,USGS SRTM 90m via Open Topo Data,Sentinel-2 L2A / Microsoft Planetary Computer,Open-Meteo ERA5-Land historical reanalysis
0.0,0.0,0.0,0.0,11.325,19.083,73.625,0.64,0.0,-0.121,0,0,background_non_event,21.973137904997568,89.93170290686159,2018-01-18,2018,NASA COOLR/GLC,USGS SRTM 90m via Open Topo Data,Sentinel-2 L2A / Microsoft Planetary Computer,Open-Meteo ERA5-Land historical reanalysis
0.0,0.0,0.0,0.0,34.14,16.863,83.167,2.25,203.0,0.49126,2,0,background_non_event,25.86582187466639,93.49158241097308,2018-01-20,2018,NASA COOLR/GLC,USGS SRTM 90m via Open Topo Data,Sentinel-2 L2A / Microsoft Planetary Computer,Open-Meteo ERA5-Land historical reanalysis
0.0,0.0,0.0,0.0,28.817,12.429,69.083,16.4,1522.0,0.77247,9,0,background_non_event,25.41542431567909,94.51283526001532,2018-01-24,2018,NASA COOLR/GLC,USGS SRTM 90m via Open Topo Data,Sentinel-2 L2A / Microsoft Planetary Computer,Open-Meteo ERA5-Land historical reanalysis
0.0,0.0,0.0,0.0,26.45,14.263,73.75,23.7,644.0,0.74659,2,0,background_non_event,26.786244420218438,90.08756330610022,2018-01-24,2018,NASA COOLR/GLC,USGS SRTM 90m via Open Topo Data,Sentinel-2 L2A / Microsoft Planetary Computer,Open-Meteo ERA5-Land historical reanalysis
0.0,0.0,0.0,0.0,38.71,7.142,77.375,29.87,1933.0,0.87267,1,0,background_non_event,27.921897239672585,96.56494488649426,2018-01-25,2018,NASA COOLR/GLC,USGS SRTM 90m via Open Topo Data,Sentinel-2 L2A / Microsoft Planetary Computer,Open-Meteo ERA5-Land historical reanalysis
0.0,0.0,0.0,0.0,31.194,18.083,70.708,9.78,429.0,0.7283,0,0,background_non_event,23.733506366016996,95.02172926442938,2018-01-26,2018,NASA COOLR/GLC,USGS SRTM 90m via Open Topo Data,NASA MODIS MOD13Q1.061 / Microsoft Planetary Computer,Open-Meteo ERA5-Land historical reanalysis
0.0,0.0,0.0,0.0,34.6,-7.225,79.417,28.48,4230.0,0.75764,0,0,background_non_event,27.524222054970274,89.18447978461116,2018-01-28,2018,NASA COOLR/GLC,USGS SRTM 90m via Open Topo Data,Sentinel-2 L2A / Microsoft Planetary Computer,Open-Meteo ERA5-Land historical reanalysis
0.0,0.0,0.0,0.0,7.196,19.867,68.167,0.0,0.0,-0.34401,0,0,background_non_event,22.81399630637557,90.78108879733635,2018-01-30,2018,NASA COOLR/GLC,USGS SRTM 90m via Open Topo Data,Sentinel-2 L2A / Microsoft Planetary Computer,Open-Meteo ERA5-Land historical reanalysis
0.0,0.0,0.0,0.0,25.677,13.771,72.792,27.78,556.0,0.77163,6,0,background_non_event,23.888373237201552,92.71902395341675,2018-01-30,2018,NASA COOLR/GLC,USGS SRTM 90m via Open Topo Data,Sentinel-2 L2A / Microsoft Planetary Computer,Open-Meteo ERA5-Land historical reanalysis
0.0,0.0,0.0,0.0,35.117,15.575,85.833,9.56,320.0,0.7626,2,0,background_non_event,26.98691787955106,95.2474031952697,2018-02-02,2018,NASA COOLR/GLC,USGS SRTM 90m via Open Topo Data,NASA MODIS MOD13Q1.061 / Microsoft Planetary Computer,Open-Meteo ERA5-Land historical reanalysis
0.0,0.0,0.0,0.0,29.915,17.954,81.958,1.22,45.0,0.41794,1,0,background_non_event,26.010915186309166,91.24508567796636,2018-02-03,2018,NASA COOLR/GLC,USGS SRTM 90m via Open Topo Data,Sentinel-2 L2A / Microsoft Planetary Computer,Open-Meteo ERA5-Land historical reanalysis
0.0,0.0,0.0,0.0,26.033,-2.262,31.417,23.98,5025.0,0.1727,0,0,background_non_event,29.0481985407754,90.5792529602785,2018-02-06,2018,NASA COOLR/GLC,USGS SRTM 90m via Open Topo Data,NASA MODIS MOD13Q1.061 / Microsoft Planetary Computer,Open-Meteo ERA5-Land historical reanalysis
0.0,0.0,0.0,0.0,31.548,9.787,76.208,42.59,1912.0,0.8165,12,0,background_non_event,25.639308564739522,94.05024541269306,2018-02-08,2018,NASA COOLR/GLC,USGS SRTM 90m via Open Topo Data,Sentinel-2 L2A / Microsoft Planetary Computer,Open-Meteo ERA5-Land historical reanalysis
0.0,0.0,0.0,0.0,32.254,17.842,78.958,16.38,535.0,0.86143,1,0,background_non_event,25.084333393959607,94.8568438575717,2018-02-11,2018,NASA COOLR/GLC,USGS SRTM 90m via Open Topo Data,Sentinel-2 L2A / Microsoft Planetary Computer,Open-Meteo ERA5-Land historical reanalysis
0.0,0.0,0.0,0.0,41.846,7.712,88.458,18.49,1401.0,0.14338,0,0,background_non_event,28.663986512842058,94.33177641643873,2018-02-11,2018,NASA COOLR/GLC,USGS SRTM 90m via Open Topo Data,Sentinel-2 L2A / Microsoft Planetary Computer,Open-Meteo ERA5-Land historical reanalysis
0.0,0.0,0.0,0.0,25.071,23.425,41.792,1.43,163.0,-0.16828,0,0,background_non_event,23.48997925332131,95.3880762273213,2018-02-15,2018,NASA COOLR/GLC,USGS SRTM 90m via Open Topo Data,Sentinel-2 L2A / Microsoft Planetary Computer,Open-Meteo ERA5-Land historical reanalysis
0.0,0.0,0.0,0.0,30.571,19.758,66.0,0.96,73.0,0.26164,4,0,background_non_event,26.696417801764703,92.79234741077198,2018-02-17,2018,NASA COOLR/GLC,USGS SRTM 90m via Open Topo Data,Sentinel-2 L2A / Microsoft Planetary Computer,Open-Meteo ERA5-Land historical reanalysis
0.0,0.0,0.0,0.0,14.988,20.875,62.208,0.72,89.0,0.4807,3,0,background_non_event,26.569177259705942,88.66300493314559,2018-02-18,2018,NASA COOLR/GLC,USGS SRTM 90m via Open Topo Data,Sentinel-2 L2A / Microsoft Planetary Computer,Open-Meteo ERA5-Land historical reanalysis
0.0,0.0,0.0,0.0,22.192,-12.583,39.292,5.2,5559.0,0.0156,0,0,background_non_event,29.5699636562905,90.53947993808353,2018-02-18,2018,NASA COOLR/GLC,USGS SRTM 90m via Open Topo Data,NASA MODIS MOD13Q1.061 / Microsoft Planetary Computer,Open-Meteo ERA5-Land historical reanalysis
0.0,0.0,0.0,0.0,31.727,19.525,56.583,1.63,578.0,0.62963,0,0,background_non_event,22.591645592439377,97.43444948971657,2018-02-21,2018,NASA COOLR/GLC,USGS SRTM 90m via Open Topo Data,Sentinel-2 L2A / Microsoft Planetary Computer,Open-Meteo ERA5-Land historical reanalysis
0.0,0.0,0.0,0.0,35.848,-11.171,79.5,25.05,4623.0,0.36992,0,0,background_non_event,29.25544371200459,93.47823684030402,2018-02-21,2018,NASA COOLR/GLC,USGS SRTM 90m via Open Topo Data,Sentinel-2 L2A / Microsoft Planetary Computer,Open-Meteo ERA5-Land historical reanalysis
0.0,0.0,0.0,0.0,28.467,19.208,73.875,7.25,246.0,0.82424,0,0,background_non_event,26.048389447211107,95.82702418155893,2018-02-23,2018,NASA COOLR/GLC,USGS SRTM 90m via Open Topo Data,Sentinel-2 L2A / Microsoft Planetary Computer,Open-Meteo ERA5-Land historical reanalysis
0.0,0.0,0.0,0.0,42.481,19.037,69.75,1.01,128.0,0.06644,0,0,background_non_event,27.809679754407,95.65148775524327,2018-02-23,2018,NASA COOLR/GLC,USGS SRTM 90m via Open Topo Data,Sentinel-2 L2A / Microsoft Planetary Computer,Open-Meteo ERA5-Land historical reanalysis
0.0,0.0,0.0,0.0,38.221,16.975,87.583,10.16,236.0,0.80525,19,0,background_non_event,27.28364016054009,93.90984803620867,2018-02-26,2018,NASA COOLR/GLC,USGS SRTM 90m via Open Topo Data,Sentinel-2 L2A / Microsoft Planetary Computer,Open-Meteo ERA5-Land historical reanalysis
0.0,0.0,0.0,0.0,14.931,24.975,66.667,2.89,39.0,0.56038,11,0,background_non_event,22.785684068133992,91.76039769088264,2018-03-01,2018,NASA COOLR/GLC,USGS SRTM 90m via Open Topo Data,Sentinel-2 L2A / Microsoft Planetary Computer,Open-Meteo ERA5-Land historical reanalysis
0.0,0.0,0.0,0.0,27.827,23.887,59.542,5.34,353.0,0.4967,0,0,background_non_event,24.400239575210325,95.59092944511367,2018-03-02,2018,NASA COOLR/GLC,USGS SRTM 90m via Open Topo Data,NASA MODIS MOD13Q1.061 / Microsoft Planetary Computer,Open-Meteo ERA5-Land historical reanalysis
0.0,0.0,0.0,0.0,19.752,19.808,61.083,28.08,823.0,0.52971,4,0,background_non_event,23.485366874635552,93.25663639647564,2018-03-04,2018,NASA COOLR/GLC,USGS SRTM 90m via Open Topo Data,Sentinel-2 L2A / Microsoft Planetary Computer,Open-Meteo ERA5-Land historical reanalysis
0.0,0.0,0.0,0.0,31.669,21.567,75.375,1.25,40.0,0.1641,1,0,background_non_event,26.167797329583696,91.09755944107967,2018-03-04,2018,NASA COOLR/GLC,USGS SRTM 90m via Open Topo Data,NASA MODIS MOD13Q1.061 / Microsoft Planetary Computer,Open-Meteo ERA5-Land historical reanalysis
0.0,0.0,0.0,0.0,28.35,-10.25,86.042,18.05,5084.0,0.01229,0,0,background_non_event,29.498344642874674,93.1812687130865,2018-03-05,2018,NASA COOLR/GLC,USGS SRTM 90m via Open Topo Data,Sentinel-2 L2A / Microsoft Planetary Computer,Open-Meteo ERA5-Land historical reanalysis
0.0,0.0,0.0,0.0,22.471,16.088,56.583,21.25,1352.0,0.53519,2,0,background_non_event,24.56538782457863,94.16538998384425,2018-03-07,2018,NASA COOLR/GLC,USGS SRTM 90m via Open Topo Data,Sentinel-2 L2A / Microsoft Planetary Computer,Open-Meteo ERA5-Land historical reanalysis
0.0,0.0,0.0,0.0,30.954,17.358,58.292,27.31,999.0,0.45264,9,0,background_non_event,25.010239510065293,93.9215820249131,2018-03-07,2018,NASA COOLR/GLC,USGS SRTM 90m via Open Topo Data,Sentinel-2 L2A / Microsoft Planetary Computer,Open-Meteo ERA5-Land historical reanalysis
0.0,0.0,0.0,0.0,35.035,-8.883,59.292,28.86,4373.0,0.09481,0,0,background_non_event,27.688260975227223,90.55469607776149,2018-03-07,2018,NASA COOLR/GLC,USGS SRTM 90m via Open Topo Data,Sentinel-2 L2A / Microsoft Planetary Computer,Open-Meteo ERA5-Land historical reanalysis
0.0,0.0,0.0,0.0,19.252,21.929,62.625,26.09,500.0,0.72442,6,0,background_non_event,25.06696955237439,93.41174386284214,2018-03-08,2018,NASA COOLR/GLC,USGS SRTM 90m via Open Topo Data,Sentinel-2 L2A / Microsoft Planetary Computer,Open-Meteo ERA5-Land historical reanalysis
0.0,0.0,0.0,0.0,31.623,-8.7,67.958,29.7,4938.0,0.19158,0,0,background_non_event,29.399716735423667,91.99598007523633,2018-03-09,2018,NASA COOLR/GLC,USGS SRTM 90m via Open Topo Data,Sentinel-2 L2A / Microsoft Planetary Computer,Open-Meteo ERA5-Land historical reanalysis
0.0,0.0,0.0,0.0,23.862,2.3,37.125,1.84,3864.0,0.0942,0,0,background_non_event,29.4227976448331,89.09392761318341,2018-03-09,2018,NASA COOLR/GLC,USGS SRTM 90m via Open Topo Data,NASA MODIS MOD13Q1.061 / Microsoft Planetary Computer,Open-Meteo ERA5-Land historical reanalysis
0.0,0.0,0.0,0.0,32.952,19.692,65.417,19.87,798.0,0.82475,11,0,background_non_event,25.46907399274734,93.68784604505053,2018-03-10,2018,NASA COOLR/GLC,USGS SRTM 90m via Open Topo Data,Sentinel-2 L2A / Microsoft Planetary Computer,Open-Meteo ERA5-Land historical reanalysis
0.0,0.0,0.0,0.0,25.058,24.917,34.375,5.21,564.0,0.56579,0,0,background_non_event,21.97586190747313,94.3576513310386,2018-03-11,2018,NASA COOLR/GLC,USGS SRTM 90m via Open Topo Data,Sentinel-2 L2A / Microsoft Planetary Computer,Open-Meteo ERA5-Land historical reanalysis
0.0,0.0,0.0,0.0,28.712,24.713,55.583,1.51,238.0,0.47878,0,0,background_non_event,24.73791625021023,96.3448481800446,2018-03-11,2018,NASA COOLR/GLC,USGS SRTM 90m via Open Topo Data,Sentinel-2 L2A / Microsoft Planetary Computer,Open-Meteo ERA5-Land historical reanalysis
0.0,0.0,0.0,0.0,15.494,20.646,56.0,0.55,771.0,0.40508,4,0,background_non_event,24.600774281495024,93.9480691062744,2018-03-12,2018,NASA COOLR/GLC,USGS SRTM 90m via Open Topo Data,Sentinel-2 L2A / Microsoft Planetary Computer,Open-Meteo ERA5-Land historical reanalysis
0.0,0.0,0.0,0.0,34.21,-17.988,67.917,29.84,5207.0,-0.04049,0,0,background_non_event,29.185677741821955,97.02295248774966,2018-03-13,2018,NASA COOLR/GLC,USGS SRTM 90m via Open Topo Data,Sentinel-2 L2A / Microsoft Planetary Computer,Open-Meteo ERA5-Land historical reanalysis
0.0,0.0,0.0,0.0,22.894,27.45,76.75,0.0,0.0,0.1038,0,0,background_non_event,22.350124372333678,89.89478859663055,2018-03-15,2018,NASA COOLR/GLC,USGS SRTM 90m via Open Topo Data,NASA MODIS MOD13Q1.061 / Microsoft Planetary Computer,Open-Meteo ERA5-Land historical reanalysis
0.0,0.0,0.0,0.0,47.304,20.037,87.583,0.86,82.0,0.03327,7,0,background_non_event,26.85900040208743,94.05746052130485,2018-03-17,2018,NASA COOLR/GLC,USGS SRTM 90m via Open Topo Data,Sentinel-2 L2A / Microsoft Planetary Computer,Open-Meteo ERA5-Land historical reanalysis
0.0,0.0,0.0,0.0,26.619,27.271,43.292,0.39,145.0,0.26528,0,0,background_non_event,22.57586885932652,95.09809076554382,2018-03-20,2018,NASA COOLR/GLC,USGS SRTM 90m via Open Topo Data,Sentinel-2 L2A / Microsoft Planetary Computer,Open-Meteo ERA5-Land historical reanalysis
0.0,0.0,0.0,0.0,18.575,23.096,55.292,1.69,151.0,0.33206,0,0,background_non_event,24.81708400734653,97.3722190165633,2018-03-21,2018,NASA COOLR/GLC,USGS SRTM 90m via Open Topo Data,Sentinel-2 L2A / Microsoft Planetary Computer,Open-Meteo ERA5-Land historical reanalysis
0.0,0.0,0.0,0.0,14.517,28.262,60.125,0.68,14.0,0.5713,0,0,background_non_event,23.51411400460179,88.61095664896796,2018-03-22,2018,NASA COOLR/GLC,USGS SRTM 90m via Open Topo Data,NASA MODIS MOD13Q1.061 / Microsoft Planetary Computer,Open-Meteo ERA5-Land historical reanalysis
0.0,0.0,0.0,0.0,27.652,22.333,56.5,2.01,797.0,0.36173,7,0,background_non_event,24.758354360416103,94.05583941009712,2018-03-26,2018,NASA COOLR/GLC,USGS SRTM 90m via Open Topo Data,Sentinel-2 L2A / Microsoft Planetary Computer,Open-Meteo ERA5-Land historical reanalysis
0.0,0.0,0.0,0.0,29.596,22.554,83.333,0.98,17.0,0.71002,0,0,background_non_event,24.772519456954015,88.74200072948024,2018-03-31,2018,NASA COOLR/GLC,USGS SRTM 90m via Open Topo Data,Sentinel-2 L2A / Microsoft Planetary Computer,Open-Meteo ERA5-Land historical reanalysis
0.0,0.0,0.0,0.0,21.881,25.333,59.125,0.53,80.0,0.17612,0,0,background_non_event,26.592314900329782,88.98471442866932,2018-04-02,2018,NASA COOLR/GLC,USGS SRTM 90m via Open Topo Data,Sentinel-2 L2A / Microsoft Planetary Computer,Open-Meteo ERA5-Land historical reanalysis
0.0,0.0,0.0,0.0,42.177,9.125,95.667,29.03,2620.0,0.76068,3,0,background_non_event,27.533692274604235,93.25205797318633,2018-04-05,2018,NASA COOLR/GLC,USGS SRTM 90m via Open Topo Data,Sentinel-2 L2A / Microsoft Planetary Computer,Open-Meteo ERA5-Land historical reanalysis
0.0,0.0,0.0,0.0,34.05,-4.1,86.917,30.05,4481.0,0.21794,5,0,background_non_event,27.745844304423784,91.90500955519396,2018-04-05,2018,NASA COOLR/GLC,USGS SRTM 90m via Open Topo Data,Sentinel-2 L2A / Microsoft Planetary Computer,Open-Meteo ERA5-Land historical reanalysis
0.0,0.0,0.0,0.0,46.302,14.171,83.833,31.68,1533.0,0.1866,0,0,background_non_event,27.204301081587978,96.02682327839398,2018-04-06,2018,NASA COOLR/GLC,USGS SRTM 90m via Open Topo Data,Sentinel-2 L2A / Microsoft Planetary Computer,Open-Meteo ERA5-Land historical reanalysis
0.0,0.0,0.0,0.0,14.019,-7.346,65.417,15.08,5689.0,0.01335,0,0,background_non_event,28.517120359442934,90.12097057213562,2018-04-11,2018,NASA COOLR/GLC,USGS SRTM 90m via Open Topo Data,Sentinel-2 L2A / Microsoft Planetary Computer,Open-Meteo ERA5-Land historical reanalysis
0.0,0.0,0.0,0.0,24.335,18.771,76.667,16.45,1246.0,0.7653,6,0,background_non_event,23.670371678585504,93.19327405609477,2018-04-12,2018,NASA COOLR/GLC,USGS SRTM 90m via Open Topo Data,Sentinel-2 L2A / Microsoft Planetary Computer,Open-Meteo ERA5-Land historical reanalysis
0.0,0.0,0.0,0.0,35.127,25.379,80.208,7.87,93.0,0.8087,5,0,background_non_event,24.410676551000492,92.3808318757524,2018-04-13,2018,NASA COOLR/GLC,USGS SRTM 90m via Open Topo Data,NASA MODIS MOD13Q1.061 / Microsoft Planetary Computer,Open-Meteo ERA5-Land historical reanalysis
0.0,0.0,0.0,0.0,36.542,21.571,64.583,18.91,941.0,0.1062,1,0,background_non_event,25.576945604147145,94.7825847977823,2018-04-14,2018,NASA COOLR/GLC,USGS SRTM 90m via Open Topo Data,Sentinel-2 L2A / Microsoft Planetary Computer,Open-Meteo ERA5-Land historical reanalysis
0.0,0.0,0.0,0.0,42.471,24.012,82.958,0.71,14.0,0.63147,8,0,background_non_event,25.143285290225958,91.91337659906378,2018-04-17,2018,NASA COOLR/GLC,USGS SRTM 90m via Open Topo Data,Sentinel-2 L2A / Microsoft Planetary Computer,Open-Meteo ERA5-Land historical reanalysis
0.0,0.0,0.0,0.0,27.213,29.438,53.75,1.37,83.0,0.22672,0,0,background_non_event,22.117888403785944,95.63208721404183,2018-04-19,2018,NASA COOLR/GLC,USGS SRTM 90m via Open Topo Data,Sentinel-2 L2A / Microsoft Planetary Computer,Open-Meteo ERA5-Land historical reanalysis
0.0,0.0,0.0,0.0,35.173,21.654,60.917,26.09,1073.0,0.10293,0,0,background_non_event,25.26713896736838,96.62539740863848,2018-04-24,2018,NASA COOLR/GLC,USGS SRTM 90m via Open Topo Data,Sentinel-2 L2A / Microsoft Planetary Computer,Open-Meteo ERA5-Land historical reanalysis
0.0,0.0,0.0,0.0,33.923,-4.892,94.125,17.6,5069.0,-0.02774,0,0,background_non_event,28.033302462609655,90.87936543060175,2018-04-30,2018,NASA COOLR/GLC,USGS SRTM 90m via Open Topo Data,Sentinel-2 L2A / Microsoft Planetary Computer,Open-Meteo ERA5-Land historical reanalysis
0.0,0.0,0.0,0.0,28.773,30.8,56.958,0.58,114.0,0.17805,0,0,background_non_event,22.021707117048393,95.4744295522469,2018-05-01,2018,NASA COOLR/GLC,USGS SRTM 90m via Open Topo Data,Sentinel-2 L2A / Microsoft Planetary Computer,Open-Meteo ERA5-Land historical reanalysis
0.0,0.0,0.0,0.0,41.06,15.042,84.125,33.79,1362.0,0.7679,3,0,background_non_event,28.305063692178965,94.5937277638165,2018-05-01,2018,NASA COOLR/GLC,USGS SRTM 90m via Open Topo Data,NASA MODIS MOD13Q1.061 / Microsoft Planetary Computer,Open-Meteo ERA5-Land historical reanalysis
0.0,0.0,0.0,0.0,42.033,-3.325,91.167,37.29,4794.0,0.34998,0,0,background_non_event,29.503633127196572,93.54850861418116,2018-05-04,2018,NASA COOLR/GLC,USGS SRTM 90m via Open Topo Data,Sentinel-2 L2A / Microsoft Planetary Computer,Open-Meteo ERA5-Land historical reanalysis
0.0,0.0,0.0,0.0,37.452,27.079,62.875,3.97,657.0,0.30541,0,0,background_non_event,21.816331603967583,97.07401278720526,2018-05-08,2018,NASA COOLR/GLC,USGS SRTM 90m via Open Topo Data,Sentinel-2 L2A / Microsoft Planetary Computer,Open-Meteo ERA5-Land historical reanalysis
0.0,0.0,0.0,0.0,40.402,25.333,85.875,1.15,7.0,0.1158,0,0,background_non_event,24.753382398622787,90.82480207506345,2018-05-17,2018,NASA COOLR/GLC,USGS SRTM 90m via Open Topo Data,NASA MODIS MOD13Q1.061 / Microsoft Planetary Computer,Open-Meteo ERA5-Land historical reanalysis
0.0,0.0,0.0,0.0,22.842,27.417,70.417,1.27,158.0,0.2623,0,0,background_non_event,25.32131779584912,97.54595196571218,2018-05-19,2018,NASA COOLR/GLC,USGS SRTM 90m via Open Topo Data,NASA MODIS MOD13Q1.061 / Microsoft Planetary Computer,Open-Meteo ERA5-Land historical reanalysis
0.0,0.0,0.0,0.0,24.85,-7.496,88.792,51.38,5891.0,-0.02307,0,0,background_non_event,28.246611564060487,89.79006254226458,2018-05-20,2018,NASA COOLR/GLC,USGS SRTM 90m via Open Topo Data,Sentinel-2 L2A / Microsoft Planetary Computer,Open-Meteo ERA5-Land historical reanalysis
0.0,0.0,0.0,0.0,37.685,30.183,65.583,1.51,232.0,0.33656,0,0,background_non_event,22.178707310935785,95.38011777993597,2018-05-26,2018,NASA COOLR/GLC,USGS SRTM 90m via Open Topo Data,Sentinel-2 L2A / Microsoft Planetary Computer,Open-Meteo ERA5-Land historical reanalysis
0.0,0.0,0.0,0.0,43.648,28.408,81.083,3.02,54.0,0.82022,6,0,background_non_event,24.638839286500186,92.26052191977097,2018-05-27,2018,NASA COOLR/GLC,USGS SRTM 90m via Open Topo Data,Sentinel-2 L2A / Microsoft Planetary Computer,Open-Meteo ERA5-Land historical reanalysis
0.0,0.0,0.0,0.0,33.704,-1.012,93.708,36.72,5464.0,-0.00101,0,0,background_non_event,28.023979262343126,90.56873294372014,2018-05-27,2018,NASA COOLR/GLC,USGS SRTM 90m via Open Topo Data,Sentinel-2 L2A / Microsoft Planetary Computer,Open-Meteo ERA5-Land historical reanalysis
0.0,0.0,0.0,0.0,41.421,19.708,79.083,21.63,1271.0,0.83007,13,0,background_non_event,27.108993644870058,88.67051867348387,2018-05-29,2018,NASA COOLR/GLC,USGS SRTM 90m via Open Topo Data,Sentinel-2 L2A / Microsoft Planetary Computer,Open-Meteo ERA5-Land historical reanalysis
0.0,0.0,0.0,0.0,36.854,22.392,90.167,21.41,970.0,0.77963,8,0,background_non_event,23.892112725279436,93.20575464133422,2018-05-31,2018,NASA COOLR/GLC,USGS SRTM 90m via Open Topo Data,Sentinel-2 L2A / Microsoft Planetary Computer,Open-Meteo ERA5-Land historical reanalysis
0.0,0.0,0.0,0.0,48.371,21.333,94.917,26.18,1095.0,0.73304,0,0,background_non_event,22.940866731361172,97.23931429125734,2018-06-01,2018,NASA COOLR/GLC,USGS SRTM 90m via Open Topo Data,Sentinel-2 L2A / Microsoft Planetary Computer,Open-Meteo ERA5-Land historical reanalysis
0.0,0.0,0.0,0.0,48.421,24.808,89.417,4.68,576.0,0.53733,0,0,background_non_event,21.884494909266607,94.38179512568057,2018-06-02,2018,NASA COOLR/GLC,USGS SRTM 90m via Open Topo Data,Sentinel-2 L2A / Microsoft Planetary Computer,Open-Meteo ERA5-Land historical reanalysis
0.0,0.0,0.0,0.0,38.79,23.446,89.542,8.06,805.0,0.6368,2,0,background_non_event,24.384133469040066,93.80573141233336,2018-06-02,2018,NASA COOLR/GLC,USGS SRTM 90m via Open Topo Data,Sentinel-2 L2A / Microsoft Planetary Computer,Open-Meteo ERA5-Land historical reanalysis
0.0,0.0,0.0,0.0,42.844,21.525,93.5,21.05,1307.0,0.4996,12,0,background_non_event,25.4351734137839,93.73597318263357,2018-06-05,2018,NASA COOLR/GLC,USGS SRTM 90m via Open Topo Data,NASA MODIS MOD13Q1.061 / Microsoft Planetary Computer,Open-Meteo ERA5-Land historical reanalysis
0.0,0.0,0.0,0.0,38.031,27.825,78.583,19.46,368.0,0.41775,7,0,background_non_event,27.400540867758604,94.0423263645095,2018-06-08,2018,NASA COOLR/GLC,USGS SRTM 90m via Open Topo Data,Sentinel-2 L2A / Microsoft Planetary Computer,Open-Meteo ERA5-Land historical reanalysis
0.0,0.0,0.0,0.0,49.408,18.071,99.917,26.37,1818.0,0.3747,1,0,background_non_event,25.6700666694284,95.06035343292722,2018-06-13,2018,NASA COOLR/GLC,USGS SRTM 90m via Open Topo Data,NASA MODIS MOD13Q1.061 / Microsoft Planetary Computer,Open-Meteo ERA5-Land historical reanalysis
0.0,0.0,0.0,0.0,49.385,26.733,90.042,4.2,263.0,0.7544,0,0,background_non_event,24.548162976251955,96.42709721668376,2018-06-16,2018,NASA COOLR/GLC,USGS SRTM 90m via Open Topo Data,NASA MODIS MOD13Q1.061 / Microsoft Planetary Computer,Open-Meteo ERA5-Land historical reanalysis
0.0,0.0,0.0,0.0,47.894,28.158,77.458,0.92,147.0,0.6047,14,0,background_non_event,26.062176232064033,93.97227978695585,2018-06-16,2018,NASA COOLR/GLC,USGS SRTM 90m via Open Topo Data,NASA MODIS MOD13Q1.061 / Microsoft Planetary Computer,Open-Meteo ERA5-Land historical reanalysis
0.0,0.0,0.0,0.0,42.527,4.925,95.5,32.23,4545.0,0.0359,1,0,background_non_event,27.684742099625378,92.44473028137813,2018-06-16,2018,NASA COOLR/GLC,USGS SRTM 90m via Open Topo Data,NASA MODIS MOD13Q1.061 / Microsoft Planetary Computer,Open-Meteo ERA5-Land historical reanalysis
0.0,0.0,0.0,0.0,42.619,28.758,84.417,1.12,91.0,0.0733,0,0,background_non_event,23.913076990139537,96.26139351027754,2018-06-17,2018,NASA COOLR/GLC,USGS SRTM 90m via Open Topo Data,NASA MODIS MOD13Q1.061 / Microsoft Planetary Computer,Open-Meteo ERA5-Land historical reanalysis
0.0,0.0,0.0,0.0,48.01,28.304,81.583,13.17,426.0,0.3761,0,0,background_non_event,22.310140617980675,94.49937846926002,2018-06-19,2018,NASA COOLR/GLC,USGS SRTM 90m via Open Topo Data,NASA MODIS MOD13Q1.061 / Microsoft Planetary Computer,Open-Meteo ERA5-Land historical reanalysis
0.0,0.0,0.0,0.0,49.117,25.183,94.25,7.75,351.0,0.8783,0,0,background_non_event,25.004346399080585,96.05904777371151,2018-06-26,2018,NASA COOLR/GLC,USGS SRTM 90m via Open Topo Data,NASA MODIS MOD13Q1.061 / Microsoft Planetary Computer,Open-Meteo ERA5-Land historical reanalysis
0.0,0.0,0.0,0.0,48.371,24.696,92.708,14.11,589.0,0.2789,20,0,background_non_event,25.96147956138864,92.0963596780245,2018-06-26,2018,NASA COOLR/GLC,USGS SRTM 90m via Open Topo Data,NASA MODIS MOD13Q1.061 / Microsoft Planetary Computer,Open-Meteo ERA5-Land historical reanalysis
0.0,0.0,0.0,0.0,42.502,19.121,95.958,48.51,2193.0,0.9379,0,0,background_non_event,28.088270462160864,97.04312746980723,2018-06-26,2018,NASA COOLR/GLC,USGS SRTM 90m via Open Topo Data,NASA MODIS MOD13Q1.061 / Microsoft Planetary Computer,Open-Meteo ERA5-Land historical reanalysis
0.0,0.0,0.0,0.0,44.033,25.537,76.75,7.59,466.0,0.2456,0,0,background_non_event,23.438417876793913,95.93362371134592,2018-06-28,2018,NASA COOLR/GLC,USGS SRTM 90m via Open Topo Data,NASA MODIS MOD13Q1.061 / Microsoft Planetary Computer,Open-Meteo ERA5-Land historical reanalysis
0.0,0.0,0.0,0.0,40.248,27.621,84.042,0.44,12.0,0.2918,0,0,background_non_event,23.52192711726665,88.8117962306083,2018-06-28,2018,NASA COOLR/GLC,USGS SRTM 90m via Open Topo Data,NASA MODIS MOD13Q1.061 / Microsoft Planetary Computer,Open-Meteo ERA5-Land historical reanalysis
0.0,0.0,0.0,0.0,48.477,26.754,88.75,3.96,192.0,0.3581,0,0,background_non_event,24.807647670610088,95.49482417856613,2018-06-28,2018,NASA COOLR/GLC,USGS SRTM 90m via Open Topo Data,NASA MODIS MOD13Q1.061 / Microsoft Planetary Computer,Open-Meteo ERA5-Land historical reanalysis
0.0,0.0,0.0,0.0,47.235,28.037,79.792,1.92,152.0,0.8757,0,0,background_non_event,23.571721217131312,96.64831667527577,2018-07-04,2018,NASA COOLR/GLC,USGS SRTM 90m via Open Topo Data,NASA MODIS MOD13Q1.061 / Microsoft Planetary Computer,Open-Meteo ERA5-Land historical reanalysis
0.0,0.0,0.0,0.0,42.479,25.779,92.917,3.6,137.0,0.238,0,0,background_non_event,24.6130793977437,97.38480493200915,2018-07-04,2018,NASA COOLR/GLC,USGS SRTM 90m via Open Topo Data,NASA MODIS MOD13Q1.061 / Microsoft Planetary Computer,Open-Meteo ERA5-Land historical reanalysis
0.0,0.0,0.0,0.0,45.367,27.404,79.833,3.21,247.0,0.3737,0,0,background_non_event,23.942095224501625,96.08232851487722,2018-07-05,2018,NASA COOLR/GLC,USGS SRTM 90m via Open Topo Data,NASA MODIS MOD13Q1.061 / Microsoft Planetary Computer,Open-Meteo ERA5-Land historical reanalysis
0.0,0.0,0.0,0.0,41.077,23.312,85.833,11.72,749.0,0.73053,0,0,background_non_event,21.856769100255644,93.04187066055236,2018-07-06,2018,NASA COOLR/GLC,USGS SRTM 90m via Open Topo Data,Sentinel-2 L2A / Microsoft Planetary Computer,Open-Meteo ERA5-Land historical reanalysis
0.0,0.0,0.0,0.0,41.8,28.071,87.458,0.85,60.0,0.47898,0,0,background_non_event,26.485062717595735,89.12774945157733,2018-07-06,2018,NASA COOLR/GLC,USGS SRTM 90m via Open Topo Data,Sentinel-2 L2A / Microsoft Planetary Computer,Open-Meteo ERA5-Land historical reanalysis
0.0,0.0,0.0,0.0,40.319,7.129,79.625,10.89,4961.0,0.2746,0,0,background_non_event,28.61315463281629,91.73773618982713,2018-07-06,2018,NASA COOLR/GLC,USGS SRTM 90m via Open Topo Data,NASA MODIS MOD13Q1.061 / Microsoft Planetary Computer,Open-Meteo ERA5-Land historical reanalysis
0.0,0.0,0.0,0.0,42.804,10.092,96.125,26.4,3993.0,0.05795,0,0,background_non_event,29.10301972008633,94.64186780765229,2018-07-09,2018,NASA COOLR/GLC,USGS SRTM 90m via Open Topo Data,NASA MODIS MOD13Q1.061 / Microsoft Planetary Computer,Open-Meteo ERA5-Land historical reanalysis
0.0,0.0,0.0,0.0,47.552,27.554,77.792,8.14,478.0,0.7377,0,0,background_non_event,22.685727166004312,97.4570017704735,2018-07-14,2018,NASA COOLR/GLC,USGS SRTM 90m via Open Topo Data,NASA MODIS MOD13Q1.061 / Microsoft Planetary Computer,Open-Meteo ERA5-Land historical reanalysis
0.0,0.0,0.0,0.0,41.908,27.117,89.792,25.61,312.0,0.9113,8,0,background_non_event,24.23889709163736,92.91966387948351,2018-07-16,2018,NASA COOLR/GLC,USGS SRTM 90m via Open Topo Data,NASA MODIS MOD13Q1.061 / Microsoft Planetary Computer,Open-Meteo ERA5-Land historical reanalysis
0.0,0.0,0.0,0.0,47.454,28.204,89.25,0.71,122.0,0.8448,1,0,background_non_event,27.144363156289256,95.29954470394853,2018-07-16,2018,NASA COOLR/GLC,USGS SRTM 90m via Open Topo Data,NASA MODIS MOD13Q1.061 / Microsoft Planetary Computer,Open-Meteo ERA5-Land historical reanalysis
0.0,0.0,0.0,0.0,41.448,18.113,90.333,28.06,1849.0,0.6381,0,0,background_non_event,22.180743167440454,93.56299144853895,2018-07-17,2018,NASA COOLR/GLC,USGS SRTM 90m via Open Topo Data,NASA MODIS MOD13Q1.061 / Microsoft Planetary Computer,Open-Meteo ERA5-Land historical reanalysis
0.0,0.0,0.0,0.0,45.352,23.783,91.125,22.57,906.0,0.4437,5,0,background_non_event,24.155791815715183,93.58289602002259,2018-07-17,2018,NASA COOLR/GLC,USGS SRTM 90m via Open Topo Data,NASA MODIS MOD13Q1.061 / Microsoft Planetary Computer,Open-Meteo ERA5-Land historical reanalysis
0.0,0.0,0.0,0.0,30.829,8.0,81.625,14.42,4696.0,0.3882,0,0,background_non_event,28.24903287093291,92.22600914924917,2018-07-17,2018,NASA COOLR/GLC,USGS SRTM 90m via Open Topo Data,NASA MODIS MOD13Q1.061 / Microsoft Planetary Computer,Open-Meteo ERA5-Land historical reanalysis
0.0,0.0,0.0,0.0,47.587,29.625,83.25,0.53,90.0,0.62106,1,0,background_non_event,26.6268114752779,93.82434900414762,2018-07-18,2018,NASA COOLR/GLC,USGS SRTM 90m via Open Topo Data,Sentinel-2 L2A / Microsoft Planetary Computer,Open-Meteo ERA5-Land historical reanalysis
0.0,0.0,0.0,0.0,42.427,3.925,86.792,17.23,4792.0,0.0418,0,0,background_non_event,28.924269208707983,97.156474578325,2018-07-21,2018,NASA COOLR/GLC,USGS SRTM 90m via Open Topo Data,NASA MODIS MOD13Q1.061 / Microsoft Planetary Computer,Open-Meteo ERA5-Land historical reanalysis
0.0,0.0,0.0,0.0,47.929,25.012,92.375,5.7,498.0,0.6679,0,0,background_non_event,22.56363042658197,94.60288201453127,2018-07-23,2018,NASA COOLR/GLC,USGS SRTM 90m via Open Topo Data,NASA MODIS MOD13Q1.061 / Microsoft Planetary Computer,Open-Meteo ERA5-Land historical reanalysis
0.0,0.0,0.0,0.0,42.046,4.246,91.75,18.25,5342.0,0.1046,0,0,background_non_event,29.595019052752697,93.21596904227515,2018-07-23,2018,NASA COOLR/GLC,USGS SRTM 90m via Open Topo Data,NASA MODIS MOD13Q1.061 / Microsoft Planetary Computer,Open-Meteo ERA5-Land historical reanalysis
0.0,0.0,0.0,0.0,49.417,21.729,87.167,17.27,1361.0,0.30313,12,0,background_non_event,26.227834332905296,94.61486091387481,2018-07-24,2018,NASA COOLR/GLC,USGS SRTM 90m via Open Topo Data,Sentinel-2 L2A / Microsoft Planetary Computer,Open-Meteo ERA5-Land historical reanalysis
0.0,0.0,0.0,0.0,48.319,16.217,95.75,23.77,2359.0,0.6357,0,0,background_non_event,27.422758676488236,96.84648507099573,2018-08-03,2018,NASA COOLR/GLC,USGS SRTM 90m via Open Topo Data,NASA MODIS MOD13Q1.061 / Microsoft Planetary Computer,Open-Meteo ERA5-Land historical reanalysis
0.0,0.0,0.0,0.0,39.925,5.617,93.083,24.92,4676.0,0.0611,0,0,background_non_event,27.86063898668864,91.35340992256201,2018-08-03,2018,NASA COOLR/GLC,USGS SRTM 90m via Open Topo Data,NASA MODIS MOD13Q1.061 / Microsoft Planetary Computer,Open-Meteo ERA5-Land historical reanalysis
0.0,0.0,0.0,0.0,46.829,28.642,86.0,0.56,1.0,0.1382,0,0,background_non_event,22.484772097210897,89.15425873971577,2018-08-04,2018,NASA COOLR/GLC,USGS SRTM 90m via Open Topo Data,NASA MODIS MOD13Q1.061 / Microsoft Planetary Computer,Open-Meteo ERA5-Land historical reanalysis
0.0,0.0,0.0,0.0,41.51,27.767,86.167,4.1,192.0,0.0884,0,0,background_non_event,25.22735609685768,97.09719437476438,2018-08-06,2018,NASA COOLR/GLC,USGS SRTM 90m via Open Topo Data,NASA MODIS MOD13Q1.061 / Microsoft Planetary Computer,Open-Meteo ERA5-Land historical reanalysis
0.0,0.0,0.0,0.0,41.596,22.242,87.292,15.41,1372.0,0.19391,12,0,background_non_event,25.437765851815442,93.75177576481667,2018-08-06,2018,NASA COOLR/GLC,USGS SRTM 90m via Open Topo Data,Sentinel-2 L2A / Microsoft Planetary Computer,Open-Meteo ERA5-Land historical reanalysis
0.0,0.0,0.0,0.0,41.533,24.596,85.792,24.23,952.0,0.73828,4,0,background_non_event,27.589599869158512,94.27557273782517,2018-08-07,2018,NASA COOLR/GLC,USGS SRTM 90m via Open Topo Data,Sentinel-2 L2A / Microsoft Planetary Computer,Open-Meteo ERA5-Land historical reanalysis
0.0,0.0,0.0,0.0,48.144,25.483,90.75,14.73,542.0,0.8731,1,0,background_non_event,26.46039905184362,95.45602392323488,2018-08-08,2018,NASA COOLR/GLC,USGS SRTM 90m via Open Topo Data,NASA MODIS MOD13Q1.061 / Microsoft Planetary Computer,Open-Meteo ERA5-Land historical reanalysis
0.0,0.0,0.0,0.0,46.381,24.754,92.458,1.07,296.0,0.7876,0,0,background_non_event,22.252005266024586,94.03122343300764,2018-08-13,2018,NASA COOLR/GLC,USGS SRTM 90m via Open Topo Data,Sentinel-2 L2A / Microsoft Planetary Computer,Open-Meteo ERA5-Land historical reanalysis
0.0,0.0,0.0,0.0,41.044,27.958,82.583,0.38,11.0,0.6498,1,0,background_non_event,25.075669728677987,90.80383340645776,2018-08-13,2018,NASA COOLR/GLC,USGS SRTM 90m via Open Topo Data,NASA MODIS MOD13Q1.061 / Microsoft Planetary Computer,Open-Meteo ERA5-Land historical reanalysis
0.0,0.0,0.0,0.0,42.385,12.229,91.667,28.95,3451.0,-0.02296,0,0,background_non_event,28.873548770788133,95.41450114366806,2018-08-13,2018,NASA COOLR/GLC,USGS SRTM 90m via Open Topo Data,Sentinel-2 L2A / Microsoft Planetary Computer,Open-Meteo ERA5-Land historical reanalysis
0.0,0.0,0.0,0.0,46.075,29.383,83.708,0.56,91.0,0.697,2,0,background_non_event,27.02036970874346,94.35175441668916,2018-08-14,2018,NASA COOLR/GLC,USGS SRTM 90m via Open Topo Data,NASA MODIS MOD13Q1.061 / Microsoft Planetary Computer,Open-Meteo ERA5-Land historical reanalysis
0.0,0.0,0.0,0.0,47.44,16.229,93.917,33.19,2514.0,0.3193,1,0,background_non_event,27.824638798328742,96.54818190531753,2018-08-14,2018,NASA COOLR/GLC,USGS SRTM 90m via Open Topo Data,NASA MODIS MOD13Q1.061 / Microsoft Planetary Computer,Open-Meteo ERA5-Land historical reanalysis
0.0,0.0,0.0,0.0,49.052,25.058,92.875,3.12,431.0,0.9488,1,0,background_non_event,23.25705767085861,94.58711122033881,2018-08-15,2018,NASA COOLR/GLC,USGS SRTM 90m via Open Topo Data,NASA MODIS MOD13Q1.061 / Microsoft Planetary Computer,Open-Meteo ERA5-Land historical reanalysis
0.0,0.0,0.0,0.0,34.971,10.329,85.25,3.43,3976.0,0.3539,0,0,background_non_event,28.424228357231073,92.49196736462929,2018-08-15,2018,NASA COOLR/GLC,USGS SRTM 90m via Open Topo Data,NASA MODIS MOD13Q1.061 / Microsoft Planetary Computer,Open-Meteo ERA5-Land historical reanalysis
0.0,0.0,0.0,0.0,42.038,15.662,92.417,14.01,2333.0,0.2115,1,0,background_non_event,22.543795539756086,93.49880259032622,2018-08-17,2018,NASA COOLR/GLC,USGS SRTM 90m via Open Topo Data,NASA MODIS MOD13Q1.061 / Microsoft Planetary Computer,Open-Meteo ERA5-Land historical reanalysis
0.0,0.0,0.0,0.0,47.179,27.729,86.0,2.78,120.0,0.6703,1,0,background_non_event,22.844702207527327,94.53035670337808,2018-08-17,2018,NASA COOLR/GLC,USGS SRTM 90m via Open Topo Data,NASA MODIS MOD13Q1.061 / Microsoft Planetary Computer,Open-Meteo ERA5-Land historical reanalysis
0.0,0.0,0.0,0.0,36.54,28.45,85.875,1.15,11.0,0.33086,1,0,background_non_event,23.16655638536759,91.28702274437651,2018-08-17,2018,NASA COOLR/GLC,USGS SRTM 90m via Open Topo Data,Sentinel-2 L2A / Microsoft Planetary Computer,Open-Meteo ERA5-Land historical reanalysis
0.0,0.0,0.0,0.0,41.86,23.054,90.792,16.61,1132.0,0.8768,3,0,background_non_event,23.618568258123485,93.45270042077459,2018-08-17,2018,NASA COOLR/GLC,USGS SRTM 90m via Open Topo Data,NASA MODIS MOD13Q1.061 / Microsoft Planetary Computer,Open-Meteo ERA5-Land historical reanalysis
0.0,0.0,0.0,0.0,40.94,29.242,84.083,1.55,96.0,0.25589,4,0,background_non_event,27.343593435356897,94.17716953911547,2018-08-17,2018,NASA COOLR/GLC,USGS SRTM 90m via Open Topo Data,Sentinel-2 L2A / Microsoft Planetary Computer,Open-Meteo ERA5-Land historical reanalysis
0.0,0.0,0.0,0.0,40.783,27.771,87.792,0.98,17.0,0.7589,0,0,background_non_event,24.676019478106095,89.91056925255674,2018-08-24,2018,NASA COOLR/GLC,USGS SRTM 90m via Open Topo Data,NASA MODIS MOD13Q1.061 / Microsoft Planetary Computer,Open-Meteo ERA5-Land historical reanalysis
0.0,0.0,0.0,0.0,49.64,19.583,93.083,3.68,1282.0,0.8433,0,0,background_non_event,22.1697241835986,96.48212527836459,2018-08-25,2018,NASA COOLR/GLC,USGS SRTM 90m via Open Topo Data,NASA MODIS MOD13Q1.061 / Microsoft Planetary Computer,Open-Meteo ERA5-Land historical reanalysis
0.0,0.0,0.0,0.0,41.298,27.967,87.25,0.77,23.0,0.8301,0,0,background_non_event,24.744891324871002,90.01040631602777,2018-08-25,2018,NASA COOLR/GLC,USGS SRTM 90m via Open Topo Data,NASA MODIS MOD13Q1.061 / Microsoft Planetary Computer,Open-Meteo ERA5-Land historical reanalysis
0.0,0.0,0.0,0.0,34.529,26.471,89.583,1.48,174.0,0.8785,0,0,background_non_event,26.74694913036675,90.61928457149224,2018-08-27,2018,NASA COOLR/GLC,USGS SRTM 90m via Open Topo Data,NASA MODIS MOD13Q1.061 / Microsoft Planetary Computer,Open-Meteo ERA5-Land historical reanalysis
0.0,0.0,0.0,0.0,36.663,14.825,79.042,24.05,3499.0,0.73908,0,0,background_non_event,29.135078056085007,92.55371232808702,2018-08-31,2018,NASA COOLR/GLC,USGS SRTM 90m via Open Topo Data,Sentinel-2 L2A / Microsoft Planetary Computer,Open-Meteo ERA5-Land historical reanalysis
0.0,0.0,0.0,0.0,42.452,4.429,93.5,29.95,4620.0,0.30354,0,0,background_non_event,28.024725078493088,91.05319076706638,2018-09-02,2018,NASA COOLR/GLC,USGS SRTM 90m via Open Topo Data,Sentinel-2 L2A / Microsoft Planetary Computer,Open-Meteo ERA5-Land historical reanalysis
0.0,0.0,0.0,0.0,41.742,27.479,86.958,0.23,15.0,0.8456,0,0,background_non_event,24.65156920697017,90.53954295364869,2018-09-03,2018,NASA COOLR/GLC,USGS SRTM 90m via Open Topo Data,NASA MODIS MOD13Q1.061 / Microsoft Planetary Computer,Open-Meteo ERA5-Land historical reanalysis
0.0,0.0,0.0,0.0,38.41,26.367,87.458,2.87,194.0,0.8493,2,0,background_non_event,23.98061813945144,92.13931221096986,2018-09-04,2018,NASA COOLR/GLC,USGS SRTM 90m via Open Topo Data,Sentinel-2 L2A / Microsoft Planetary Computer,Open-Meteo ERA5-Land historical reanalysis
0.0,0.0,0.0,0.0,46.927,26.075,84.583,29.39,269.0,0.66891,17,0,background_non_event,26.070757300139448,94.10412967978792,2018-09-13,2018,NASA COOLR/GLC,USGS SRTM 90m via Open Topo Data,Sentinel-2 L2A / Microsoft Planetary Computer,Open-Meteo ERA5-Land historical reanalysis
0.0,0.0,0.0,0.0,39.254,22.517,85.375,21.04,1041.0,0.72749,2,0,background_non_event,25.70748798085157,94.8355455995558,2018-09-14,2018,NASA COOLR/GLC,USGS SRTM 90m via Open Topo Data,Sentinel-2 L2A / Microsoft Planetary Computer,Open-Meteo ERA5-Land historical reanalysis
0.0,0.0,0.0,0.0,40.9,18.812,86.5,32.97,1572.0,0.8814,1,0,background_non_event,27.12170787627201,91.18666564434336,2018-09-16,2018,NASA COOLR/GLC,USGS SRTM 90m via Open Topo Data,NASA MODIS MOD13Q1.061 / Microsoft Planetary Computer,Open-Meteo ERA5-Land historical reanalysis
0.0,0.0,0.0,0.0,44.948,29.633,78.333,2.16,277.0,0.0643,0,0,background_non_event,23.356309680102495,95.04228863319777,2018-09-17,2018,NASA COOLR/GLC,USGS SRTM 90m via Open Topo Data,Sentinel-2 L2A / Microsoft Planetary Computer,Open-Meteo ERA5-Land historical reanalysis
0.0,0.0,0.0,0.0,45.504,26.537,80.667,8.42,532.0,0.06411,19,0,background_non_event,26.1936432120618,91.93971174693175,2018-09-18,2018,NASA COOLR/GLC,USGS SRTM 90m via Open Topo Data,Sentinel-2 L2A / Microsoft Planetary Computer,Open-Meteo ERA5-Land historical reanalysis
0.0,0.0,0.0,0.0,45.258,26.475,89.625,1.61,228.0,0.6152,0,0,background_non_event,24.382311010383223,96.20631879429843,2018-09-21,2018,NASA COOLR/GLC,USGS SRTM 90m via Open Topo Data,Sentinel-2 L2A / Microsoft Planetary Computer,Open-Meteo ERA5-Land historical reanalysis
0.0,0.0,0.0,0.0,33.19,0.721,81.75,15.83,5377.0,0.04439,0,0,background_non_event,29.63274467710681,89.87823664041764,2018-09-21,2018,NASA COOLR/GLC,USGS SRTM 90m via Open Topo Data,Sentinel-2 L2A / Microsoft Planetary Computer,Open-Meteo ERA5-Land historical reanalysis
0.0,0.0,0.0,0.0,46.51,25.754,95.833,6.34,25.0,0.8227,1,0,background_non_event,25.194113008870843,90.79194305905112,2018-09-25,2018,NASA COOLR/GLC,USGS SRTM 90m via Open Topo Data,NASA MODIS MOD13Q1.061 / Microsoft Planetary Computer,Open-Meteo ERA5-Land historical reanalysis
0.0,0.0,0.0,0.0,37.927,27.458,86.375,1.05,73.0,0.74889,0,0,background_non_event,26.312446016906556,88.56339082155736,2018-09-28,2018,NASA COOLR/GLC,USGS SRTM 90m via Open Topo Data,Sentinel-2 L2A / Microsoft Planetary Computer,Open-Meteo ERA5-Land historical reanalysis
0.0,0.0,0.0,0.0,32.231,5.654,68.708,8.04,4672.0,0.07198,0,0,background_non_event,28.624153272575917,89.04451797256097,2018-09-30,2018,NASA COOLR/GLC,USGS SRTM 90m via Open Topo Data,Sentinel-2 L2A / Microsoft Planetary Computer,Open-Meteo ERA5-Land historical reanalysis
0.0,0.0,0.0,0.0,41.656,0.704,94.25,20.05,4389.0,0.50927,4,0,background_non_event,27.88792763369364,91.50733946556602,2018-10-04,2018,NASA COOLR/GLC,USGS SRTM 90m via Open Topo Data,Sentinel-2 L2A / Microsoft Planetary Computer,Open-Meteo ERA5-Land historical reanalysis
0.0,0.0,0.0,0.0,41.94,-0.596,98.75,27.74,3891.0,0.83995,0,0,background_non_event,28.683265881789687,96.70735251302574,2018-10-13,2018,NASA COOLR/GLC,USGS SRTM 90m via Open Topo Data,Sentinel-2 L2A / Microsoft Planetary Computer,Open-Meteo ERA5-Land historical reanalysis
0.0,0.0,0.0,0.0,37.475,23.925,83.458,4.26,143.0,0.87612,0,0,background_non_event,24.98916117337639,97.1750533687487,2018-10-20,2018,NASA COOLR/GLC,USGS SRTM 90m via Open Topo Data,Sentinel-2 L2A / Microsoft Planetary Computer,Open-Meteo ERA5-Land historical reanalysis
0.0,0.0,0.0,0.0,33.885,13.5,82.292,26.92,1723.0,0.88901,3,0,background_non_event,26.82839495460084,89.70259975987929,2018-10-24,2018,NASA COOLR/GLC,USGS SRTM 90m via Open Topo Data,Sentinel-2 L2A / Microsoft Planetary Computer,Open-Meteo ERA5-Land historical reanalysis
0.0,0.0,0.0,0.0,32.658,-0.754,58.708,18.83,4416.0,0.18409,0,0,background_non_event,29.124342182185423,91.22091658739096,2018-11-04,2018,NASA COOLR/GLC,USGS SRTM 90m via Open Topo Data,Sentinel-2 L2A / Microsoft Planetary Computer,Open-Meteo ERA5-Land historical reanalysis
0.0,0.0,0.0,0.0,48.352,15.358,91.5,22.23,1222.0,0.88404,0,0,background_non_event,27.15090416532737,95.97549523623582,2018-11-05,2018,NASA COOLR/GLC,USGS SRTM 90m via Open Topo Data,Sentinel-2 L2A / Microsoft Planetary Computer,Open-Meteo ERA5-Land historical reanalysis
0.0,0.0,0.0,0.0,20.548,24.204,59.542,0.33,12.0,0.50182,0,0,background_non_event,24.21692065156741,89.16287751226002,2018-11-08,2018,NASA COOLR/GLC,USGS SRTM 90m via Open Topo Data,Sentinel-2 L2A / Microsoft Planetary Computer,Open-Meteo ERA5-Land historical reanalysis
0.0,0.0,0.0,0.0,47.44,18.379,82.25,12.51,522.0,0.9025,1,0,background_non_event,27.100013649600342,95.69878973722012,2018-11-08,2018,NASA COOLR/GLC,USGS SRTM 90m via Open Topo Data,Sentinel-2 L2A / Microsoft Planetary Computer,Open-Meteo ERA5-Land historical reanalysis
0.0,0.0,0.0,0.0,21.865,22.467,69.958,1.61,10.0,0.7458,0,0,background_non_event,23.26018176567707,88.30513429061963,2018-11-10,2018,NASA COOLR/GLC,USGS SRTM 90m via Open Topo Data,Sentinel-2 L2A / Microsoft Planetary Computer,Open-Meteo ERA5-Land historical reanalysis
0.0,0.0,0.0,0.0,41.379,-5.496,72.042,40.04,3998.0,0.11748,0,0,background_non_event,28.93838355479312,95.32645957444386,2018-11-11,2018,NASA COOLR/GLC,USGS SRTM 90m via Open Topo Data,Sentinel-2 L2A / Microsoft Planetary Computer,Open-Meteo ERA5-Land historical reanalysis
0.0,0.0,0.0,0.0,38.308,0.396,87.958,39.51,3356.0,0.7444,0,0,background_non_event,27.683976286964672,90.4492985265443,2018-11-15,2018,NASA COOLR/GLC,USGS SRTM 90m via Open Topo Data,Sentinel-2 L2A / Microsoft Planetary Computer,Open-Meteo ERA5-Land historical reanalysis
0.0,0.0,0.0,0.0,36.696,-2.725,79.458,20.72,3907.0,0.51351,0,0,background_non_event,28.982975133224553,92.80424105078176,2018-11-16,2018,NASA COOLR/GLC,USGS SRTM 90m via Open Topo Data,Sentinel-2 L2A / Microsoft Planetary Computer,Open-Meteo ERA5-Land historical reanalysis
0.0,0.0,0.0,0.0,42.712,18.762,79.708,9.77,287.0,0.89844,1,0,background_non_event,27.968149236449857,95.20265650036988,2018-11-21,2018,NASA COOLR/GLC,USGS SRTM 90m via Open Topo Data,Sentinel-2 L2A / Microsoft Planetary Computer,Open-Meteo ERA5-Land historical reanalysis
0.0,0.0,0.0,0.0,45.131,17.667,81.292,15.73,605.0,0.90342,1,0,background_non_event,28.047589424845977,95.25599326323874,2018-11-22,2018,NASA COOLR/GLC,USGS SRTM 90m via Open Topo Data,Sentinel-2 L2A / Microsoft Planetary Computer,Open-Meteo ERA5-Land historical reanalysis
0.0,0.0,0.0,0.0,36.202,-14.604,47.042,24.48,4502.0,0.89676,0,0,background_non_event,29.462042544020115,93.4662516898851,2018-11-25,2018,NASA COOLR/GLC,USGS SRTM 90m via Open Topo Data,Sentinel-2 L2A / Microsoft Planetary Computer,Open-Meteo ERA5-Land historical reanalysis
0.0,0.0,0.0,0.0,17.562,22.133,70.917,0.52,15.0,0.22422,0,0,background_non_event,23.22868630908366,88.21397934904877,2018-11-26,2018,NASA COOLR/GLC,USGS SRTM 90m via Open Topo Data,Sentinel-2 L2A / Microsoft Planetary Computer,Open-Meteo ERA5-Land historical reanalysis
0.0,0.0,0.0,0.0,29.062,17.892,78.542,9.45,301.0,0.89033,1,0,background_non_event,23.55469696068621,94.19340399295797,2018-11-26,2018,NASA COOLR/GLC,USGS SRTM 90m via Open Topo Data,Sentinel-2 L2A / Microsoft Planetary Computer,Open-Meteo ERA5-Land historical reanalysis
0.0,0.0,0.0,0.0,34.365,19.221,68.125,5.26,751.0,0.83295,0,0,background_non_event,21.662777182051734,97.22710594266292,2018-11-27,2018,NASA COOLR/GLC,USGS SRTM 90m via Open Topo Data,Sentinel-2 L2A / Microsoft Planetary Computer,Open-Meteo ERA5-Land historical reanalysis
0.0,0.0,0.0,0.0,32.158,18.746,79.417,10.93,520.0,0.89013,0,0,background_non_event,24.622125347245756,96.32860198783959,2018-11-27,2018,NASA COOLR/GLC,USGS SRTM 90m via Open Topo Data,Sentinel-2 L2A / Microsoft Planetary Computer,Open-Meteo ERA5-Land historical reanalysis
0.0,0.0,0.0,0.0,33.825,19.704,74.25,4.21,228.0,0.83345,0,0,background_non_event,24.760257874182017,95.36526793769447,2018-11-27,2018,NASA COOLR/GLC,USGS SRTM 90m via Open Topo Data,Sentinel-2 L2A / Microsoft Planetary Computer,Open-Meteo ERA5-Land historical reanalysis
0.0,0.0,0.0,0.0,16.837,22.787,66.625,0.77,15.0,0.32623,0,0,background_non_event,23.25821983797139,88.15766057941914,2018-11-28,2018,NASA COOLR/GLC,USGS SRTM 90m via Open Topo Data,Sentinel-2 L2A / Microsoft Planetary Computer,Open-Meteo ERA5-Land historical reanalysis
0.0,0.0,0.0,0.0,32.788,-12.537,24.458,10.42,5236.0,0.00173,0,0,background_non_event,29.44463981749263,97.1587760834075,2018-11-28,2018,NASA COOLR/GLC,USGS SRTM 90m via Open Topo Data,Sentinel-2 L2A / Microsoft Planetary Computer,Open-Meteo ERA5-Land historical reanalysis
0.0,0.0,0.0,0.0,32.665,15.6,81.083,11.52,1203.0,0.72611,17,0,background_non_event,27.043472827598464,88.46864912173932,2018-11-29,2018,NASA COOLR/GLC,USGS SRTM 90m via Open Topo Data,Sentinel-2 L2A / Microsoft Planetary Computer,Open-Meteo ERA5-Land historical reanalysis
0.0,0.0,0.0,0.0,29.769,0.012,32.917,35.79,4219.0,0.2382,0,0,background_non_event,29.37524658678008,90.68054801149984,2018-11-30,2018,NASA COOLR/GLC,USGS SRTM 90m via Open Topo Data,NASA MODIS MOD13Q1.061 / Microsoft Planetary Computer,Open-Meteo ERA5-Land historical reanalysis
0.0,0.0,0.0,0.0,27.606,-6.65,48.917,6.35,5060.0,0.1013,0,0,background_non_event,28.625783522028964,90.17902266784073,2018-12-02,2018,NASA COOLR/GLC,USGS SRTM 90m via Open Topo Data,NASA MODIS MOD13Q1.061 / Microsoft Planetary Computer,Open-Meteo ERA5-Land historical reanalysis
0.0,0.0,0.0,0.0,16.867,20.213,73.708,0.74,11.0,0.38655,1,0,background_non_event,24.894601124397788,90.64472381731996,2018-12-03,2018,NASA COOLR/GLC,USGS SRTM 90m via Open Topo Data,Sentinel-2 L2A / Microsoft Planetary Computer,Open-Meteo ERA5-Land historical reanalysis
0.0,0.0,0.0,0.0,33.202,18.412,82.792,6.15,334.0,0.88846,0,0,background_non_event,23.766077206527605,94.7347677269714,2018-12-04,2018,NASA COOLR/GLC,USGS SRTM 90m via Open Topo Data,Sentinel-2 L2A / Microsoft Planetary Computer,Open-Meteo ERA5-Land historical reanalysis
0.0,0.0,0.0,0.0,28.487,17.004,74.458,10.19,598.0,0.88377,0,0,background_non_event,24.99984040465643,96.72776680008575,2018-12-05,2018,NASA COOLR/GLC,USGS SRTM 90m via Open Topo Data,Sentinel-2 L2A / Microsoft Planetary Computer,Open-Meteo ERA5-Land historical reanalysis
0.0,0.0,0.0,0.0,33.062,9.979,73.958,40.2,1447.0,0.8582,5,0,background_non_event,27.727746537763654,94.13813743690338,2018-12-09,2018,NASA COOLR/GLC,USGS SRTM 90m via Open Topo Data,NASA MODIS MOD13Q1.061 / Microsoft Planetary Computer,Open-Meteo ERA5-Land historical reanalysis
0.0,0.0,0.0,0.0,29.852,20.483,63.625,0.67,66.0,0.46042,0,0,background_non_event,26.27503134401092,92.50504287679854,2018-12-13,2018,NASA COOLR/GLC,USGS SRTM 90m via Open Topo Data,Sentinel-2 L2A / Microsoft Planetary Computer,Open-Meteo ERA5-Land historical reanalysis
0.0,0.0,0.0,0.0,36.2,11.279,72.792,27.93,1369.0,0.83456,0,0,background_non_event,26.88364927747527,96.49357745224937,2018-12-14,2018,NASA COOLR/GLC,USGS SRTM 90m via Open Topo Data,Sentinel-2 L2A / Microsoft Planetary Computer,Open-Meteo ERA5-Land historical reanalysis
0.0,0.0,0.0,0.0,26.683,17.579,67.875,7.02,241.0,0.7844,3,0,background_non_event,26.95752059283716,92.71104265971508,2018-12-16,2018,NASA COOLR/GLC,USGS SRTM 90m via Open Topo Data,Sentinel-2 L2A / Microsoft Planetary Computer,Open-Meteo ERA5-Land historical reanalysis
0.0,0.0,0.0,0.0,39.663,-1.742,93.0,25.25,3693.0,0.73145,1,0,background_non_event,27.554077785539263,90.2308292299315,2018-12-22,2018,NASA COOLR/GLC,USGS SRTM 90m via Open Topo Data,Sentinel-2 L2A / Microsoft Planetary Computer,Open-Meteo ERA5-Land historical reanalysis
0.0,0.0,0.0,0.0,41.962,-1.154,81.333,34.35,2910.0,0.09127,0,0,background_non_event,27.719824732672954,92.77872970158069,2018-12-25,2018,NASA COOLR/GLC,USGS SRTM 90m via Open Topo Data,Sentinel-2 L2A / Microsoft Planetary Computer,Open-Meteo ERA5-Land historical reanalysis
0.0,0.0,0.0,0.0,31.298,-17.917,81.083,10.9,4700.0,0.1776,0,0,background_non_event,29.57809031183334,89.54863285148032,2018-12-26,2018,NASA COOLR/GLC,USGS SRTM 90m via Open Topo Data,NASA MODIS MOD13Q1.061 / Microsoft Planetary Computer,Open-Meteo ERA5-Land historical reanalysis
0.0,0.0,0.0,0.0,26.992,15.787,76.542,23.13,355.0,0.87967,7,0,background_non_event,24.18975740557753,93.04818812197308,2019-01-03,2019,NASA COOLR/GLC,USGS SRTM 90m via Open Topo Data,Sentinel-2 L2A / Microsoft Planetary Computer,Open-Meteo ERA5-Land historical reanalysis
0.0,0.0,0.0,0.0,35.435,-2.929,59.208,40.4,3075.0,0.35126,3,0,background_non_event,27.84600818169252,93.19800908170205,2019-01-07,2019,NASA COOLR/GLC,USGS SRTM 90m via Open Topo Data,Sentinel-2 L2A / Microsoft Planetary Computer,Open-Meteo ERA5-Land historical reanalysis
0.0,0.0,0.0,0.0,48.673,14.229,99.333,3.23,921.0,0.78574,0,0,background_non_event,23.38181788097135,97.49387146544859,2019-01-08,2019,NASA COOLR/GLC,USGS SRTM 90m via Open Topo Data,Sentinel-2 L2A / Microsoft Planetary Computer,Open-Meteo ERA5-Land historical reanalysis
0.0,0.0,0.0,0.0,27.59,19.463,64.667,0.69,7.0,0.5522,0,0,background_non_event,22.58953474854254,89.83573075481705,2019-01-09,2019,NASA COOLR/GLC,USGS SRTM 90m via Open Topo Data,NASA MODIS MOD13Q1.061 / Microsoft Planetary Computer,Open-Meteo ERA5-Land historical reanalysis
0.0,0.0,0.0,0.0,25.556,19.3,81.833,0.0,97.0,0.01875,0,0,background_non_event,24.29267269470407,96.74678222597221,2019-01-10,2019,NASA COOLR/GLC,USGS SRTM 90m via Open Topo Data,NASA MODIS MOD13Q1.061 / Microsoft Planetary Computer,Open-Meteo ERA5-Land historical reanalysis
0.0,0.0,0.0,0.0,40.438,17.971,70.375,6.06,731.0,0.81387,0,0,background_non_event,21.958146072389948,97.35441978566212,2019-01-12,2019,NASA COOLR/GLC,USGS SRTM 90m via Open Topo Data,Sentinel-2 L2A / Microsoft Planetary Computer,Open-Meteo ERA5-Land historical reanalysis
0.0,0.0,0.0,0.0,20.913,18.562,67.625,1.4,11.0,0.52201,4,0,background_non_event,24.57327658174919,91.63341512115481,2019-01-12,2019,NASA COOLR/GLC,USGS SRTM 90m via Open Topo Data,Sentinel-2 L2A / Microsoft Planetary Computer,Open-Meteo ERA5-Land historical reanalysis
0.0,0.0,0.0,0.0,35.356,20.746,74.292,0.0,59.0,-0.49862,0,0,background_non_event,21.830687415875516,95.44996321952831,2019-01-13,2019,NASA COOLR/GLC,USGS SRTM 90m via Open Topo Data,Sentinel-2 L2A / Microsoft Planetary Computer,Open-Meteo ERA5-Land historical reanalysis
0.0,0.0,0.0,0.0,27.927,18.125,64.375,3.19,232.0,0.39876,0,0,background_non_event,23.815723185031416,95.8451678633511,2019-01-16,2019,NASA COOLR/GLC,USGS SRTM 90m via Open Topo Data,Sentinel-2 L2A / Microsoft Planetary Computer,Open-Meteo ERA5-Land historical reanalysis
0.0,0.0,0.0,0.0,34.831,12.917,76.458,21.06,678.0,0.87268,19,0,background_non_event,27.207217874565654,93.75876050161538,2019-01-16,2019,NASA COOLR/GLC,USGS SRTM 90m via Open Topo Data,Sentinel-2 L2A / Microsoft Planetary Computer,Open-Meteo ERA5-Land historical reanalysis
0.0,0.0,0.0,0.0,35.796,-8.388,47.0,31.12,2824.0,0.81452,0,0,background_non_event,28.874305384695802,94.29462617617924,2019-01-16,2019,NASA COOLR/GLC,USGS SRTM 90m via Open Topo Data,Sentinel-2 L2A / Microsoft Planetary Computer,Open-Meteo ERA5-Land historical reanalysis
0.0,0.0,0.0,0.0,16.781,18.821,66.792,0.29,9.0,0.18754,0,0,background_non_event,23.147914543770167,89.0928405447553,2019-01-18,2019,NASA COOLR/GLC,USGS SRTM 90m via Open Topo Data,Sentinel-2 L2A / Microsoft Planetary Computer,Open-Meteo ERA5-Land historical reanalysis
0.0,0.0,0.0,0.0,32.727,17.104,78.542,0.44,81.0,0.32379,10,0,background_non_event,26.9404566080266,94.08600074745628,2019-01-18,2019,NASA COOLR/GLC,USGS SRTM 90m via Open Topo Data,Sentinel-2 L2A / Microsoft Planetary Computer,Open-Meteo ERA5-Land historical reanalysis
0.0,0.0,0.0,0.0,28.196,20.025,66.167,0.48,109.0,0.25104,0,0,background_non_event,22.83946546947952,95.4399796145507,2019-01-20,2019,NASA COOLR/GLC,USGS SRTM 90m via Open Topo Data,Sentinel-2 L2A / Microsoft Planetary Computer,Open-Meteo ERA5-Land historical reanalysis
0.0,0.0,0.0,0.0,31.1,-6.0,81.458,41.9,2705.0,0.37387,0,0,background_non_event,28.86433463056766,96.66791247886479,2019-01-23,2019,NASA COOLR/GLC,USGS SRTM 90m via Open Topo Data,Sentinel-2 L2A / Microsoft Planetary Computer,Open-Meteo ERA5-Land historical reanalysis
0.0,0.0,0.0,0.0,18.279,14.271,63.708,27.99,902.0,0.78443,1,0,background_non_event,26.870632628026414,89.30316987414044,2019-01-24,2019,NASA COOLR/GLC,USGS SRTM 90m via Open Topo Data,Sentinel-2 L2A / Microsoft Planetary Computer,Open-Meteo ERA5-Land historical reanalysis
0.0,0.0,0.0,0.0,17.585,20.167,66.167,2.46,147.0,0.57402,1,0,background_non_event,22.908893201662707,94.42130575061276,2019-01-25,2019,NASA COOLR/GLC,USGS SRTM 90m via Open Topo Data,Sentinel-2 L2A / Microsoft Planetary Computer,Open-Meteo ERA5-Land historical reanalysis
0.0,0.0,0.0,0.0,31.823,18.229,67.417,18.16,363.0,0.79531,0,0,background_non_event,22.53275736456883,96.32898898394886,2019-02-01,2019,NASA COOLR/GLC,USGS SRTM 90m via Open Topo Data,Sentinel-2 L2A / Microsoft Planetary Computer,Open-Meteo ERA5-Land historical reanalysis
0.0,0.0,0.0,0.0,33.6,-10.65,64.792,20.14,4725.0,0.2117,0,0,background_non_event,29.138310847434525,90.3736171751245,2019-02-01,2019,NASA COOLR/GLC,USGS SRTM 90m via Open Topo Data,NASA MODIS MOD13Q1.061 / Microsoft Planetary Computer,Open-Meteo ERA5-Land historical reanalysis
0.0,0.0,0.0,0.0,32.677,12.992,60.917,4.73,1531.0,0.38588,1,0,background_non_event,25.598037064381682,91.32132273153462,2019-02-02,2019,NASA COOLR/GLC,USGS SRTM 90m via Open Topo Data,Sentinel-2 L2A / Microsoft Planetary Computer,Open-Meteo ERA5-Land historical reanalysis
0.0,0.0,0.0,0.0,18.704,18.312,70.917,9.14,232.0,0.82111,0,0,background_non_event,24.052132900698737,94.36544675553031,2019-02-06,2019,NASA COOLR/GLC,USGS SRTM 90m via Open Topo Data,Sentinel-2 L2A / Microsoft Planetary Computer,Open-Meteo ERA5-Land historical reanalysis
0.0,0.0,0.0,0.0,14.938,21.162,68.292,0.55,45.0,0.37426,0,0,background_non_event,26.273222800009176,90.56629212151911,2019-02-07,2019,NASA COOLR/GLC,USGS SRTM 90m via Open Topo Data,Sentinel-2 L2A / Microsoft Planetary Computer,Open-Meteo ERA5-Land historical reanalysis
0.0,0.0,0.0,0.0,15.925,20.542,60.583,12.98,134.0,0.84381,7,0,background_non_event,22.73651349574571,92.42958398473206,2019-02-11,2019,NASA COOLR/GLC,USGS SRTM 90m via Open Topo Data,Sentinel-2 L2A / Microsoft Planetary Computer,Open-Meteo ERA5-Land historical reanalysis
0.0,0.0,0.0,0.0,27.21,20.287,62.208,9.21,90.0,0.69442,6,0,background_non_event,24.748124928486565,92.53566868168384,2019-02-12,2019,NASA COOLR/GLC,USGS SRTM 90m via Open Topo Data,Sentinel-2 L2A / Microsoft Planetary Computer,Open-Meteo ERA5-Land historical reanalysis
0.0,0.0,0.0,0.0,30.41,16.621,66.542,8.76,582.0,0.79579,1,0,background_non_event,27.93959997281968,94.99311556769021,2019-02-12,2019,NASA COOLR/GLC,USGS SRTM 90m via Open Topo Data,Sentinel-2 L2A / Microsoft Planetary Computer,Open-Meteo ERA5-Land historical reanalysis
0.0,0.0,0.0,0.0,25.092,18.637,81.917,0.87,23.0,0.71811,4,0,background_non_event,24.744574998859555,92.2027233996715,2019-02-17,2019,NASA COOLR/GLC,USGS SRTM 90m via Open Topo Data,Sentinel-2 L2A / Microsoft Planetary Computer,Open-Meteo ERA5-Land historical reanalysis
0.0,0.0,0.0,0.0,38.49,9.6,81.667,23.88,970.0,-0.29098,0,0,background_non_event,29.63036108316105,95.3553571832575,2019-02-18,2019,NASA COOLR/GLC,USGS SRTM 90m via Open Topo Data,Sentinel-2 L2A / Microsoft Planetary Computer,Open-Meteo ERA5-Land historical reanalysis
0.0,0.0,0.0,0.0,48.99,16.1,86.042,0.57,143.0,0.75286,0,0,background_non_event,27.349393173311483,95.72831527239441,2019-02-20,2019,NASA COOLR/GLC,USGS SRTM 90m via Open Topo Data,Sentinel-2 L2A / Microsoft Planetary Computer,Open-Meteo ERA5-Land historical reanalysis
0.0,0.0,0.0,0.0,26.194,22.075,66.875,1.41,171.0,0.776,0,0,background_non_event,24.66778432281156,94.83140294098837,2019-02-23,2019,NASA COOLR/GLC,USGS SRTM 90m via Open Topo Data,Sentinel-2 L2A / Microsoft Planetary Computer,Open-Meteo ERA5-Land historical reanalysis
0.0,0.0,0.0,0.0,23.319,23.992,52.125,1.0,9.0,0.57338,0,0,background_non_event,23.97711426884766,90.82588614602759,2019-02-24,2019,NASA COOLR/GLC,USGS SRTM 90m via Open Topo Data,Sentinel-2 L2A / Microsoft Planetary Computer,Open-Meteo ERA5-Land historical reanalysis
0.0,0.0,0.0,0.0,48.879,18.2,88.542,0.3,80.0,0.6239,9,0,background_non_event,26.636935466625573,93.65560360459091,2019-02-26,2019,NASA COOLR/GLC,USGS SRTM 90m via Open Topo Data,NASA MODIS MOD13Q1.061 / Microsoft Planetary Computer,Open-Meteo ERA5-Land historical reanalysis
0.0,0.0,0.0,0.0,28.05,-19.846,79.0,29.69,5606.0,-0.0135,0,0,background_non_event,28.23877025002374,89.87488324026526,2019-02-26,2019,NASA COOLR/GLC,USGS SRTM 90m via Open Topo Data,NASA MODIS MOD13Q1.061 / Microsoft Planetary Computer,Open-Meteo ERA5-Land historical reanalysis
0.0,0.0,0.0,0.0,27.123,19.367,88.917,1.19,16.0,0.75029,1,0,background_non_event,25.053978537589025,90.41174125268358,2019-02-27,2019,NASA COOLR/GLC,USGS SRTM 90m via Open Topo Data,Sentinel-2 L2A / Microsoft Planetary Computer,Open-Meteo ERA5-Land historical reanalysis
0.0,0.0,0.0,0.0,19.8,-19.654,75.167,8.97,5085.0,0.02281,0,0,background_non_event,28.335480427738844,89.09650135033043,2019-02-28,2019,NASA COOLR/GLC,USGS SRTM 90m via Open Topo Data,Sentinel-2 L2A / Microsoft Planetary Computer,Open-Meteo ERA5-Land historical reanalysis
0.0,0.0,0.0,0.0,33.14,-2.496,83.083,20.61,3081.0,-0.01995,0,0,background_non_event,29.112583623757438,96.1168882200605,2019-03-08,2019,NASA COOLR/GLC,USGS SRTM 90m via Open Topo Data,Sentinel-2 L2A / Microsoft Planetary Computer,Open-Meteo ERA5-Land historical reanalysis
0.0,0.0,0.0,0.0,35.727,22.375,69.917,1.46,221.0,0.26735,0,0,background_non_event,23.72334139276006,94.1324851959769,2019-03-11,2019,NASA COOLR/GLC,USGS SRTM 90m via Open Topo Data,Sentinel-2 L2A / Microsoft Planetary Computer,Open-Meteo ERA5-Land historical reanalysis
0.0,0.0,0.0,0.0,38.775,22.213,72.083,0.96,56.0,0.32991,16,0,background_non_event,26.411783921903417,91.92250260305623,2019-03-12,2019,NASA COOLR/GLC,USGS SRTM 90m via Open Topo Data,Sentinel-2 L2A / Microsoft Planetary Computer,Open-Meteo ERA5-Land historical reanalysis
0.0,0.0,0.0,0.0,44.21,15.621,70.708,22.71,1498.0,0.66494,12,0,background_non_event,26.048343297787653,94.53902926256633,2019-03-13,2019,NASA COOLR/GLC,USGS SRTM 90m via Open Topo Data,Sentinel-2 L2A / Microsoft Planetary Computer,Open-Meteo ERA5-Land historical reanalysis
0.0,0.0,0.0,0.0,48.667,17.917,88.083,24.96,693.0,0.773,13,0,background_non_event,27.0690292973718,93.13208648817152,2019-03-13,2019,NASA COOLR/GLC,USGS SRTM 90m via Open Topo Data,Sentinel-2 L2A / Microsoft Planetary Computer,Open-Meteo ERA5-Land historical reanalysis
0.0,0.0,0.0,0.0,21.856,21.746,47.042,15.94,1259.0,0.51891,0,0,background_non_event,22.195257025966335,96.45361016567254,2019-03-16,2019,NASA COOLR/GLC,USGS SRTM 90m via Open Topo Data,Sentinel-2 L2A / Microsoft Planetary Computer,Open-Meteo ERA5-Land historical reanalysis
0.0,0.0,0.0,0.0,34.135,26.738,76.5,0.52,11.0,0.6457,0,0,background_non_event,21.88429390459941,89.83624496484667,2019-03-17,2019,NASA COOLR/GLC,USGS SRTM 90m via Open Topo Data,NASA MODIS MOD13Q1.061 / Microsoft Planetary Computer,Open-Meteo ERA5-Land historical reanalysis
0.0,0.0,0.0,0.0,28.633,25.412,50.292,5.54,298.0,0.22024,0,0,background_non_event,24.63252913087041,95.7739091021651,2019-03-18,2019,NASA COOLR/GLC,USGS SRTM 90m via Open Topo Data,Sentinel-2 L2A / Microsoft Planetary Computer,Open-Meteo ERA5-Land historical reanalysis
0.0,0.0,0.0,0.0,15.775,23.883,55.125,0.81,53.0,0.28519,0,0,background_non_event,25.983311996194857,88.32849039055941,2019-03-18,2019,NASA COOLR/GLC,USGS SRTM 90m via Open Topo Data,Sentinel-2 L2A / Microsoft Planetary Computer,Open-Meteo ERA5-Land historical reanalysis
0.0,0.0,0.0,0.0,20.483,23.537,57.583,6.06,336.0,0.24956,0,0,background_non_event,22.0019536149057,94.01671269280774,2019-03-20,2019,NASA COOLR/GLC,USGS SRTM 90m via Open Topo Data,Sentinel-2 L2A / Microsoft Planetary Computer,Open-Meteo ERA5-Land historical reanalysis
0.0,0.0,0.0,0.0,37.817,18.671,81.542,1.35,100.0,0.6719,0,0,background_non_event,27.378386396714163,94.4366197164048,2019-03-20,2019,NASA COOLR/GLC,USGS SRTM 90m via Open Topo Data,NASA MODIS MOD13Q1.061 / Microsoft Planetary Computer,Open-Meteo ERA5-Land historical reanalysis
0.0,0.0,0.0,0.0,31.788,-3.029,27.333,17.35,4485.0,0.06881,0,0,background_non_event,28.922092120337744,88.71542001898625,2019-03-22,2019,NASA COOLR/GLC,USGS SRTM 90m via Open Topo Data,Sentinel-2 L2A / Microsoft Planetary Computer,Open-Meteo ERA5-Land historical reanalysis
0.0,0.0,0.0,0.0,25.85,28.575,34.958,1.18,124.0,0.19123,0,0,background_non_event,22.634143077493427,94.79558358860642,2019-03-24,2019,NASA COOLR/GLC,USGS SRTM 90m via Open Topo Data,Sentinel-2 L2A / Microsoft Planetary Computer,Open-Meteo ERA5-Land historical reanalysis
0.0,0.0,0.0,0.0,30.944,19.942,45.792,10.22,1655.0,0.3357,0,0,background_non_event,23.501149945365945,97.36924207620761,2019-03-26,2019,NASA COOLR/GLC,USGS SRTM 90m via Open Topo Data,Sentinel-2 L2A / Microsoft Planetary Computer,Open-Meteo ERA5-Land historical reanalysis
0.0,0.0,0.0,0.0,16.319,25.121,63.833,0.54,16.0,0.86092,0,0,background_non_event,24.555467740844154,89.3656136579469,2019-03-27,2019,NASA COOLR/GLC,USGS SRTM 90m via Open Topo Data,Sentinel-2 L2A / Microsoft Planetary Computer,Open-Meteo ERA5-Land historical reanalysis
0.0,0.0,0.0,0.0,48.683,21.008,79.167,10.05,309.0,0.38553,0,0,background_non_event,27.270670650998103,95.86629767000736,2019-03-27,2019,NASA COOLR/GLC,USGS SRTM 90m via Open Topo Data,Sentinel-2 L2A / Microsoft Planetary Computer,Open-Meteo ERA5-Land historical reanalysis
0.0,0.0,0.0,0.0,29.933,22.092,66.458,12.61,349.0,0.81711,0,0,background_non_event,25.2042137585797,96.72070398170104,2019-03-28,2019,NASA COOLR/GLC,USGS SRTM 90m via Open Topo Data,Sentinel-2 L2A / Microsoft Planetary Computer,Open-Meteo ERA5-Land historical reanalysis
0.0,0.0,0.0,0.0,28.821,23.8,70.625,12.35,450.0,0.7655,0,0,background_non_event,24.877355100658704,95.95022796103797,2019-04-01,2019,NASA COOLR/GLC,USGS SRTM 90m via Open Topo Data,NASA MODIS MOD13Q1.061 / Microsoft Planetary Computer,Open-Meteo ERA5-Land historical reanalysis
0.0,0.0,0.0,0.0,40.031,23.762,89.875,2.65,52.0,0.61935,1,0,background_non_event,23.602552748955297,91.65975077889556,2019-04-09,2019,NASA COOLR/GLC,USGS SRTM 90m via Open Topo Data,Sentinel-2 L2A / Microsoft Planetary Computer,Open-Meteo ERA5-Land historical reanalysis
0.0,0.0,0.0,0.0,32.85,-10.575,81.958,28.15,4572.0,0.08886,0,0,background_non_event,28.833652531587134,97.15358617208122,2019-04-10,2019,NASA COOLR/GLC,USGS SRTM 90m via Open Topo Data,Sentinel-2 L2A / Microsoft Planetary Computer,Open-Meteo ERA5-Land historical reanalysis
0.0,0.0,0.0,0.0,31.15,5.904,63.917,1.61,3983.0,0.02505,0,0,background_non_event,29.019954716873134,89.27935887483618,2019-04-14,2019,NASA COOLR/GLC,USGS SRTM 90m via Open Topo Data,Sentinel-2 L2A / Microsoft Planetary Computer,Open-Meteo ERA5-Land historical reanalysis
0.0,0.0,0.0,0.0,19.248,29.938,52.208,24.12,132.0,0.63493,4,0,background_non_event,22.33767685269977,92.4363231727421,2019-04-22,2019,NASA COOLR/GLC,USGS SRTM 90m via Open Topo Data,Sentinel-2 L2A / Microsoft Planetary Computer,Open-Meteo ERA5-Land historical reanalysis
0.0,0.0,0.0,0.0,0.0,,,0.0,0.0,-0.22659,0,0,background_non_event,21.683897486021404,90.4756962962338,2019-04-23,2019,NASA COOLR/GLC,USGS SRTM 90m via Open Topo Data,Sentinel-2 L2A / Microsoft Planetary Computer,Open-Meteo ERA5-Land historical reanalysis
0.0,0.0,0.0,0.0,44.858,23.046,70.625,22.46,514.0,0.79402,16,0,background_non_event,26.99188319356144,93.23702663476595,2019-04-23,2019,NASA COOLR/GLC,USGS SRTM 90m via Open Topo Data,Sentinel-2 L2A / Microsoft Planetary Computer,Open-Meteo ERA5-Land historical reanalysis
0.0,0.0,0.0,0.0,19.017,30.596,73.5,0.83,10.0,0.72686,0,0,background_non_event,22.921392568111244,88.66130967634898,2019-04-26,2019,NASA COOLR/GLC,USGS SRTM 90m via Open Topo Data,Sentinel-2 L2A / Microsoft Planetary Computer,Open-Meteo ERA5-Land historical reanalysis
0.0,0.0,0.0,0.0,39.733,11.838,82.208,14.67,2666.0,0.67502,0,0,background_non_event,27.599706557997113,90.38132917997982,2019-04-26,2019,NASA COOLR/GLC,USGS SRTM 90m via Open Topo Data,Sentinel-2 L2A / Microsoft Planetary Computer,Open-Meteo ERA5-Land historical reanalysis
0.0,0.0,0.0,0.0,20.254,29.892,77.5,1.03,9.0,0.40212,0,0,background_non_event,23.14852688896649,90.64953062800257,2019-05-02,2019,NASA COOLR/GLC,USGS SRTM 90m via Open Topo Data,Sentinel-2 L2A / Microsoft Planetary Computer,Open-Meteo ERA5-Land historical reanalysis
0.0,0.0,0.0,0.0,27.856,28.358,80.792,1.4,33.0,0.54248,5,0,background_non_event,24.419360486667653,92.20154599690396,2019-05-02,2019,NASA COOLR/GLC,USGS SRTM 90m via Open Topo Data,Sentinel-2 L2A / Microsoft Planetary Computer,Open-Meteo ERA5-Land historical reanalysis
0.0,0.0,0.0,0.0,28.873,30.312,55.667,0.79,157.0,0.62362,0,0,background_non_event,25.364705555721045,96.89468966638236,2019-05-02,2019,NASA COOLR/GLC,USGS SRTM 90m via Open Topo Data,Sentinel-2 L2A / Microsoft Planetary Computer,Open-Meteo ERA5-Land historical reanalysis
0.0,0.0,0.0,0.0,27.11,32.079,47.333,0.54,107.0,0.15974,0,0,background_non_event,22.614511204992983,95.95956310062692,2019-05-06,2019,NASA COOLR/GLC,USGS SRTM 90m via Open Topo Data,Sentinel-2 L2A / Microsoft Planetary Computer,Open-Meteo ERA5-Land historical reanalysis
0.0,0.0,0.0,0.0,13.596,29.354,45.167,15.71,557.0,0.28987,0,0,background_non_event,24.215521648227323,94.52610317034456,2019-05-09,2019,NASA COOLR/GLC,USGS SRTM 90m via Open Topo Data,Sentinel-2 L2A / Microsoft Planetary Computer,Open-Meteo ERA5-Land historical reanalysis
0.0,0.0,0.0,0.0,34.087,7.146,34.458,2.85,4460.0,0.03216,0,0,background_non_event,29.121507967558365,90.32990875264096,2019-05-09,2019,NASA COOLR/GLC,USGS SRTM 90m via Open Topo Data,Sentinel-2 L2A / Microsoft Planetary Computer,Open-Meteo ERA5-Land historical reanalysis
0.0,0.0,0.0,0.0,24.827,30.308,68.833,12.56,145.0,0.8102,8,0,background_non_event,24.309326023666905,92.75233273808661,2019-05-11,2019,NASA COOLR/GLC,USGS SRTM 90m via Open Topo Data,NASA MODIS MOD13Q1.061 / Microsoft Planetary Computer,Open-Meteo ERA5-Land historical reanalysis
0.0,0.0,0.0,0.0,42.977,23.742,83.375,11.03,817.0,0.70833,22,0,background_non_event,25.84169256931163,92.01313535341897,2019-05-12,2019,NASA COOLR/GLC,USGS SRTM 90m via Open Topo Data,Sentinel-2 L2A / Microsoft Planetary Computer,Open-Meteo ERA5-Land historical reanalysis
0.0,0.0,0.0,0.0,26.692,33.625,52.958,0.9,144.0,0.17958,0,0,background_non_event,22.4519314611084,95.35025175143647,2019-05-13,2019,NASA COOLR/GLC,USGS SRTM 90m via Open Topo Data,Sentinel-2 L2A / Microsoft Planetary Computer,Open-Meteo ERA5-Land historical reanalysis
0.0,0.0,0.0,0.0,33.369,28.075,82.625,0.92,19.0,0.21911,0,0,background_non_event,23.746061781433994,90.37393354137545,2019-05-14,2019,NASA COOLR/GLC,USGS SRTM 90m via Open Topo Data,Sentinel-2 L2A / Microsoft Planetary Computer,Open-Meteo ERA5-Land historical reanalysis
0.0,0.0,0.0,0.0,42.421,24.517,90.292,0.98,45.0,0.46618,0,0,background_non_event,26.36826275691744,90.85824087656182,2019-05-17,2019,NASA COOLR/GLC,USGS SRTM 90m via Open Topo Data,Sentinel-2 L2A / Microsoft Planetary Computer,Open-Meteo ERA5-Land historical reanalysis
0.0,0.0,0.0,0.0,41.381,12.612,86.833,28.09,2420.0,0.8799,6,0,background_non_event,27.41366135299927,91.87770445357081,2019-05-20,2019,NASA COOLR/GLC,USGS SRTM 90m via Open Topo Data,NASA MODIS MOD13Q1.061 / Microsoft Planetary Computer,Open-Meteo ERA5-Land historical reanalysis
0.0,0.0,0.0,0.0,47.76,24.075,88.625,9.36,585.0,0.8513,2,0,background_non_event,25.640166334206253,92.7151992060209,2019-05-21,2019,NASA COOLR/GLC,USGS SRTM 90m via Open Topo Data,NASA MODIS MOD13Q1.061 / Microsoft Planetary Computer,Open-Meteo ERA5-Land historical reanalysis
0.0,0.0,0.0,0.0,39.165,30.304,82.708,0.59,12.0,0.62311,0,0,background_non_event,23.55415264449624,88.57890682983066,2019-05-25,2019,NASA COOLR/GLC,USGS SRTM 90m via Open Topo Data,Sentinel-2 L2A / Microsoft Planetary Computer,Open-Meteo ERA5-Land historical reanalysis
0.0,0.0,0.0,0.0,37.4,25.787,85.5,1.03,53.0,0.41816,0,0,background_non_event,26.01452293147986,88.29593204614439,2019-05-25,2019,NASA COOLR/GLC,USGS SRTM 90m via Open Topo Data,Sentinel-2 L2A / Microsoft Planetary Computer,Open-Meteo ERA5-Land historical reanalysis
0.0,0.0,0.0,0.0,42.058,3.442,97.167,19.29,4239.0,0.7674,0,0,background_non_event,28.56835835167421,93.35320913495173,2019-05-26,2019,NASA COOLR/GLC,USGS SRTM 90m via Open Topo Data,Sentinel-2 L2A / Microsoft Planetary Computer,Open-Meteo ERA5-Land historical reanalysis
0.0,0.0,0.0,0.0,21.556,24.233,60.25,14.51,1200.0,0.71446,2,0,background_non_event,23.26663517931579,93.45945931215728,2019-05-27,2019,NASA COOLR/GLC,USGS SRTM 90m via Open Topo Data,Sentinel-2 L2A / Microsoft Planetary Computer,Open-Meteo ERA5-Land historical reanalysis
0.0,0.0,0.0,0.0,39.246,30.221,83.792,0.66,9.0,0.58813,0,0,background_non_event,23.671180881708555,90.61021669977167,2019-05-27,2019,NASA COOLR/GLC,USGS SRTM 90m via Open Topo Data,Sentinel-2 L2A / Microsoft Planetary Computer,Open-Meteo ERA5-Land historical reanalysis
0.0,0.0,0.0,0.0,32.575,31.488,64.708,1.28,148.0,0.76992,0,0,background_non_event,24.9822866702871,97.07401681114311,2019-05-28,2019,NASA COOLR/GLC,USGS SRTM 90m via Open Topo Data,Sentinel-2 L2A / Microsoft Planetary Computer,Open-Meteo ERA5-Land historical reanalysis
0.0,0.0,0.0,0.0,42.019,26.321,91.583,0.84,5.0,-0.00175,0,0,background_non_event,23.033523948186623,90.31300500580065,2019-06-05,2019,NASA COOLR/GLC,USGS SRTM 90m via Open Topo Data,Sentinel-2 L2A / Microsoft Planetary Computer,Open-Meteo ERA5-Land historical reanalysis
0.0,0.0,0.0,0.0,37.562,28.467,82.667,0.58,32.0,0.33748,1,0,background_non_event,25.55439044892601,89.02876360405436,2019-06-07,2019,NASA COOLR/GLC,USGS SRTM 90m via Open Topo Data,Sentinel-2 L2A / Microsoft Planetary Computer,Open-Meteo ERA5-Land historical reanalysis
0.0,0.0,0.0,0.0,37.913,28.438,83.667,1.19,21.0,0.1928,0,0,background_non_event,24.884776886691988,89.45041844154915,2019-06-08,2019,NASA COOLR/GLC,USGS SRTM 90m via Open Topo Data,Sentinel-2 L2A / Microsoft Planetary Computer,Open-Meteo ERA5-Land historical reanalysis
0.0,0.0,0.0,0.0,38.667,28.637,85.958,1.3,14.0,0.74364,0,0,background_non_event,23.812454532249156,89.8206578764702,2019-06-09,2019,NASA COOLR/GLC,USGS SRTM 90m via Open Topo Data,Sentinel-2 L2A / Microsoft Planetary Computer,Open-Meteo ERA5-Land historical reanalysis
0.0,0.0,0.0,0.0,41.29,13.413,89.167,21.51,2774.0,0.8741,0,0,background_non_event,27.48339267872018,90.46508404028873,2019-06-12,2019,NASA COOLR/GLC,USGS SRTM 90m via Open Topo Data,Sentinel-2 L2A / Microsoft Planetary Computer,Open-Meteo ERA5-Land historical reanalysis
0.0,0.0,0.0,0.0,40.104,14.787,87.708,23.6,2660.0,0.0771,1,0,background_non_event,28.426421666128263,93.99770001196741,2019-06-14,2019,NASA COOLR/GLC,USGS SRTM 90m via Open Topo Data,NASA MODIS MOD13Q1.061 / Microsoft Planetary Computer,Open-Meteo ERA5-Land historical reanalysis
0.0,0.0,0.0,0.0,47.26,27.958,86.167,3.79,273.0,0.2668,0,0,background_non_event,24.531082271324024,95.57721282532222,2019-06-17,2019,NASA COOLR/GLC,USGS SRTM 90m via Open Topo Data,NASA MODIS MOD13Q1.061 / Microsoft Planetary Computer,Open-Meteo ERA5-Land historical reanalysis
0.0,0.0,0.0,0.0,47.537,27.308,91.917,0.7,11.0,0.1017,1,0,background_non_event,25.15100728683362,90.9691562442944,2019-06-17,2019,NASA COOLR/GLC,USGS SRTM 90m via Open Topo Data,NASA MODIS MOD13Q1.061 / Microsoft Planetary Computer,Open-Meteo ERA5-Land historical reanalysis
0.0,0.0,0.0,0.0,48.46,25.458,95.125,6.64,443.0,0.2747,5,0,background_non_event,25.67728881114821,96.32046099802933,2019-06-19,2019,NASA COOLR/GLC,USGS SRTM 90m via Open Topo Data,NASA MODIS MOD13Q1.061 / Microsoft Planetary Computer,Open-Meteo ERA5-Land historical reanalysis
0.0,0.0,0.0,0.0,48.981,25.967,92.25,8.69,431.0,0.7022,0,0,background_non_event,26.17114551182697,96.33551127463514,2019-06-20,2019,NASA COOLR/GLC,USGS SRTM 90m via Open Topo Data,NASA MODIS MOD13Q1.061 / Microsoft Planetary Computer,Open-Meteo ERA5-Land historical reanalysis
0.0,0.0,0.0,0.0,42.679,14.471,96.083,31.45,2956.0,0.0263,0,0,background_non_event,27.94078802902204,97.4153699641509,2019-06-20,2019,NASA COOLR/GLC,USGS SRTM 90m via Open Topo Data,NASA MODIS MOD13Q1.061 / Microsoft Planetary Computer,Open-Meteo ERA5-Land historical reanalysis
0.0,0.0,0.0,0.0,48.665,28.958,85.292,2.2,132.0,0.56182,0,0,background_non_event,24.140770878217463,94.63666088274343,2019-06-22,2019,NASA COOLR/GLC,USGS SRTM 90m via Open Topo Data,Sentinel-2 L2A / Microsoft Planetary Computer,Open-Meteo ERA5-Land historical reanalysis
0.0,0.0,0.0,0.0,35.727,12.662,62.708,14.74,4069.0,0.13362,0,0,background_non_event,29.22322340243511,92.06717934998771,2019-06-23,2019,NASA COOLR/GLC,USGS SRTM 90m via Open Topo Data,Sentinel-2 L2A / Microsoft Planetary Computer,Open-Meteo ERA5-Land historical reanalysis
0.0,0.0,0.0,0.0,47.804,22.779,97.958,4.19,644.0,0.84482,0,0,background_non_event,27.246253382208202,96.35993939040054,2019-06-26,2019,NASA COOLR/GLC,USGS SRTM 90m via Open Topo Data,Sentinel-2 L2A / Microsoft Planetary Computer,Open-Meteo ERA5-Land historical reanalysis
0.0,0.0,0.0,0.0,43.163,18.579,91.0,20.68,2067.0,0.3044,1,0,background_non_event,25.608379697599243,95.06855212913288,2019-06-30,2019,NASA COOLR/GLC,USGS SRTM 90m via Open Topo Data,NASA MODIS MOD13Q1.061 / Microsoft Planetary Computer,Open-Meteo ERA5-Land historical reanalysis
0.0,0.0,0.0,0.0,45.658,25.396,90.208,10.4,535.0,0.58064,0,0,background_non_event,24.267271844734044,94.26756058737453,2019-07-04,2019,NASA COOLR/GLC,USGS SRTM 90m via Open Topo Data,Sentinel-2 L2A / Microsoft Planetary Computer,Open-Meteo ERA5-Land historical reanalysis
0.0,0.0,0.0,0.0,41.096,18.217,92.417,32.93,1896.0,0.68247,1,0,background_non_event,22.47919591030177,93.30685384162636,2019-07-05,2019,NASA COOLR/GLC,USGS SRTM 90m via Open Topo Data,Sentinel-2 L2A / Microsoft Planetary Computer,Open-Meteo ERA5-Land historical reanalysis
0.0,0.0,0.0,0.0,42.202,3.875,90.083,25.77,4803.0,0.1974,0,0,background_non_event,28.744575983684797,97.20427425179437,2019-07-06,2019,NASA COOLR/GLC,USGS SRTM 90m via Open Topo Data,NASA MODIS MOD13Q1.061 / Microsoft Planetary Computer,Open-Meteo ERA5-Land historical reanalysis
0.0,0.0,0.0,0.0,42.862,11.467,99.5,34.77,3142.0,0.8964,0,0,background_non_event,28.830598557767015,95.28877764714021,2019-07-14,2019,NASA COOLR/GLC,USGS SRTM 90m via Open Topo Data,NASA MODIS MOD13Q1.061 / Microsoft Planetary Computer,Open-Meteo ERA5-Land historical reanalysis
0.0,0.0,0.0,0.0,48.733,26.633,87.167,3.16,264.0,0.8217,0,0,background_non_event,27.29266809936115,96.1489491001157,2019-07-16,2019,NASA COOLR/GLC,USGS SRTM 90m via Open Topo Data,NASA MODIS MOD13Q1.061 / Microsoft Planetary Computer,Open-Meteo ERA5-Land historical reanalysis
0.0,0.0,0.0,0.0,42.454,11.35,91.583,40.17,3374.0,0.7144,0,0,background_non_event,29.410679459057405,95.14871858044252,2019-07-18,2019,NASA COOLR/GLC,USGS SRTM 90m via Open Topo Data,NASA MODIS MOD13Q1.061 / Microsoft Planetary Computer,Open-Meteo ERA5-Land historical reanalysis
0.0,0.0,0.0,0.0,41.306,14.713,89.625,16.55,3179.0,0.8654,0,0,background_non_event,29.179945431774158,94.04203312079028,2019-07-19,2019,NASA COOLR/GLC,USGS SRTM 90m via Open Topo Data,NASA MODIS MOD13Q1.061 / Microsoft Planetary Computer,Open-Meteo ERA5-Land historical reanalysis
0.0,0.0,0.0,0.0,48.548,24.821,93.042,19.4,501.0,0.4225,0,0,background_non_event,24.624276998029845,97.49092835414196,2019-07-21,2019,NASA COOLR/GLC,USGS SRTM 90m via Open Topo Data,NASA MODIS MOD13Q1.061 / Microsoft Planetary Computer,Open-Meteo ERA5-Land historical reanalysis
0.0,0.0,0.0,0.0,48.858,23.154,90.208,8.62,915.0,0.86908,0,0,background_non_event,23.808709334494324,97.50136222417703,2019-07-28,2019,NASA COOLR/GLC,USGS SRTM 90m via Open Topo Data,Sentinel-2 L2A / Microsoft Planetary Computer,Open-Meteo ERA5-Land historical reanalysis
0.0,0.0,0.0,0.0,44.283,29.537,85.125,0.75,32.0,0.5876,0,0,background_non_event,26.141417690369014,90.06166886053042,2019-08-04,2019,NASA COOLR/GLC,USGS SRTM 90m via Open Topo Data,NASA MODIS MOD13Q1.061 / Microsoft Planetary Computer,Open-Meteo ERA5-Land historical reanalysis
0.0,0.0,0.0,0.0,48.519,21.833,94.875,5.06,1028.0,0.44023,0,0,background_non_event,22.393105976562577,96.89111030336305,2019-08-06,2019,NASA COOLR/GLC,USGS SRTM 90m via Open Topo Data,Sentinel-2 L2A / Microsoft Planetary Computer,Open-Meteo ERA5-Land historical reanalysis
0.0,0.0,0.0,0.0,41.785,28.246,88.125,1.31,179.0,0.7197,0,0,background_non_event,24.433624988193394,94.49623162732415,2019-08-09,2019,NASA COOLR/GLC,USGS SRTM 90m via Open Topo Data,NASA MODIS MOD13Q1.061 / Microsoft Planetary Computer,Open-Meteo ERA5-Land historical reanalysis
0.0,0.0,0.0,0.0,46.01,27.938,87.25,16.64,277.0,0.8741,0,0,background_non_event,25.317076437296635,97.1458682226107,2019-08-10,2019,NASA COOLR/GLC,USGS SRTM 90m via Open Topo Data,NASA MODIS MOD13Q1.061 / Microsoft Planetary Computer,Open-Meteo ERA5-Land historical reanalysis
0.0,0.0,0.0,0.0,45.815,26.812,92.292,1.87,10.0,0.7199,0,0,background_non_event,24.09231151115826,90.83136597738915,2019-08-14,2019,NASA COOLR/GLC,USGS SRTM 90m via Open Topo Data,Sentinel-2 L2A / Microsoft Planetary Computer,Open-Meteo ERA5-Land historical reanalysis
0.0,0.0,0.0,0.0,47.842,27.033,83.75,14.17,369.0,0.8317,0,0,background_non_event,23.037222968893126,94.94825314642421,2019-08-15,2019,NASA COOLR/GLC,USGS SRTM 90m via Open Topo Data,NASA MODIS MOD13Q1.061 / Microsoft Planetary Computer,Open-Meteo ERA5-Land historical reanalysis
0.0,0.0,0.0,0.0,42.306,6.867,87.208,5.92,4780.0,0.14715,0,0,background_non_event,28.314287174795034,91.91437897583572,2019-08-15,2019,NASA COOLR/GLC,USGS SRTM 90m via Open Topo Data,Sentinel-2 L2A / Microsoft Planetary Computer,Open-Meteo ERA5-Land historical reanalysis
0.0,0.0,0.0,0.0,47.527,27.017,92.708,1.99,238.0,0.8995,0,0,background_non_event,26.19451061151436,96.10640099513398,2019-08-18,2019,NASA COOLR/GLC,USGS SRTM 90m via Open Topo Data,NASA MODIS MOD13Q1.061 / Microsoft Planetary Computer,Open-Meteo ERA5-Land historical reanalysis
0.0,0.0,0.0,0.0,38.704,28.696,85.625,0.78,8.0,0.7838,0,0,background_non_event,22.866594706516533,90.94246289365931,2019-08-20,2019,NASA COOLR/GLC,USGS SRTM 90m via Open Topo Data,NASA MODIS MOD13Q1.061 / Microsoft Planetary Computer,Open-Meteo ERA5-Land historical reanalysis
0.0,0.0,0.0,0.0,42.619,12.446,94.75,64.05,3325.0,0.0482,0,0,background_non_event,27.813112194050937,92.57454261927238,2019-08-20,2019,NASA COOLR/GLC,USGS SRTM 90m via Open Topo Data,NASA MODIS MOD13Q1.061 / Microsoft Planetary Computer,Open-Meteo ERA5-Land historical reanalysis
0.0,0.0,0.0,0.0,38.254,29.162,80.833,0.93,23.0,-0.04765,0,0,background_non_event,25.23061458038994,89.9084497369389,2019-08-26,2019,NASA COOLR/GLC,USGS SRTM 90m via Open Topo Data,Sentinel-2 L2A / Microsoft Planetary Computer,Open-Meteo ERA5-Land historical reanalysis
0.0,0.0,0.0,0.0,37.954,7.742,77.708,28.69,4502.0,0.4171,0,0,background_non_event,28.646756784527092,93.32188184946887,2019-08-26,2019,NASA COOLR/GLC,USGS SRTM 90m via Open Topo Data,Sentinel-2 L2A / Microsoft Planetary Computer,Open-Meteo ERA5-Land historical reanalysis
0.0,0.0,0.0,0.0,40.531,28.25,85.875,0.79,6.0,0.8958,0,0,background_non_event,22.575879377954074,90.69766727139401,2019-08-27,2019,NASA COOLR/GLC,USGS SRTM 90m via Open Topo Data,NASA MODIS MOD13Q1.061 / Microsoft Planetary Computer,Open-Meteo ERA5-Land historical reanalysis
0.0,0.0,0.0,0.0,45.26,28.854,79.542,13.08,271.0,0.63968,0,0,background_non_event,26.233426372064926,95.79108889749783,2019-08-29,2019,NASA COOLR/GLC,USGS SRTM 90m via Open Topo Data,Sentinel-2 L2A / Microsoft Planetary Computer,Open-Meteo ERA5-Land historical reanalysis
0.0,0.0,0.0,0.0,40.983,17.571,86.875,24.0,2379.0,0.31061,3,0,background_non_event,27.06375205324988,89.82698317213978,2019-09-01,2019,NASA COOLR/GLC,USGS SRTM 90m via Open Topo Data,Sentinel-2 L2A / Microsoft Planetary Computer,Open-Meteo ERA5-Land historical reanalysis
0.0,0.0,0.0,0.0,43.39,25.354,89.75,14.01,341.0,0.9183,0,0,background_non_event,21.74776100012631,93.12319803357097,2019-09-02,2019,NASA COOLR/GLC,USGS SRTM 90m via Open Topo Data,NASA MODIS MOD13Q1.061 / Microsoft Planetary Computer,Open-Meteo ERA5-Land historical reanalysis
0.0,0.0,0.0,0.0,42.1,28.088,89.5,1.52,37.0,0.70566,5,0,background_non_event,24.42854938806,92.30903914567043,2019-09-04,2019,NASA COOLR/GLC,USGS SRTM 90m via Open Topo Data,Sentinel-2 L2A / Microsoft Planetary Computer,Open-Meteo ERA5-Land historical reanalysis
0.0,0.0,0.0,0.0,42.098,27.225,89.542,1.4,77.0,0.70547,0,0,background_non_event,26.53915179206345,88.95705102286367,2019-09-08,2019,NASA COOLR/GLC,USGS SRTM 90m via Open Topo Data,Sentinel-2 L2A / Microsoft Planetary Computer,Open-Meteo ERA5-Land historical reanalysis
0.0,0.0,0.0,0.0,48.129,21.15,99.208,17.79,1084.0,0.81321,0,0,background_non_event,22.862075254079446,97.16016035677967,2019-09-11,2019,NASA COOLR/GLC,USGS SRTM 90m via Open Topo Data,Sentinel-2 L2A / Microsoft Planetary Computer,Open-Meteo ERA5-Land historical reanalysis
0.0,0.0,0.0,0.0,48.61,24.971,96.25,18.41,415.0,0.8996,0,0,background_non_event,26.434326524059994,97.04423849051544,2019-09-11,2019,NASA COOLR/GLC,USGS SRTM 90m via Open Topo Data,NASA MODIS MOD13Q1.061 / Microsoft Planetary Computer,Open-Meteo ERA5-Land historical reanalysis
0.0,0.0,0.0,0.0,47.721,26.262,94.083,0.65,54.0,0.1386,20,0,background_non_event,26.157808960400086,91.67496251614374,2019-09-13,2019,NASA COOLR/GLC,USGS SRTM 90m via Open Topo Data,Sentinel-2 L2A / Microsoft Planetary Computer,Open-Meteo ERA5-Land historical reanalysis
0.0,0.0,0.0,0.0,37.596,1.621,96.208,44.16,5532.0,-0.03266,0,0,background_non_event,27.842037898726296,92.4988766733354,2019-09-14,2019,NASA COOLR/GLC,USGS SRTM 90m via Open Topo Data,Sentinel-2 L2A / Microsoft Planetary Computer,Open-Meteo ERA5-Land historical reanalysis
0.0,0.0,0.0,0.0,37.212,5.429,98.0,19.37,4846.0,-0.01997,0,0,background_non_event,28.022377575788454,91.37617220793035,2019-09-15,2019,NASA COOLR/GLC,USGS SRTM 90m via Open Topo Data,Sentinel-2 L2A / Microsoft Planetary Computer,Open-Meteo ERA5-Land historical reanalysis
0.0,0.0,0.0,0.0,37.698,2.142,98.167,30.78,5466.0,0.0075,1,0,background_non_event,27.865107410119812,92.36000425800168,2019-09-16,2019,NASA COOLR/GLC,USGS SRTM 90m via Open Topo Data,NASA MODIS MOD13Q1.061 / Microsoft Planetary Computer,Open-Meteo ERA5-Land historical reanalysis
0.0,0.0,0.0,0.0,47.844,27.675,87.708,3.17,249.0,0.58862,0,0,background_non_event,22.026613868888393,94.51120601487176,2019-09-17,2019,NASA COOLR/GLC,USGS SRTM 90m via Open Topo Data,Sentinel-2 L2A / Microsoft Planetary Computer,Open-Meteo ERA5-Land historical reanalysis
0.0,0.0,0.0,0.0,47.906,25.967,85.792,16.26,395.0,0.07294,20,0,background_non_event,25.99225340311119,92.06859426698443,2019-09-21,2019,NASA COOLR/GLC,USGS SRTM 90m via Open Topo Data,Sentinel-2 L2A / Microsoft Planetary Computer,Open-Meteo ERA5-Land historical reanalysis
0.0,0.0,0.0,0.0,47.983,22.308,91.083,22.68,787.0,0.8442,3,0,background_non_event,25.789954494659682,94.69555559791907,2019-09-22,2019,NASA COOLR/GLC,USGS SRTM 90m via Open Topo Data,NASA MODIS MOD13Q1.061 / Microsoft Planetary Computer,Open-Meteo ERA5-Land historical reanalysis
0.0,0.0,0.0,0.0,36.723,-0.233,92.875,31.66,4943.0,-0.0172,0,0,background_non_event,29.296473490824745,96.74294093230986,2019-09-22,2019,NASA COOLR/GLC,USGS SRTM 90m via Open Topo Data,NASA MODIS MOD13Q1.061 / Microsoft Planetary Computer,Open-Meteo ERA5-Land historical reanalysis
0.0,0.0,0.0,0.0,40.317,21.554,92.375,13.9,796.0,0.78311,0,0,background_non_event,21.799645560419627,93.96309100152722,2019-09-24,2019,NASA COOLR/GLC,USGS SRTM 90m via Open Topo Data,Sentinel-2 L2A / Microsoft Planetary Computer,Open-Meteo ERA5-Land historical reanalysis
0.0,0.0,0.0,0.0,34.348,26.529,87.833,0.93,9.0,0.92067,0,0,background_non_event,22.52034705299846,90.74878174564643,2019-09-29,2019,NASA COOLR/GLC,USGS SRTM 90m via Open Topo Data,Sentinel-2 L2A / Microsoft Planetary Computer,Open-Meteo ERA5-Land historical reanalysis
0.0,0.0,0.0,0.0,42.387,19.05,87.75,23.59,1459.0,0.86849,7,0,background_non_event,27.493194611230358,88.54058944978378,2019-10-03,2019,NASA COOLR/GLC,USGS SRTM 90m via Open Topo Data,Sentinel-2 L2A / Microsoft Planetary Computer,Open-Meteo ERA5-Land historical reanalysis
0.0,0.0,0.0,0.0,48.756,25.642,87.542,1.93,151.0,0.45029,0,0,background_non_event,23.027603409776916,95.89092226521313,2019-10-04,2019,NASA COOLR/GLC,USGS SRTM 90m via Open Topo Data,Sentinel-2 L2A / Microsoft Planetary Computer,Open-Meteo ERA5-Land historical reanalysis
0.0,0.0,0.0,0.0,39.154,13.537,83.667,6.59,3951.0,0.7269,0,0,background_non_event,29.287505458434637,96.35144249243746,2019-10-05,2019,NASA COOLR/GLC,USGS SRTM 90m via Open Topo Data,NASA MODIS MOD13Q1.061 / Microsoft Planetary Computer,Open-Meteo ERA5-Land historical reanalysis
0.0,0.0,0.0,0.0,50.446,24.912,93.375,4.54,142.0,0.77824,0,0,background_non_event,24.06084489593477,94.55540637046195,2019-10-07,2019,NASA COOLR/GLC,USGS SRTM 90m via Open Topo Data,Sentinel-2 L2A / Microsoft Planetary Computer,Open-Meteo ERA5-Land historical reanalysis
0.0,0.0,0.0,0.0,40.538,20.967,85.875,26.6,876.0,0.84859,0,0,background_non_event,26.896133199805476,91.14023264655731,2019-10-07,2019,NASA COOLR/GLC,USGS SRTM 90m via Open Topo Data,Sentinel-2 L2A / Microsoft Planetary Computer,Open-Meteo ERA5-Land historical reanalysis
0.0,0.0,0.0,0.0,41.473,24.892,95.083,2.87,57.0,0.56072,6,0,background_non_event,24.44317015746443,92.64699660247884,2019-10-08,2019,NASA COOLR/GLC,USGS SRTM 90m via Open Topo Data,Sentinel-2 L2A / Microsoft Planetary Computer,Open-Meteo ERA5-Land historical reanalysis
0.0,0.0,0.0,0.0,46.646,22.938,94.125,10.07,338.0,0.13473,0,0,background_non_event,25.68063158041818,90.75967921719315,2019-10-08,2019,NASA COOLR/GLC,USGS SRTM 90m via Open Topo Data,Sentinel-2 L2A / Microsoft Planetary Computer,Open-Meteo ERA5-Land historical reanalysis
0.0,0.0,0.0,0.0,43.831,19.354,95.333,46.0,1111.0,0.93784,3,0,background_non_event,27.301732419334027,92.54168093332115,2019-10-09,2019,NASA COOLR/GLC,USGS SRTM 90m via Open Topo Data,Sentinel-2 L2A / Microsoft Planetary Computer,Open-Meteo ERA5-Land historical reanalysis
0.0,0.0,0.0,0.0,48.933,15.571,92.25,10.52,1817.0,0.79375,0,0,background_non_event,22.9437014390743,96.5961698594303,2019-10-10,2019,NASA COOLR/GLC,USGS SRTM 90m via Open Topo Data,Sentinel-2 L2A / Microsoft Planetary Computer,Open-Meteo ERA5-Land historical reanalysis
0.0,0.0,0.0,0.0,37.473,24.133,88.042,0.76,56.0,0.73668,0,0,background_non_event,26.559199009452144,89.61750513233228,2019-10-10,2019,NASA COOLR/GLC,USGS SRTM 90m via Open Topo Data,Sentinel-2 L2A / Microsoft Planetary Computer,Open-Meteo ERA5-Land historical reanalysis
0.0,0.0,0.0,0.0,39.646,13.258,79.792,29.38,2264.0,0.8595,0,0,background_non_event,28.01263683460253,97.53609005045298,2019-10-15,2019,NASA COOLR/GLC,USGS SRTM 90m via Open Topo Data,Sentinel-2 L2A / Microsoft Planetary Computer,Open-Meteo ERA5-Land historical reanalysis
0.0,0.0,0.0,0.0,34.438,26.567,80.625,0.82,56.0,0.3815,0,0,background_non_event,26.23065064025932,89.10298759699704,2019-10-18,2019,NASA COOLR/GLC,USGS SRTM 90m via Open Topo Data,NASA MODIS MOD13Q1.061 / Microsoft Planetary Computer,Open-Meteo ERA5-Land historical reanalysis
0.0,0.0,0.0,0.0,40.973,10.55,89.083,25.44,2714.0,0.03128,6,0,background_non_event,27.628890207545034,93.43659587782392,2019-10-19,2019,NASA COOLR/GLC,USGS SRTM 90m via Open Topo Data,Sentinel-2 L2A / Microsoft Planetary Computer,Open-Meteo ERA5-Land historical reanalysis
0.0,0.0,0.0,0.0,46.26,22.567,84.667,9.41,303.0,0.86047,0,0,background_non_event,25.120329703183323,95.79585718445128,2019-10-24,2019,NASA COOLR/GLC,USGS SRTM 90m via Open Topo Data,Sentinel-2 L2A / Microsoft Planetary Computer,Open-Meteo ERA5-Land historical reanalysis
0.0,0.0,0.0,0.0,42.579,23.558,95.208,0.55,9.0,0.21894,0,0,background_non_event,23.154917365293144,88.92599366330602,2019-10-25,2019,NASA COOLR/GLC,USGS SRTM 90m via Open Topo Data,Sentinel-2 L2A / Microsoft Planetary Computer,Open-Meteo ERA5-Land historical reanalysis
0.0,0.0,0.0,0.0,38.958,22.613,87.333,5.64,147.0,0.86274,0,0,background_non_event,23.791062345664656,94.43200538785146,2019-10-26,2019,NASA COOLR/GLC,USGS SRTM 90m via Open Topo Data,Sentinel-2 L2A / Microsoft Planetary Computer,Open-Meteo ERA5-Land historical reanalysis
0.0,0.0,0.0,0.0,33.729,22.621,84.083,12.17,382.0,0.87471,0,0,background_non_event,24.538866386600386,97.40154555731472,2019-10-26,2019,NASA COOLR/GLC,USGS SRTM 90m via Open Topo Data,Sentinel-2 L2A / Microsoft Planetary Computer,Open-Meteo ERA5-Land historical reanalysis
0.0,0.0,0.0,0.0,48.833,15.213,96.625,5.2,1747.0,0.65524,7,0,background_non_event,25.50958216916134,91.59554817437623,2019-10-26,2019,NASA COOLR/GLC,USGS SRTM 90m via Open Topo Data,Sentinel-2 L2A / Microsoft Planetary Computer,Open-Meteo ERA5-Land historical reanalysis
0.0,0.0,0.0,0.0,49.498,19.863,94.583,18.96,920.0,0.82398,11,0,background_non_event,25.541188209045636,94.41985581670612,2019-10-26,2019,NASA COOLR/GLC,USGS SRTM 90m via Open Topo Data,Sentinel-2 L2A / Microsoft Planetary Computer,Open-Meteo ERA5-Land historical reanalysis
0.0,0.0,0.0,0.0,45.671,19.867,86.792,23.0,693.0,0.8708,20,0,background_non_event,27.36620996566712,93.77706337367232,2019-10-28,2019,NASA COOLR/GLC,USGS SRTM 90m via Open Topo Data,Sentinel-2 L2A / Microsoft Planetary Computer,Open-Meteo ERA5-Land historical reanalysis
0.0,0.0,0.0,0.0,40.604,1.179,83.75,29.31,3739.0,0.39614,0,0,background_non_event,28.055862448721015,89.67360114716513,2019-10-28,2019,NASA COOLR/GLC,USGS SRTM 90m via Open Topo Data,Sentinel-2 L2A / Microsoft Planetary Computer,Open-Meteo ERA5-Land historical reanalysis
0.0,0.0,0.0,0.0,46.206,22.846,89.875,6.26,433.0,0.90525,0,0,background_non_event,23.541513769027084,94.70444087638975,2019-11-05,2019,NASA COOLR/GLC,USGS SRTM 90m via Open Topo Data,Sentinel-2 L2A / Microsoft Planetary Computer,Open-Meteo ERA5-Land historical reanalysis
0.0,0.0,0.0,0.0,30.921,25.088,82.208,0.91,15.0,0.19044,0,0,background_non_event,23.767128045379117,88.80817959433918,2019-11-05,2019,NASA COOLR/GLC,USGS SRTM 90m via Open Topo Data,Sentinel-2 L2A / Microsoft Planetary Computer,Open-Meteo ERA5-Land historical reanalysis
0.0,0.0,0.0,0.0,35.258,20.683,85.292,0.87,774.0,0.05901,3,0,background_non_event,24.411196464314415,93.81474053898144,2019-11-05,2019,NASA COOLR/GLC,USGS SRTM 90m via Open Topo Data,Sentinel-2 L2A / Microsoft Planetary Computer,Open-Meteo ERA5-Land historical reanalysis
0.0,0.0,0.0,0.0,41.744,1.683,75.042,28.63,3705.0,0.30297,0,0,background_non_event,29.165706007530698,95.7230779448584,2019-11-07,2019,NASA COOLR/GLC,USGS SRTM 90m via Open Topo Data,Sentinel-2 L2A / Microsoft Planetary Computer,Open-Meteo ERA5-Land historical reanalysis
0.0,0.0,0.0,0.0,41.625,24.175,92.208,0.87,4.0,0.39385,0,0,background_non_event,22.997105544944628,89.50517158128726,2019-11-09,2019,NASA COOLR/GLC,USGS SRTM 90m via Open Topo Data,Sentinel-2 L2A / Microsoft Planetary Computer,Open-Meteo ERA5-Land historical reanalysis
0.0,0.0,0.0,0.0,41.285,21.808,96.5,15.62,391.0,0.87579,9,0,background_non_event,24.23903185871823,92.82083579879166,2019-11-10,2019,NASA COOLR/GLC,USGS SRTM 90m via Open Topo Data,Sentinel-2 L2A / Microsoft Planetary Computer,Open-Meteo ERA5-Land historical reanalysis
0.0,0.0,0.0,0.0,36.587,-4.45,71.083,14.36,5283.0,0.02447,0,0,background_non_event,27.91859482035477,90.30997241015686,2019-11-15,2019,NASA COOLR/GLC,USGS SRTM 90m via Open Topo Data,Sentinel-2 L2A / Microsoft Planetary Computer,Open-Meteo ERA5-Land historical reanalysis
0.0,0.0,0.0,0.0,30.929,24.158,83.458,1.32,38.0,0.51517,0,0,background_non_event,26.250678797992414,90.23723898890846,2019-11-16,2019,NASA COOLR/GLC,USGS SRTM 90m via Open Topo Data,Sentinel-2 L2A / Microsoft Planetary Computer,Open-Meteo ERA5-Land historical reanalysis
0.0,0.0,0.0,0.0,35.265,19.029,82.0,18.75,667.0,0.90696,5,0,background_non_event,24.017404430947103,93.23812131782267,2019-11-17,2019,NASA COOLR/GLC,USGS SRTM 90m via Open Topo Data,Sentinel-2 L2A / Microsoft Planetary Computer,Open-Meteo ERA5-Land historical reanalysis
0.0,0.0,0.0,0.0,33.098,22.592,82.333,0.72,12.0,0.55335,3,0,background_non_event,24.275580882092978,91.37430807402642,2019-11-18,2019,NASA COOLR/GLC,USGS SRTM 90m via Open Topo Data,Sentinel-2 L2A / Microsoft Planetary Computer,Open-Meteo ERA5-Land historical reanalysis
0.0,0.0,0.0,0.0,39.552,-2.217,83.292,25.09,4091.0,0.56627,0,0,background_non_event,28.34880593928464,97.3015634199833,2019-11-27,2019,NASA COOLR/GLC,USGS SRTM 90m via Open Topo Data,Sentinel-2 L2A / Microsoft Planetary Computer,Open-Meteo ERA5-Land historical reanalysis
0.0,0.0,0.0,0.0,24.34,22.3,80.5,1.11,23.0,0.42349,0,0,background_non_event,25.092636070859772,90.04369683980377,2019-11-30,2019,NASA COOLR/GLC,USGS SRTM 90m via Open Topo Data,Sentinel-2 L2A / Microsoft Planetary Computer,Open-Meteo ERA5-Land historical reanalysis
0.0,0.0,0.0,0.0,33.821,14.037,90.625,37.03,809.0,0.89575,0,0,background_non_event,26.96848510957205,90.88662148111365,2019-12-01,2019,NASA COOLR/GLC,USGS SRTM 90m via Open Topo Data,Sentinel-2 L2A / Microsoft Planetary Computer,Open-Meteo ERA5-Land historical reanalysis
0.0,0.0,0.0,0.0,33.446,21.925,77.792,0.81,176.0,0.3168,0,0,background_non_event,23.21221124682145,95.85422844655527,2019-12-03,2019,NASA COOLR/GLC,USGS SRTM 90m via Open Topo Data,Sentinel-2 L2A / Microsoft Planetary Computer,Open-Meteo ERA5-Land historical reanalysis
0.0,0.0,0.0,0.0,34.819,17.942,75.75,9.69,472.0,0.85309,0,0,background_non_event,23.903125506522397,96.94825694730957,2019-12-05,2019,NASA COOLR/GLC,USGS SRTM 90m via Open Topo Data,Sentinel-2 L2A / Microsoft Planetary Computer,Open-Meteo ERA5-Land historical reanalysis
0.0,0.0,0.0,0.0,33.967,-6.229,52.792,5.06,4765.0,0.08935,0,0,background_non_event,28.24195849776963,89.27968223810164,2019-12-09,2019,NASA COOLR/GLC,USGS SRTM 90m via Open Topo Data,Sentinel-2 L2A / Microsoft Planetary Computer,Open-Meteo ERA5-Land historical reanalysis
0.0,0.0,0.0,0.0,30.99,16.963,79.958,13.58,246.0,0.82269,0,0,background_non_event,25.18892649905625,96.80709527675563,2019-12-12,2019,NASA COOLR/GLC,USGS SRTM 90m via Open Topo Data,Sentinel-2 L2A / Microsoft Planetary Computer,Open-Meteo ERA5-Land historical reanalysis
0.0,0.0,0.0,0.0,26.719,19.429,76.0,1.37,9.0,0.52139,1,0,background_non_event,25.069113023007926,91.25589285931188,2019-12-15,2019,NASA COOLR/GLC,USGS SRTM 90m via Open Topo Data,Sentinel-2 L2A / Microsoft Planetary Computer,Open-Meteo ERA5-Land historical reanalysis
0.0,0.0,0.0,0.0,33.546,14.175,82.042,19.86,735.0,0.91293,1,0,background_non_event,27.91530804259624,94.81129997379209,2019-12-15,2019,NASA COOLR/GLC,USGS SRTM 90m via Open Topo Data,Sentinel-2 L2A / Microsoft Planetary Computer,Open-Meteo ERA5-Land historical reanalysis
0.0,0.0,0.0,0.0,32.992,-6.158,20.625,10.77,4730.0,0.16529,0,0,background_non_event,28.87157418448419,89.35099580460054,2019-12-18,2019,NASA COOLR/GLC,USGS SRTM 90m via Open Topo Data,Sentinel-2 L2A / Microsoft Planetary Computer,Open-Meteo ERA5-Land historical reanalysis
0.0,0.0,0.0,0.0,19.998,17.65,50.083,16.68,711.0,0.6907,0,0,background_non_event,22.175362729951765,93.41775564470228,2019-12-20,2019,NASA COOLR/GLC,USGS SRTM 90m via Open Topo Data,Sentinel-2 L2A / Microsoft Planetary Computer,Open-Meteo ERA5-Land historical reanalysis
0.0,0.0,0.0,0.0,22.396,14.596,69.5,10.39,981.0,0.88027,4,0,background_non_event,23.580877360558453,93.2269541462041,2019-12-22,2019,NASA COOLR/GLC,USGS SRTM 90m via Open Topo Data,Sentinel-2 L2A / Microsoft Planetary Computer,Open-Meteo ERA5-Land historical reanalysis
0.0,0.0,0.0,0.0,27.912,21.204,64.458,0.82,177.0,0.67569,0,0,background_non_event,22.96222763365834,95.19965640600606,2019-12-26,2019,NASA COOLR/GLC,USGS SRTM 90m via Open Topo Data,Sentinel-2 L2A / Microsoft Planetary Computer,Open-Meteo ERA5-Land historical reanalysis
0.0,0.0,0.0,0.0,39.488,15.875,82.292,2.32,64.0,0.69891,1,0,background_non_event,26.202963131703527,92.39462573894805,2019-12-27,2019,NASA COOLR/GLC,USGS SRTM 90m via Open Topo Data,Sentinel-2 L2A / Microsoft Planetary Computer,Open-Meteo ERA5-Land historical reanalysis
0.0,0.0,0.0,0.0,35.429,-18.8,36.917,13.8,5278.0,0.02642,0,0,background_non_event,29.43092266780322,91.75061921428512,2019-12-28,2019,NASA COOLR/GLC,USGS SRTM 90m via Open Topo Data,Sentinel-2 L2A / Microsoft Planetary Computer,Open-Meteo ERA5-Land historical reanalysis
0.0,0.0,0.0,0.0,35.608,15.104,70.667,20.31,337.0,0.64231,1,0,background_non_event,25.838696325630963,91.0869123418482,2019-12-29,2019,NASA COOLR/GLC,USGS SRTM 90m via Open Topo Data,Sentinel-2 L2A / Microsoft Planetary Computer,Open-Meteo ERA5-Land historical reanalysis
0.0,0.0,0.0,0.0,32.06,16.738,73.458,1.83,203.0,0.40954,0,0,background_non_event,27.43582602652911,96.1150197919009,2020-01-01,2020,NASA COOLR/GLC,USGS SRTM 90m via Open Topo Data,Sentinel-2 L2A / Microsoft Planetary Computer,Open-Meteo ERA5-Land historical reanalysis
0.0,0.0,0.0,0.0,33.171,17.65,87.292,5.69,103.0,0.7832,1,0,background_non_event,23.351148654789025,92.01049464244326,2020-01-05,2020,NASA COOLR/GLC,USGS SRTM 90m via Open Topo Data,NASA MODIS MOD13Q1.061 / Microsoft Planetary Computer,Open-Meteo ERA5-Land historical reanalysis
0.0,0.0,0.0,0.0,40.64,17.762,89.75,1.68,141.0,0.7755,0,0,background_non_event,25.341566543660324,97.02897179628603,2020-01-05,2020,NASA COOLR/GLC,USGS SRTM 90m via Open Topo Data,Sentinel-2 L2A / Microsoft Planetary Computer,Open-Meteo ERA5-Land historical reanalysis
0.0,0.0,0.0,0.0,27.683,18.033,77.667,0.73,11.0,0.78191,0,0,background_non_event,22.657465008553118,90.6875964063915,2020-01-06,2020,NASA COOLR/GLC,USGS SRTM 90m via Open Topo Data,Sentinel-2 L2A / Microsoft Planetary Computer,Open-Meteo ERA5-Land historical reanalysis
0.0,0.0,0.0,0.0,45.96,12.333,85.042,33.54,674.0,0.8537,0,0,background_non_event,27.262397177740986,96.14500009433327,2020-01-08,2020,NASA COOLR/GLC,USGS SRTM 90m via Open Topo Data,NASA MODIS MOD13Q1.061 / Microsoft Planetary Computer,Open-Meteo ERA5-Land historical reanalysis
0.0,0.0,0.0,0.0,35.35,-15.45,81.667,21.09,5058.0,0.1248,0,0,background_non_event,28.301542145473803,91.58456132163452,2020-01-08,2020,NASA COOLR/GLC,USGS SRTM 90m via Open Topo Data,NASA MODIS MOD13Q1.061 / Microsoft Planetary Computer,Open-Meteo ERA5-Land historical reanalysis
0.0,0.0,0.0,0.0,41.717,15.037,86.042,1.25,107.0,0.50428,2,0,background_non_event,26.79241159019951,94.60616506433736,2020-01-09,2020,NASA COOLR/GLC,USGS SRTM 90m via Open Topo Data,Sentinel-2 L2A / Microsoft Planetary Computer,Open-Meteo ERA5-Land historical reanalysis
0.0,0.0,0.0,0.0,41.721,17.342,82.5,7.13,141.0,0.30572,0,0,background_non_event,25.6240495608663,97.51682561115872,2020-01-13,2020,NASA COOLR/GLC,USGS SRTM 90m via Open Topo Data,Sentinel-2 L2A / Microsoft Planetary Computer,Open-Meteo ERA5-Land historical reanalysis
0.0,0.0,0.0,0.0,35.167,-10.858,81.75,2.88,4727.0,0.0502,0,0,background_non_event,28.097340271108536,91.92993154019678,2020-01-15,2020,NASA COOLR/GLC,USGS SRTM 90m via Open Topo Data,NASA MODIS MOD13Q1.061 / Microsoft Planetary Computer,Open-Meteo ERA5-Land historical reanalysis
0.0,0.0,0.0,0.0,18.156,20.05,78.542,1.22,39.0,0.22216,1,0,background_non_event,25.817344029486186,89.0075201320043,2020-01-18,2020,NASA COOLR/GLC,USGS SRTM 90m via Open Topo Data,Sentinel-2 L2A / Microsoft Planetary Computer,Open-Meteo ERA5-Land historical reanalysis
0.0,0.0,0.0,0.0,18.573,18.65,83.708,0.98,11.0,0.38511,8,0,background_non_event,24.772947641873948,91.95458236186731,2020-01-20,2020,NASA COOLR/GLC,USGS SRTM 90m via Open Topo Data,Sentinel-2 L2A / Microsoft Planetary Computer,Open-Meteo ERA5-Land historical reanalysis
0.0,0.0,0.0,0.0,27.875,17.154,70.042,9.67,677.0,0.85887,0,0,background_non_event,21.65757206420735,93.98106284032201,2020-01-21,2020,NASA COOLR/GLC,USGS SRTM 90m via Open Topo Data,Sentinel-2 L2A / Microsoft Planetary Computer,Open-Meteo ERA5-Land historical reanalysis
0.0,0.0,0.0,0.0,19.652,16.558,70.583,1.73,5.0,0.07702,0,0,background_non_event,23.44173211446056,89.6028650012276,2020-01-24,2020,NASA COOLR/GLC,USGS SRTM 90m via Open Topo Data,Sentinel-2 L2A / Microsoft Planetary Computer,Open-Meteo ERA5-Land historical reanalysis
0.0,0.0,0.0,0.0,31.392,12.796,76.875,16.07,497.0,0.82295,3,0,background_non_event,25.170132288175477,92.30475162247127,2020-01-24,2020,NASA COOLR/GLC,USGS SRTM 90m via Open Topo Data,Sentinel-2 L2A / Microsoft Planetary Computer,Open-Meteo ERA5-Land historical reanalysis
0.0,0.0,0.0,0.0,40.829,7.75,77.75,31.54,1498.0,0.9044,7,0,background_non_event,27.633586079337164,93.59088335801694,2020-01-25,2020,NASA COOLR/GLC,USGS SRTM 90m via Open Topo Data,Sentinel-2 L2A / Microsoft Planetary Computer,Open-Meteo ERA5-Land historical reanalysis
0.0,0.0,0.0,0.0,16.598,15.588,74.5,0.33,11.0,0.26411,6,0,background_non_event,25.01198586337185,91.56285485919157,2020-01-27,2020,NASA COOLR/GLC,USGS SRTM 90m via Open Topo Data,Sentinel-2 L2A / Microsoft Planetary Computer,Open-Meteo ERA5-Land historical reanalysis
0.0,0.0,0.0,0.0,23.598,15.692,73.458,21.84,460.0,0.79318,1,0,background_non_event,22.74312877239696,92.90059511370808,2020-01-28,2020,NASA COOLR/GLC,USGS SRTM 90m via Open Topo Data,Sentinel-2 L2A / Microsoft Planetary Computer,Open-Meteo ERA5-Land historical reanalysis
0.0,0.0,0.0,0.0,22.594,18.346,69.083,1.59,66.0,0.57714,2,0,background_non_event,23.291732329238435,91.9105035699087,2020-02-01,2020,NASA COOLR/GLC,USGS SRTM 90m via Open Topo Data,Sentinel-2 L2A / Microsoft Planetary Computer,Open-Meteo ERA5-Land historical reanalysis
0.0,0.0,0.0,0.0,32.681,18.488,64.833,0.93,6.0,0.47404,0,0,background_non_event,21.921853364444786,88.38923309004085,2020-02-03,2020,NASA COOLR/GLC,USGS SRTM 90m via Open Topo Data,Sentinel-2 L2A / Microsoft Planetary Computer,Open-Meteo ERA5-Land historical reanalysis
0.0,0.0,0.0,0.0,40.902,5.667,78.458,21.54,1650.0,0.86813,3,0,background_non_event,27.232866189429732,92.74423145403148,2020-02-09,2020,NASA COOLR/GLC,USGS SRTM 90m via Open Topo Data,Sentinel-2 L2A / Microsoft Planetary Computer,Open-Meteo ERA5-Land historical reanalysis
0.0,0.0,0.0,0.0,29.362,19.083,55.083,0.98,11.0,0.80199,0,0,background_non_event,22.29956682856984,88.36633169926665,2020-02-11,2020,NASA COOLR/GLC,USGS SRTM 90m via Open Topo Data,Sentinel-2 L2A / Microsoft Planetary Computer,Open-Meteo ERA5-Land historical reanalysis
0.0,0.0,0.0,0.0,16.358,18.333,61.0,1.11,21.0,0.41512,0,0,background_non_event,23.981139948670776,88.92033432615747,2020-02-11,2020,NASA COOLR/GLC,USGS SRTM 90m via Open Topo Data,Sentinel-2 L2A / Microsoft Planetary Computer,Open-Meteo ERA5-Land historical reanalysis
0.0,0.0,0.0,0.0,21.481,14.454,71.25,23.92,965.0,0.81219,5,0,background_non_event,24.02787648162123,93.30085714348766,2020-02-14,2020,NASA COOLR/GLC,USGS SRTM 90m via Open Topo Data,Sentinel-2 L2A / Microsoft Planetary Computer,Open-Meteo ERA5-Land historical reanalysis
0.0,0.0,0.0,0.0,16.235,18.546,59.333,0.52,92.0,0.55412,0,0,background_non_event,26.66239494183966,88.93526589612384,2020-02-14,2020,NASA COOLR/GLC,USGS SRTM 90m via Open Topo Data,Sentinel-2 L2A / Microsoft Planetary Computer,Open-Meteo ERA5-Land historical reanalysis
0.0,0.0,0.0,0.0,32.167,-5.125,46.375,8.18,4885.0,0.1301,0,0,background_non_event,28.776511671233116,91.48863317799973,2020-02-16,2020,NASA COOLR/GLC,USGS SRTM 90m via Open Topo Data,NASA MODIS MOD13Q1.061 / Microsoft Planetary Computer,Open-Meteo ERA5-Land historical reanalysis
0.0,0.0,0.0,0.0,32.329,16.95,60.125,17.08,1489.0,0.5954,0,0,background_non_event,22.99896029153235,97.16704244207537,2020-02-17,2020,NASA COOLR/GLC,USGS SRTM 90m via Open Topo Data,NASA MODIS MOD13Q1.061 / Microsoft Planetary Computer,Open-Meteo ERA5-Land historical reanalysis
0.0,0.0,0.0,0.0,21.352,18.954,66.667,22.02,547.0,0.7943,7,0,background_non_event,23.57675683908131,93.03105635847999,2020-02-18,2020,NASA COOLR/GLC,USGS SRTM 90m via Open Topo Data,Sentinel-2 L2A / Microsoft Planetary Computer,Open-Meteo ERA5-Land historical reanalysis
0.0,0.0,0.0,0.0,42.135,6.763,92.542,35.88,2081.0,0.48797,1,0,background_non_event,28.256822826431108,93.61353244009969,2020-02-20,2020,NASA COOLR/GLC,USGS SRTM 90m via Open Topo Data,Sentinel-2 L2A / Microsoft Planetary Computer,Open-Meteo ERA5-Land historical reanalysis
0.0,0.0,0.0,0.0,30.254,-1.387,42.042,30.26,4139.0,0.09869,0,0,background_non_event,29.639824874001157,91.34478543097984,2020-02-20,2020,NASA COOLR/GLC,USGS SRTM 90m via Open Topo Data,Sentinel-2 L2A / Microsoft Planetary Computer,Open-Meteo ERA5-Land historical reanalysis
0.0,0.0,0.0,0.0,29.325,22.088,59.708,0.6,62.0,0.40897,16,0,background_non_event,26.481794598033474,91.77880464851478,2020-02-23,2020,NASA COOLR/GLC,USGS SRTM 90m via Open Topo Data,Sentinel-2 L2A / Microsoft Planetary Computer,Open-Meteo ERA5-Land historical reanalysis
0.0,0.0,0.0,0.0,43.794,10.938,78.875,36.54,1440.0,0.80405,0,0,background_non_event,26.956065667770254,96.76427132618637,2020-03-05,2020,NASA COOLR/GLC,USGS SRTM 90m via Open Topo Data,Sentinel-2 L2A / Microsoft Planetary Computer,Open-Meteo ERA5-Land historical reanalysis
0.0,0.0,0.0,0.0,39.121,18.604,90.083,13.73,240.0,0.75381,5,0,background_non_event,25.479661894000746,93.25389094420632,2020-03-07,2020,NASA COOLR/GLC,USGS SRTM 90m via Open Topo Data,Sentinel-2 L2A / Microsoft Planetary Computer,Open-Meteo ERA5-Land historical reanalysis
0.0,0.0,0.0,0.0,44.04,20.204,82.792,0.8,73.0,0.434,2,0,background_non_event,26.59618687608696,92.98973218299929,2020-03-08,2020,NASA COOLR/GLC,USGS SRTM 90m via Open Topo Data,NASA MODIS MOD13Q1.061 / Microsoft Planetary Computer,Open-Meteo ERA5-Land historical reanalysis
0.0,0.0,0.0,0.0,42.573,8.733,89.917,16.24,2174.0,0.80797,8,0,background_non_event,27.348307403122703,88.63141447591191,2020-03-10,2020,NASA COOLR/GLC,USGS SRTM 90m via Open Topo Data,Sentinel-2 L2A / Microsoft Planetary Computer,Open-Meteo ERA5-Land historical reanalysis
0.0,0.0,0.0,0.0,16.873,25.929,55.333,0.46,6.0,0.68769,0,0,background_non_event,23.532924613439867,89.25401026076078,2020-03-17,2020,NASA COOLR/GLC,USGS SRTM 90m via Open Topo Data,Sentinel-2 L2A / Microsoft Planetary Computer,Open-Meteo ERA5-Land historical reanalysis
0.0,0.0,0.0,0.0,37.913,17.696,66.375,27.67,814.0,0.85598,1,0,background_non_event,27.945550429991727,96.75043393830698,2020-03-20,2020,NASA COOLR/GLC,USGS SRTM 90m via Open Topo Data,Sentinel-2 L2A / Microsoft Planetary Computer,Open-Meteo ERA5-Land historical reanalysis
0.0,0.0,0.0,0.0,16.779,25.196,68.625,1.03,8.0,0.29258,0,0,background_non_event,23.0720709563938,88.92536717100955,2020-03-21,2020,NASA COOLR/GLC,USGS SRTM 90m via Open Topo Data,Sentinel-2 L2A / Microsoft Planetary Computer,Open-Meteo ERA5-Land historical reanalysis
0.0,0.0,0.0,0.0,16.221,20.938,62.208,31.3,559.0,0.74717,8,0,background_non_event,25.040161866792406,93.14401745638582,2020-03-21,2020,NASA COOLR/GLC,USGS SRTM 90m via Open Topo Data,Sentinel-2 L2A / Microsoft Planetary Computer,Open-Meteo ERA5-Land historical reanalysis
0.0,0.0,0.0,0.0,26.052,24.367,57.667,2.22,29.0,0.46897,6,0,background_non_event,24.70630091526262,92.42978800527248,2020-03-23,2020,NASA COOLR/GLC,USGS SRTM 90m via Open Topo Data,Sentinel-2 L2A / Microsoft Planetary Computer,Open-Meteo ERA5-Land historical reanalysis
0.0,0.0,0.0,0.0,15.335,19.633,56.875,29.87,789.0,0.43646,2,0,background_non_event,23.054559467956864,93.98377820283359,2020-03-24,2020,NASA COOLR/GLC,USGS SRTM 90m via Open Topo Data,Sentinel-2 L2A / Microsoft Planetary Computer,Open-Meteo ERA5-Land historical reanalysis
0.0,0.0,0.0,0.0,8.8,28.933,55.083,1.13,6.0,0.57709,0,0,background_non_event,23.1754501482997,90.55173637365993,2020-03-29,2020,NASA COOLR/GLC,USGS SRTM 90m via Open Topo Data,Sentinel-2 L2A / Microsoft Planetary Computer,Open-Meteo ERA5-Land historical reanalysis
0.0,0.0,0.0,0.0,30.188,-0.475,14.458,17.25,4724.0,0.17782,0,0,background_non_event,29.45613571088704,88.9368518134088,2020-03-29,2020,NASA COOLR/GLC,USGS SRTM 90m via Open Topo Data,Sentinel-2 L2A / Microsoft Planetary Computer,Open-Meteo ERA5-Land historical reanalysis
0.0,0.0,0.0,0.0,13.583,26.308,45.167,0.56,96.0,0.64659,3,0,background_non_event,26.67600781765291,88.80987656390869,2020-03-31,2020,NASA COOLR/GLC,USGS SRTM 90m via Open Topo Data,Sentinel-2 L2A / Microsoft Planetary Computer,Open-Meteo ERA5-Land historical reanalysis
0.0,0.0,0.0,0.0,41.029,6.096,75.792,16.06,3099.0,0.36903,0,0,background_non_event,27.456202239896136,89.21470581076667,2020-04-03,2020,NASA COOLR/GLC,USGS SRTM 90m via Open Topo Data,Sentinel-2 L2A / Microsoft Planetary Computer,Open-Meteo ERA5-Land historical reanalysis
0.0,0.0,0.0,0.0,14.24,28.95,50.458,1.0,17.0,0.56742,0,0,background_non_event,24.039096220615885,89.17582252910222,2020-04-05,2020,NASA COOLR/GLC,USGS SRTM 90m via Open Topo Data,Sentinel-2 L2A / Microsoft Planetary Computer,Open-Meteo ERA5-Land historical reanalysis
0.0,0.0,0.0,0.0,30.327,-2.917,43.0,20.06,4863.0,0.13231,0,0,background_non_event,29.232037063083084,89.69704817060259,2020-04-09,2020,NASA COOLR/GLC,USGS SRTM 90m via Open Topo Data,Sentinel-2 L2A / Microsoft Planetary Computer,Open-Meteo ERA5-Land historical reanalysis
0.0,0.0,0.0,0.0,14.771,27.387,81.167,0.71,3.0,0.03503,2,0,background_non_event,21.657855164773224,91.87963094597933,2020-04-10,2020,NASA COOLR/GLC,USGS SRTM 90m via Open Topo Data,Sentinel-2 L2A / Microsoft Planetary Computer,Open-Meteo ERA5-Land historical reanalysis
0.0,0.0,0.0,0.0,28.342,27.683,52.708,0.46,18.0,0.35735,7,0,background_non_event,24.965110407413622,92.40689126892406,2020-04-10,2020,NASA COOLR/GLC,USGS SRTM 90m via Open Topo Data,Sentinel-2 L2A / Microsoft Planetary Computer,Open-Meteo ERA5-Land historical reanalysis
0.0,0.0,0.0,0.0,27.5,26.971,52.417,0.66,50.0,0.58302,19,0,background_non_event,26.036885952878073,91.44212426567903,2020-04-10,2020,NASA COOLR/GLC,USGS SRTM 90m via Open Topo Data,Sentinel-2 L2A / Microsoft Planetary Computer,Open-Meteo ERA5-Land historical reanalysis
0.0,0.0,0.0,0.0,12.271,4.871,10.875,24.97,4077.0,0.0975,0,0,background_non_event,29.30363208095593,89.26287326258984,2020-04-12,2020,NASA COOLR/GLC,USGS SRTM 90m via Open Topo Data,Sentinel-2 L2A / Microsoft Planetary Computer,Open-Meteo ERA5-Land historical reanalysis
0.0,0.0,0.0,0.0,18.065,24.983,54.458,16.45,867.0,0.82996,7,0,background_non_event,23.71348036166092,92.86530085802443,2020-04-14,2020,NASA COOLR/GLC,USGS SRTM 90m via Open Topo Data,Sentinel-2 L2A / Microsoft Planetary Computer,Open-Meteo ERA5-Land historical reanalysis
0.0,0.0,0.0,0.0,34.819,7.842,55.417,6.15,3247.0,0.19661,0,0,background_non_event,29.134918653952116,92.6604146140297,2020-04-15,2020,NASA COOLR/GLC,USGS SRTM 90m via Open Topo Data,Sentinel-2 L2A / Microsoft Planetary Computer,Open-Meteo ERA5-Land historical reanalysis
0.0,0.0,0.0,0.0,23.213,-5.654,69.333,1.1,5346.0,0.1216,0,0,background_non_event,28.364534617396053,90.27793808921092,2020-04-16,2020,NASA COOLR/GLC,USGS SRTM 90m via Open Topo Data,NASA MODIS MOD13Q1.061 / Microsoft Planetary Computer,Open-Meteo ERA5-Land historical reanalysis
0.0,0.0,0.0,0.0,25.754,28.867,81.458,2.96,4.0,0.715,0,0,background_non_event,21.951792023287364,89.37393409331,2020-04-20,2020,NASA COOLR/GLC,USGS SRTM 90m via Open Topo Data,Sentinel-2 L2A / Microsoft Planetary Computer,Open-Meteo ERA5-Land historical reanalysis
0.0,0.0,0.0,0.0,17.092,22.308,81.333,0.8,773.0,0.17175,5,0,background_non_event,24.599776901285935,93.92984933158542,2020-04-21,2020,NASA COOLR/GLC,USGS SRTM 90m via Open Topo Data,Sentinel-2 L2A / Microsoft Planetary Computer,Open-Meteo ERA5-Land historical reanalysis
0.0,0.0,0.0,0.0,48.198,26.671,84.417,0.58,6.0,0.60216,0,0,background_non_event,21.758032712782693,88.93431635984335,2020-04-29,2020,NASA COOLR/GLC,USGS SRTM 90m via Open Topo Data,Sentinel-2 L2A / Microsoft Planetary Computer,Open-Meteo ERA5-Land historical reanalysis
0.0,0.0,0.0,0.0,44.344,25.075,76.167,4.93,224.0,0.70643,0,0,background_non_event,25.425897414146203,95.70291349371419,2020-05-01,2020,NASA COOLR/GLC,USGS SRTM 90m via Open Topo Data,Sentinel-2 L2A / Microsoft Planetary Computer,Open-Meteo ERA5-Land historical reanalysis
0.0,0.0,0.0,0.0,44.14,25.333,82.25,2.7,163.0,0.53901,0,0,background_non_event,25.972511272902572,93.3410712072164,2020-05-03,2020,NASA COOLR/GLC,USGS SRTM 90m via Open Topo Data,Sentinel-2 L2A / Microsoft Planetary Computer,Open-Meteo ERA5-Land historical reanalysis
0.0,0.0,0.0,0.0,41.485,26.675,77.083,0.76,15.0,0.41385,6,0,background_non_event,24.64998179440381,92.45911592163908,2020-05-07,2020,NASA COOLR/GLC,USGS SRTM 90m via Open Topo Data,Sentinel-2 L2A / Microsoft Planetary Computer,Open-Meteo ERA5-Land historical reanalysis
0.0,0.0,0.0,0.0,42.21,0.438,79.333,30.98,4311.0,0.0016,0,0,background_non_event,29.29450697982262,94.80412854702149,2020-05-10,2020,NASA COOLR/GLC,USGS SRTM 90m via Open Topo Data,NASA MODIS MOD13Q1.061 / Microsoft Planetary Computer,Open-Meteo ERA5-Land historical reanalysis
0.0,0.0,0.0,0.0,42.906,6.6,94.917,24.54,3210.0,0.0612,3,0,background_non_event,27.730637420599,88.57498727788364,2020-05-15,2020,NASA COOLR/GLC,USGS SRTM 90m via Open Topo Data,NASA MODIS MOD13Q1.061 / Microsoft Planetary Computer,Open-Meteo ERA5-Land historical reanalysis
0.0,0.0,0.0,0.0,24.467,29.925,79.417,1.49,4.0,-0.28632,0,0,background_non_event,22.59194570799038,90.97818193782936,2020-05-16,2020,NASA COOLR/GLC,USGS SRTM 90m via Open Topo Data,Sentinel-2 L2A / Microsoft Planetary Computer,Open-Meteo ERA5-Land historical reanalysis
0.0,0.0,0.0,0.0,27.685,24.879,58.833,15.64,1203.0,0.36384,2,0,background_non_event,22.99569484252575,93.77244592061625,2020-05-17,2020,NASA COOLR/GLC,USGS SRTM 90m via Open Topo Data,Sentinel-2 L2A / Microsoft Planetary Computer,Open-Meteo ERA5-Land historical reanalysis
0.0,0.0,0.0,0.0,40.183,25.246,84.75,0.33,28.0,0.51814,1,0,background_non_event,25.725163903091783,89.53613942236932,2020-05-20,2020,NASA COOLR/GLC,USGS SRTM 90m via Open Topo Data,Sentinel-2 L2A / Microsoft Planetary Computer,Open-Meteo ERA5-Land historical reanalysis
0.0,0.0,0.0,0.0,47.256,25.521,86.417,0.0,8.0,0.63026,0,0,background_non_event,24.61870968879079,89.69490658292963,2020-05-21,2020,NASA COOLR/GLC,USGS SRTM 90m via Open Topo Data,Sentinel-2 L2A / Microsoft Planetary Computer,Open-Meteo ERA5-Land historical reanalysis
0.0,0.0,0.0,0.0,38.275,27.271,84.792,1.14,12.0,0.76985,0,0,background_non_event,23.941391971418525,89.81128009611176,2020-05-22,2020,NASA COOLR/GLC,USGS SRTM 90m via Open Topo Data,Sentinel-2 L2A / Microsoft Planetary Computer,Open-Meteo ERA5-Land historical reanalysis
0.0,0.0,0.0,0.0,47.215,23.95,86.917,8.01,460.0,0.08786,10,0,background_non_event,26.50020888583691,94.43118129189065,2020-05-22,2020,NASA COOLR/GLC,USGS SRTM 90m via Open Topo Data,Sentinel-2 L2A / Microsoft Planetary Computer,Open-Meteo ERA5-Land historical reanalysis
0.0,0.0,0.0,0.0,45.575,25.292,86.708,1.02,56.0,0.5425,0,0,background_non_event,26.51270633919685,90.61050526098614,2020-05-23,2020,NASA COOLR/GLC,USGS SRTM 90m via Open Topo Data,NASA MODIS MOD13Q1.061 / Microsoft Planetary Computer,Open-Meteo ERA5-Land historical reanalysis
0.0,0.0,0.0,0.0,41.867,-0.142,92.458,29.7,4917.0,0.551,0,0,background_non_event,29.401890241005887,92.133409626175,2020-05-23,2020,NASA COOLR/GLC,USGS SRTM 90m via Open Topo Data,NASA MODIS MOD13Q1.061 / Microsoft Planetary Computer,Open-Meteo ERA5-Land historical reanalysis
0.0,0.0,0.0,0.0,32.269,26.021,79.458,22.23,403.0,0.5766,6,0,background_non_event,24.479623723541945,93.2364185491157,2020-05-25,2020,NASA COOLR/GLC,USGS SRTM 90m via Open Topo Data,NASA MODIS MOD13Q1.061 / Microsoft Planetary Computer,Open-Meteo ERA5-Land historical reanalysis
0.0,0.0,0.0,0.0,45.071,28.137,83.792,1.17,7.0,0.3797,0,0,background_non_event,21.705666130946614,89.2615227294763,2020-05-28,2020,NASA COOLR/GLC,USGS SRTM 90m via Open Topo Data,NASA MODIS MOD13Q1.061 / Microsoft Planetary Computer,Open-Meteo ERA5-Land historical reanalysis
0.0,0.0,0.0,0.0,35.548,24.154,78.083,5.49,765.0,0.30485,0,0,background_non_event,22.27587401760906,94.31832473795504,2020-05-29,2020,NASA COOLR/GLC,USGS SRTM 90m via Open Topo Data,Sentinel-2 L2A / Microsoft Planetary Computer,Open-Meteo ERA5-Land historical reanalysis
0.0,0.0,0.0,0.0,41.69,24.692,87.083,11.84,484.0,-0.03629,0,0,background_non_event,22.529219620042767,94.43244152362713,2020-05-29,2020,NASA COOLR/GLC,USGS SRTM 90m via Open Topo Data,Sentinel-2 L2A / Microsoft Planetary Computer,Open-Meteo ERA5-Land historical reanalysis
0.0,0.0,0.0,0.0,36.579,18.354,85.792,18.75,1541.0,0.37554,1,0,background_non_event,22.40093635193233,93.2786312298311,2020-05-30,2020,NASA COOLR/GLC,USGS SRTM 90m via Open Topo Data,Sentinel-2 L2A / Microsoft Planetary Computer,Open-Meteo ERA5-Land historical reanalysis
0.0,0.0,0.0,0.0,40.283,28.754,85.0,0.54,3.0,0.3905,0,0,background_non_event,23.181328371791146,90.05707642308832,2020-06-07,2020,NASA COOLR/GLC,USGS SRTM 90m via Open Topo Data,NASA MODIS MOD13Q1.061 / Microsoft Planetary Computer,Open-Meteo ERA5-Land historical reanalysis
0.0,0.0,0.0,0.0,35.471,29.938,79.5,0.62,34.0,0.2471,0,0,background_non_event,25.20337140128924,88.38117485885977,2020-06-10,2020,NASA COOLR/GLC,USGS SRTM 90m via Open Topo Data,NASA MODIS MOD13Q1.061 / Microsoft Planetary Computer,Open-Meteo ERA5-Land historical reanalysis
0.0,0.0,0.0,0.0,42.356,19.667,93.75,24.9,1572.0,0.419,0,0,background_non_event,27.027721417145173,90.7305696308088,2020-06-14,2020,NASA COOLR/GLC,USGS SRTM 90m via Open Topo Data,NASA MODIS MOD13Q1.061 / Microsoft Planetary Computer,Open-Meteo ERA5-Land historical reanalysis
0.0,0.0,0.0,0.0,42.894,17.529,96.125,33.98,1840.0,0.0279,0,0,background_non_event,27.590728693361047,92.66461994668283,2020-06-18,2020,NASA COOLR/GLC,USGS SRTM 90m via Open Topo Data,NASA MODIS MOD13Q1.061 / Microsoft Planetary Computer,Open-Meteo ERA5-Land historical reanalysis
0.0,0.0,0.0,0.0,42.648,25.713,94.125,12.13,87.0,0.8794,7,0,background_non_event,24.690446287518995,93.14856748616616,2020-06-19,2020,NASA COOLR/GLC,USGS SRTM 90m via Open Topo Data,NASA MODIS MOD13Q1.061 / Microsoft Planetary Computer,Open-Meteo ERA5-Land historical reanalysis
0.0,0.0,0.0,0.0,41.646,16.896,91.083,34.42,2612.0,0.5388,0,0,background_non_event,28.335796444235807,97.07379307780451,2020-06-20,2020,NASA COOLR/GLC,USGS SRTM 90m via Open Topo Data,NASA MODIS MOD13Q1.061 / Microsoft Planetary Computer,Open-Meteo ERA5-Land historical reanalysis
0.0,0.0,0.0,0.0,45.369,28.833,71.542,5.15,240.0,0.6979,0,0,background_non_event,23.75228244615451,95.29741640746,2020-06-21,2020,NASA COOLR/GLC,USGS SRTM 90m via Open Topo Data,NASA MODIS MOD13Q1.061 / Microsoft Planetary Computer,Open-Meteo ERA5-Land historical reanalysis
0.0,0.0,0.0,0.0,34.529,27.887,87.583,1.06,9.0,0.5979,0,0,background_non_event,22.73501234607161,90.58992536056442,2020-06-22,2020,NASA COOLR/GLC,USGS SRTM 90m via Open Topo Data,NASA MODIS MOD13Q1.061 / Microsoft Planetary Computer,Open-Meteo ERA5-Land historical reanalysis
0.0,0.0,0.0,0.0,48.102,27.671,85.417,0.87,121.0,0.7603,0,0,background_non_event,27.535753505907074,95.14971447149084,2020-06-22,2020,NASA COOLR/GLC,USGS SRTM 90m via Open Topo Data,NASA MODIS MOD13Q1.061 / Microsoft Planetary Computer,Open-Meteo ERA5-Land historical reanalysis
0.0,0.0,0.0,0.0,49.642,26.75,92.542,9.91,180.0,0.8646,8,0,background_non_event,25.1824135276388,91.70676819824159,2020-06-24,2020,NASA COOLR/GLC,USGS SRTM 90m via Open Topo Data,NASA MODIS MOD13Q1.061 / Microsoft Planetary Computer,Open-Meteo ERA5-Land historical reanalysis
0.0,0.0,0.0,0.0,37.177,28.4,84.833,1.11,13.0,0.7085,1,0,background_non_event,23.190884460816633,91.22577100618985,2020-06-26,2020,NASA COOLR/GLC,USGS SRTM 90m via Open Topo Data,NASA MODIS MOD13Q1.061 / Microsoft Planetary Computer,Open-Meteo ERA5-Land historical reanalysis
0.0,0.0,0.0,0.0,44.844,23.85,81.083,3.44,1028.0,0.53098,0,0,background_non_event,22.25565327772288,96.44252977221706,2020-06-30,2020,NASA COOLR/GLC,USGS SRTM 90m via Open Topo Data,Sentinel-2 L2A / Microsoft Planetary Computer,Open-Meteo ERA5-Land historical reanalysis
0.0,0.0,0.0,0.0,42.135,6.938,92.792,22.92,4478.0,0.6758,5,0,background_non_event,27.49122313456511,88.86178536869534,2020-06-30,2020,NASA COOLR/GLC,USGS SRTM 90m via Open Topo Data,NASA MODIS MOD13Q1.061 / Microsoft Planetary Computer,Open-Meteo ERA5-Land historical reanalysis
0.0,0.0,0.0,0.0,41.46,20.579,89.417,14.66,1266.0,0.5196,1,0,background_non_event,28.089146060606044,94.8912480312027,2020-06-30,2020,NASA COOLR/GLC,USGS SRTM 90m via Open Topo Data,NASA MODIS MOD13Q1.061 / Microsoft Planetary Computer,Open-Meteo ERA5-Land historical reanalysis
0.0,0.0,0.0,0.0,38.196,26.996,87.708,1.61,144.0,0.6579,0,0,background_non_event,23.12997288536542,95.9372627095095,2020-07-01,2020,NASA COOLR/GLC,USGS SRTM 90m via Open Topo Data,NASA MODIS MOD13Q1.061 / Microsoft Planetary Computer,Open-Meteo ERA5-Land historical reanalysis
0.0,0.0,0.0,0.0,48.894,19.762,87.0,25.63,1745.0,0.614,2,0,background_non_event,26.44960958908517,95.22655817807896,2020-07-01,2020,NASA COOLR/GLC,USGS SRTM 90m via Open Topo Data,NASA MODIS MOD13Q1.061 / Microsoft Planetary Computer,Open-Meteo ERA5-Land historical reanalysis
0.0,0.0,0.0,0.0,42.638,18.787,98.417,42.14,2144.0,0.0316,4,0,background_non_event,27.18068301849727,92.09605438484934,2020-07-06,2020,NASA COOLR/GLC,USGS SRTM 90m via Open Topo Data,NASA MODIS MOD13Q1.061 / Microsoft Planetary Computer,Open-Meteo ERA5-Land historical reanalysis
0.0,0.0,0.0,0.0,48.844,26.046,95.875,0.64,12.0,0.3236,7,0,background_non_event,25.051304711817806,92.06439215598978,2020-07-08,2020,NASA COOLR/GLC,USGS SRTM 90m via Open Topo Data,NASA MODIS MOD13Q1.061 / Microsoft Planetary Computer,Open-Meteo ERA5-Land historical reanalysis
0.0,0.0,0.0,0.0,42.721,25.725,94.375,1.75,84.0,0.715,10,0,background_non_event,22.879153576365617,91.90171533184936,2020-07-09,2020,NASA COOLR/GLC,USGS SRTM 90m via Open Topo Data,NASA MODIS MOD13Q1.061 / Microsoft Planetary Computer,Open-Meteo ERA5-Land historical reanalysis
0.0,0.0,0.0,0.0,36.117,6.462,85.25,12.14,4710.0,0.10677,0,0,background_non_event,28.42118659118543,88.50980641209372,2020-07-09,2020,NASA COOLR/GLC,USGS SRTM 90m via Open Topo Data,Sentinel-2 L2A / Microsoft Planetary Computer,Open-Meteo ERA5-Land historical reanalysis
0.0,0.0,0.0,0.0,49.238,26.029,93.333,1.33,148.0,0.8331,0,0,background_non_event,27.387664663387582,95.75706555564017,2020-07-10,2020,NASA COOLR/GLC,USGS SRTM 90m via Open Topo Data,NASA MODIS MOD13Q1.061 / Microsoft Planetary Computer,Open-Meteo ERA5-Land historical reanalysis
0.0,0.0,0.0,0.0,48.146,27.771,85.875,5.02,284.0,0.717,0,0,background_non_event,24.47950772987648,95.51786992008925,2020-07-17,2020,NASA COOLR/GLC,USGS SRTM 90m via Open Topo Data,NASA MODIS MOD13Q1.061 / Microsoft Planetary Computer,Open-Meteo ERA5-Land historical reanalysis
0.0,0.0,0.0,0.0,41.281,23.942,97.917,31.84,388.0,0.86159,0,0,background_non_event,26.912234020537316,90.9144157119425,2020-07-20,2020,NASA COOLR/GLC,USGS SRTM 90m via Open Topo Data,Sentinel-2 L2A / Microsoft Planetary Computer,Open-Meteo ERA5-Land historical reanalysis
0.0,0.0,0.0,0.0,41.417,9.058,76.042,20.75,4558.0,0.29156,0,0,background_non_event,29.11606142668095,89.70363876202893,2020-07-28,2020,NASA COOLR/GLC,USGS SRTM 90m via Open Topo Data,Sentinel-2 L2A / Microsoft Planetary Computer,Open-Meteo ERA5-Land historical reanalysis
0.0,0.0,0.0,0.0,40.171,0.85,80.208,19.05,5805.0,-0.00318,0,0,background_non_event,29.468729483012922,89.91057066804163,2020-08-02,2020,NASA COOLR/GLC,USGS SRTM 90m via Open Topo Data,Sentinel-2 L2A / Microsoft Planetary Computer,Open-Meteo ERA5-Land historical reanalysis
0.0,0.0,0.0,0.0,41.269,29.421,85.708,0.83,12.0,0.4565,0,0,background_non_event,24.683819088411195,90.74793870194598,2020-08-04,2020,NASA COOLR/GLC,USGS SRTM 90m via Open Topo Data,NASA MODIS MOD13Q1.061 / Microsoft Planetary Computer,Open-Meteo ERA5-Land historical reanalysis
0.0,0.0,0.0,0.0,41.36,3.867,86.042,13.81,5452.0,0.03896,0,0,background_non_event,28.646018986498213,90.0812319800663,2020-08-09,2020,NASA COOLR/GLC,USGS SRTM 90m via Open Topo Data,Sentinel-2 L2A / Microsoft Planetary Computer,Open-Meteo ERA5-Land historical reanalysis
0.0,0.0,0.0,0.0,39.573,29.037,84.458,0.63,16.0,0.10035,0,0,background_non_event,23.680253062977556,88.94887069491963,2020-08-12,2020,NASA COOLR/GLC,USGS SRTM 90m via Open Topo Data,Sentinel-2 L2A / Microsoft Planetary Computer,Open-Meteo ERA5-Land historical reanalysis
0.0,0.0,0.0,0.0,42.835,15.725,99.083,31.02,2459.0,0.32674,0,0,background_non_event,27.731625250957467,91.06953967685632,2020-08-12,2020,NASA COOLR/GLC,USGS SRTM 90m via Open Topo Data,Sentinel-2 L2A / Microsoft Planetary Computer,Open-Meteo ERA5-Land historical reanalysis
0.0,0.0,0.0,0.0,42.154,4.562,88.5,11.98,5145.0,0.50934,0,0,background_non_event,29.216256468084612,93.00109254599974,2020-08-12,2020,NASA COOLR/GLC,USGS SRTM 90m via Open Topo Data,Sentinel-2 L2A / Microsoft Planetary Computer,Open-Meteo ERA5-Land historical reanalysis
0.0,0.0,0.0,0.0,47.727,25.171,82.25,23.71,653.0,0.14107,0,0,background_non_event,24.13441441605684,95.62891921005209,2020-08-14,2020,NASA COOLR/GLC,USGS SRTM 90m via Open Topo Data,Sentinel-2 L2A / Microsoft Planetary Computer,Open-Meteo ERA5-Land historical reanalysis
0.0,0.0,0.0,0.0,48.206,23.579,85.458,17.3,607.0,0.36236,0,0,background_non_event,23.687108436748535,95.95403525649714,2020-08-15,2020,NASA COOLR/GLC,USGS SRTM 90m via Open Topo Data,Sentinel-2 L2A / Microsoft Planetary Computer,Open-Meteo ERA5-Land historical reanalysis
0.0,0.0,0.0,0.0,48.577,21.463,99.25,19.66,963.0,0.86022,0,0,background_non_event,23.814906202182748,97.28825059451644,2020-08-17,2020,NASA COOLR/GLC,USGS SRTM 90m via Open Topo Data,Sentinel-2 L2A / Microsoft Planetary Computer,Open-Meteo ERA5-Land historical reanalysis
0.0,0.0,0.0,0.0,42.65,19.183,98.583,12.66,1275.0,0.7726,0,0,background_non_event,22.389081022986115,93.04985252145269,2020-08-19,2020,NASA COOLR/GLC,USGS SRTM 90m via Open Topo Data,NASA MODIS MOD13Q1.061 / Microsoft Planetary Computer,Open-Meteo ERA5-Land historical reanalysis
0.0,0.0,0.0,0.0,37.725,7.85,57.875,18.33,4831.0,0.62591,0,0,background_non_event,29.487369586086132,88.46887541261871,2020-08-20,2020,NASA COOLR/GLC,USGS SRTM 90m via Open Topo Data,Sentinel-2 L2A / Microsoft Planetary Computer,Open-Meteo ERA5-Land historical reanalysis
0.0,0.0,0.0,0.0,44.54,27.721,82.875,2.25,174.0,0.38099,0,0,background_non_event,22.187609163046357,94.71082602488202,2020-08-21,2020,NASA COOLR/GLC,USGS SRTM 90m via Open Topo Data,Sentinel-2 L2A / Microsoft Planetary Computer,Open-Meteo ERA5-Land historical reanalysis
0.0,0.0,0.0,0.0,42.312,18.65,93.583,41.16,1368.0,0.7056,5,0,background_non_event,24.154133940964652,93.38967852912992,2020-08-21,2020,NASA COOLR/GLC,USGS SRTM 90m via Open Topo Data,NASA MODIS MOD13Q1.061 / Microsoft Planetary Computer,Open-Meteo ERA5-Land historical reanalysis
0.0,0.0,0.0,0.0,42.604,26.3,93.875,0.5,4.0,-0.01358,0,0,background_non_event,22.74872579053764,89.81492422921714,2020-08-22,2020,NASA COOLR/GLC,USGS SRTM 90m via Open Topo Data,Sentinel-2 L2A / Microsoft Planetary Computer,Open-Meteo ERA5-Land historical reanalysis
0.0,0.0,0.0,0.0,37.271,18.646,83.458,29.24,2622.0,0.89836,0,0,background_non_event,29.11140181391785,96.48670293787818,2020-08-22,2020,NASA COOLR/GLC,USGS SRTM 90m via Open Topo Data,Sentinel-2 L2A / Microsoft Planetary Computer,Open-Meteo ERA5-Land historical reanalysis
0.0,0.0,0.0,0.0,36.406,7.704,70.667,31.83,4758.0,0.46962,0,0,background_non_event,29.394680216775395,88.32704515973326,2020-08-22,2020,NASA COOLR/GLC,USGS SRTM 90m via Open Topo Data,Sentinel-2 L2A / Microsoft Planetary Computer,Open-Meteo ERA5-Land historical reanalysis
0.0,0.0,0.0,0.0,38.942,28.904,84.167,0.89,39.0,0.1077,0,0,background_non_event,26.142201121662673,89.47808390812972,2020-08-24,2020,NASA COOLR/GLC,USGS SRTM 90m via Open Topo Data,NASA MODIS MOD13Q1.061 / Microsoft Planetary Computer,Open-Meteo ERA5-Land historical reanalysis
0.0,0.0,0.0,0.0,39.24,15.217,82.125,45.6,3305.0,0.76481,0,0,background_non_event,29.09850000592837,93.09224285756893,2020-08-24,2020,NASA COOLR/GLC,USGS SRTM 90m via Open Topo Data,Sentinel-2 L2A / Microsoft Planetary Computer,Open-Meteo ERA5-Land historical reanalysis
0.0,0.0,0.0,0.0,47.887,29.588,77.792,1.05,123.0,0.6773,0,0,background_non_event,27.71294128322876,95.43811381918606,2020-08-26,2020,NASA COOLR/GLC,USGS SRTM 90m via Open Topo Data,Sentinel-2 L2A / Microsoft Planetary Computer,Open-Meteo ERA5-Land historical reanalysis
0.0,0.0,0.0,0.0,47.373,23.621,81.375,29.79,757.0,-0.0175,0,0,background_non_event,22.824100935814506,96.12785933741252,2020-08-27,2020,NASA COOLR/GLC,USGS SRTM 90m via Open Topo Data,Sentinel-2 L2A / Microsoft Planetary Computer,Open-Meteo ERA5-Land historical reanalysis
0.0,0.0,0.0,0.0,44.06,23.158,96.792,28.31,797.0,0.8771,3,0,background_non_event,26.749795499879106,89.76363884369134,2020-08-31,2020,NASA COOLR/GLC,USGS SRTM 90m via Open Topo Data,NASA MODIS MOD13Q1.061 / Microsoft Planetary Computer,Open-Meteo ERA5-Land historical reanalysis
0.0,0.0,0.0,0.0,41.617,17.35,87.375,23.46,2422.0,0.87231,0,0,background_non_event,28.586505525232337,94.37260295061606,2020-09-01,2020,NASA COOLR/GLC,USGS SRTM 90m via Open Topo Data,Sentinel-2 L2A / Microsoft Planetary Computer,Open-Meteo ERA5-Land historical reanalysis
0.0,0.0,0.0,0.0,48.494,23.0,89.75,36.07,867.0,0.7213,1,0,background_non_event,27.89642236592629,96.44469930257691,2020-09-04,2020,NASA COOLR/GLC,USGS SRTM 90m via Open Topo Data,NASA MODIS MOD13Q1.061 / Microsoft Planetary Computer,Open-Meteo ERA5-Land historical reanalysis
0.0,0.0,0.0,0.0,42.765,17.483,98.042,40.44,1930.0,0.87192,0,0,background_non_event,29.04135597158365,95.80980058471283,2020-09-04,2020,NASA COOLR/GLC,USGS SRTM 90m via Open Topo Data,Sentinel-2 L2A / Microsoft Planetary Computer,Open-Meteo ERA5-Land historical reanalysis
0.0,0.0,0.0,0.0,39.99,27.429,89.167,0.86,68.0,0.8023,0,0,background_non_event,26.22682639279589,88.60133136578818,2020-09-05,2020,NASA COOLR/GLC,USGS SRTM 90m via Open Topo Data,NASA MODIS MOD13Q1.061 / Microsoft Planetary Computer,Open-Meteo ERA5-Land historical reanalysis
0.0,0.0,0.0,0.0,42.773,17.463,99.25,34.09,2196.0,0.8909,3,0,background_non_event,27.229622468282123,88.99934981817346,2020-09-07,2020,NASA COOLR/GLC,USGS SRTM 90m via Open Topo Data,NASA MODIS MOD13Q1.061 / Microsoft Planetary Computer,Open-Meteo ERA5-Land historical reanalysis
0.0,0.0,0.0,0.0,43.79,26.967,87.417,7.47,59.0,0.49472,6,0,background_non_event,24.59722003857728,92.37326147988665,2020-09-11,2020,NASA COOLR/GLC,USGS SRTM 90m via Open Topo Data,Sentinel-2 L2A / Microsoft Planetary Computer,Open-Meteo ERA5-Land historical reanalysis
0.0,0.0,0.0,0.0,42.481,26.667,91.167,0.48,8.0,-0.08527,1,0,background_non_event,25.024438262977093,90.97357796720516,2020-09-11,2020,NASA COOLR/GLC,USGS SRTM 90m via Open Topo Data,Sentinel-2 L2A / Microsoft Planetary Computer,Open-Meteo ERA5-Land historical reanalysis
0.0,0.0,0.0,0.0,48.84,28.717,82.542,0.0,0.0,-0.15093,0,0,background_non_event,21.766087651541973,90.23338289561897,2020-09-13,2020,NASA COOLR/GLC,USGS SRTM 90m via Open Topo Data,Sentinel-2 L2A / Microsoft Planetary Computer,Open-Meteo ERA5-Land historical reanalysis
0.0,0.0,0.0,0.0,48.133,25.233,96.25,17.41,450.0,0.8459,0,0,background_non_event,24.161636675043436,95.57365956031205,2020-09-13,2020,NASA COOLR/GLC,USGS SRTM 90m via Open Topo Data,Sentinel-2 L2A / Microsoft Planetary Computer,Open-Meteo ERA5-Land historical reanalysis
0.0,0.0,0.0,0.0,39.556,28.733,84.792,0.96,27.0,0.6167,0,0,background_non_event,24.50011266253037,88.2158257204399,2020-09-13,2020,NASA COOLR/GLC,USGS SRTM 90m via Open Topo Data,NASA MODIS MOD13Q1.061 / Microsoft Planetary Computer,Open-Meteo ERA5-Land historical reanalysis
0.0,0.0,0.0,0.0,41.158,26.579,90.208,0.38,51.0,0.694,0,0,background_non_event,26.549349098839375,91.27886246678432,2020-09-14,2020,NASA COOLR/GLC,USGS SRTM 90m via Open Topo Data,Sentinel-2 L2A / Microsoft Planetary Computer,Open-Meteo ERA5-Land historical reanalysis
0.0,0.0,0.0,0.0,42.333,26.85,93.083,0.84,14.0,0.7037,0,0,background_non_event,24.744605525144657,90.97747601237023,2020-09-17,2020,NASA COOLR/GLC,USGS SRTM 90m via Open Topo Data,Sentinel-2 L2A / Microsoft Planetary Computer,Open-Meteo ERA5-Land historical reanalysis
0.0,0.0,0.0,0.0,41.71,18.396,80.792,39.02,2018.0,0.11881,0,0,background_non_event,29.019677302149013,94.4949650863037,2020-09-20,2020,NASA COOLR/GLC,USGS SRTM 90m via Open Topo Data,Sentinel-2 L2A / Microsoft Planetary Computer,Open-Meteo ERA5-Land historical reanalysis
0.0,0.0,0.0,0.0,42.044,24.625,95.792,22.97,266.0,0.58406,6,0,background_non_event,24.90524662008721,93.40955695716538,2020-09-24,2020,NASA COOLR/GLC,USGS SRTM 90m via Open Topo Data,Sentinel-2 L2A / Microsoft Planetary Computer,Open-Meteo ERA5-Land historical reanalysis
0.0,0.0,0.0,0.0,47.977,26.458,84.208,0.7,111.0,0.82071,0,0,background_non_event,27.387127957561905,95.12422356250586,2020-09-28,2020,NASA COOLR/GLC,USGS SRTM 90m via Open Topo Data,Sentinel-2 L2A / Microsoft Planetary Computer,Open-Meteo ERA5-Land historical reanalysis
0.0,0.0,0.0,0.0,47.675,25.746,91.75,7.15,360.0,0.82657,0,0,background_non_event,23.489076824755657,94.79506301655061,2020-09-30,2020,NASA COOLR/GLC,USGS SRTM 90m via Open Topo Data,Sentinel-2 L2A / Microsoft Planetary Computer,Open-Meteo ERA5-Land historical reanalysis
0.0,0.0,0.0,0.0,38.833,28.633,86.167,0.65,18.0,0.36823,0,0,background_non_event,24.480554497352795,88.6694877113842,2020-09-30,2020,NASA COOLR/GLC,USGS SRTM 90m via Open Topo Data,Sentinel-2 L2A / Microsoft Planetary Computer,Open-Meteo ERA5-Land historical reanalysis
0.0,0.0,0.0,0.0,42.202,26.521,91.917,0.44,17.0,0.77044,0,0,background_non_event,25.042789345885982,89.91148236840837,2020-10-07,2020,NASA COOLR/GLC,USGS SRTM 90m via Open Topo Data,Sentinel-2 L2A / Microsoft Planetary Computer,Open-Meteo ERA5-Land historical reanalysis
0.0,0.0,0.0,0.0,39.09,18.846,87.625,41.7,1450.0,0.89839,1,0,background_non_event,28.044857711167055,96.6573118984776,2020-10-11,2020,NASA COOLR/GLC,USGS SRTM 90m via Open Topo Data,Sentinel-2 L2A / Microsoft Planetary Computer,Open-Meteo ERA5-Land historical reanalysis
0.0,0.0,0.0,0.0,36.169,10.292,60.833,10.12,3853.0,0.26364,0,0,background_non_event,29.329214182098,92.25913273127546,2020-10-12,2020,NASA COOLR/GLC,USGS SRTM 90m via Open Topo Data,Sentinel-2 L2A / Microsoft Planetary Computer,Open-Meteo ERA5-Land historical reanalysis
0.0,0.0,0.0,0.0,29.365,7.263,58.083,25.46,4312.0,0.26657,0,0,background_non_event,29.118898730392367,89.43256021503562,2020-10-13,2020,NASA COOLR/GLC,USGS SRTM 90m via Open Topo Data,Sentinel-2 L2A / Microsoft Planetary Computer,Open-Meteo ERA5-Land historical reanalysis
0.0,0.0,0.0,0.0,31.738,5.112,52.833,30.52,4374.0,0.30134,0,0,background_non_event,29.295805363106982,91.96745086788418,2020-10-19,2020,NASA COOLR/GLC,USGS SRTM 90m via Open Topo Data,Sentinel-2 L2A / Microsoft Planetary Computer,Open-Meteo ERA5-Land historical reanalysis
0.0,0.0,0.0,0.0,29.877,-0.192,62.5,29.45,5104.0,0.13516,0,0,background_non_event,29.056213960063335,89.8240763192263,2020-10-20,2020,NASA COOLR/GLC,USGS SRTM 90m via Open Topo Data,Sentinel-2 L2A / Microsoft Planetary Computer,Open-Meteo ERA5-Land historical reanalysis
0.0,0.0,0.0,0.0,45.931,24.963,96.458,25.29,156.0,0.91425,0,0,background_non_event,21.68963255205684,92.95623682140084,2020-10-21,2020,NASA COOLR/GLC,USGS SRTM 90m via Open Topo Data,Sentinel-2 L2A / Microsoft Planetary Computer,Open-Meteo ERA5-Land historical reanalysis
0.0,0.0,0.0,0.0,40.225,26.525,88.125,0.72,7.0,0.8074,0,0,background_non_event,22.332441637435764,90.46381597137001,2020-10-21,2020,NASA COOLR/GLC,USGS SRTM 90m via Open Topo Data,Sentinel-2 L2A / Microsoft Planetary Computer,Open-Meteo ERA5-Land historical reanalysis
0.0,0.0,0.0,0.0,33.965,10.796,63.208,18.9,2344.0,0.87983,4,0,background_non_event,27.584358769315514,91.4127104864767,2020-10-31,2020,NASA COOLR/GLC,USGS SRTM 90m via Open Topo Data,Sentinel-2 L2A / Microsoft Planetary Computer,Open-Meteo ERA5-Land historical reanalysis
0.0,0.0,0.0,0.0,49.131,20.363,97.375,14.26,663.0,0.90382,0,0,background_non_event,26.558033499628202,97.46060308599053,2020-11-02,2020,NASA COOLR/GLC,USGS SRTM 90m via Open Topo Data,Sentinel-2 L2A / Microsoft Planetary Computer,Open-Meteo ERA5-Land historical reanalysis
0.0,0.0,0.0,0.0,41.067,10.233,88.25,18.42,2227.0,0.88489,0,0,background_non_event,27.62427114525156,92.63617776424793,2020-11-02,2020,NASA COOLR/GLC,USGS SRTM 90m via Open Topo Data,Sentinel-2 L2A / Microsoft Planetary Computer,Open-Meteo ERA5-Land historical reanalysis
0.0,0.0,0.0,0.0,31.644,0.242,72.708,4.28,4767.0,0.09682,0,0,background_non_event,28.175316576287543,88.54708631932802,2020-11-02,2020,NASA COOLR/GLC,USGS SRTM 90m via Open Topo Data,Sentinel-2 L2A / Microsoft Planetary Computer,Open-Meteo ERA5-Land historical reanalysis
0.0,0.0,0.0,0.0,38.292,23.092,75.625,1.21,8.0,0.84187,0,0,background_non_event,22.733456705981915,89.95802783011123,2020-11-05,2020,NASA COOLR/GLC,USGS SRTM 90m via Open Topo Data,Sentinel-2 L2A / Microsoft Planetary Computer,Open-Meteo ERA5-Land historical reanalysis
0.0,0.0,0.0,0.0,40.327,-1.867,86.125,34.39,4127.0,0.55145,0,0,background_non_event,28.49795342979653,93.04419082729561,2020-11-05,2020,NASA COOLR/GLC,USGS SRTM 90m via Open Topo Data,Sentinel-2 L2A / Microsoft Planetary Computer,Open-Meteo ERA5-Land historical reanalysis
0.0,0.0,0.0,0.0,23.054,-3.992,59.083,27.9,4828.0,0.0887,0,0,background_non_event,28.369545562592506,92.06218167824204,2020-11-06,2020,NASA COOLR/GLC,USGS SRTM 90m via Open Topo Data,Sentinel-2 L2A / Microsoft Planetary Computer,Open-Meteo ERA5-Land historical reanalysis
0.0,0.0,0.0,0.0,44.073,20.796,83.042,1.27,228.0,0.86688,0,0,background_non_event,26.70390356931889,96.37381902947517,2020-11-10,2020,NASA COOLR/GLC,USGS SRTM 90m via Open Topo Data,Sentinel-2 L2A / Microsoft Planetary Computer,Open-Meteo ERA5-Land historical reanalysis
0.0,0.0,0.0,0.0,40.421,23.637,72.75,3.62,260.0,0.83382,0,0,background_non_event,22.575718184740044,94.66487110204315,2020-11-12,2020,NASA COOLR/GLC,USGS SRTM 90m via Open Topo Data,Sentinel-2 L2A / Microsoft Planetary Computer,Open-Meteo ERA5-Land historical reanalysis
0.0,0.0,0.0,0.0,34.225,10.771,83.208,36.01,1991.0,0.84753,1,0,background_non_event,28.429099079884935,96.56117830132864,2020-11-16,2020,NASA COOLR/GLC,USGS SRTM 90m via Open Topo Data,Sentinel-2 L2A / Microsoft Planetary Computer,Open-Meteo ERA5-Land historical reanalysis
0.0,0.0,0.0,0.0,29.915,-4.183,47.0,32.71,4858.0,0.53604,0,0,background_non_event,29.47536176459995,92.15764387783912,2020-11-18,2020,NASA COOLR/GLC,USGS SRTM 90m via Open Topo Data,Sentinel-2 L2A / Microsoft Planetary Computer,Open-Meteo ERA5-Land historical reanalysis
0.0,0.0,0.0,0.0,38.429,20.012,82.25,0.67,60.0,0.54268,2,0,background_non_event,26.275661084510766,92.36373714650792,2020-11-19,2020,NASA COOLR/GLC,USGS SRTM 90m via Open Topo Data,Sentinel-2 L2A / Microsoft Planetary Computer,Open-Meteo ERA5-Land historical reanalysis
0.0,0.0,0.0,0.0,29.046,19.208,80.125,21.65,578.0,0.91367,1,0,background_non_event,22.81491392922967,92.72240078617533,2020-11-20,2020,NASA COOLR/GLC,USGS SRTM 90m via Open Topo Data,Sentinel-2 L2A / Microsoft Planetary Computer,Open-Meteo ERA5-Land historical reanalysis
0.0,0.0,0.0,0.0,17.858,20.408,71.792,0.0,0.0,0.16667,0,0,background_non_event,23.231229791103917,90.61669255418514,2020-11-23,2020,NASA COOLR/GLC,USGS SRTM 90m via Open Topo Data,Sentinel-2 L2A / Microsoft Planetary Computer,Open-Meteo ERA5-Land historical reanalysis
0.0,0.0,0.0,0.0,21.51,19.242,62.708,0.66,45.0,0.57948,0,0,background_non_event,26.46203886947518,90.90934196009047,2020-11-25,2020,NASA COOLR/GLC,USGS SRTM 90m via Open Topo Data,Sentinel-2 L2A / Microsoft Planetary Computer,Open-Meteo ERA5-Land historical reanalysis
0.0,0.0,0.0,0.0,36.675,-7.442,77.5,17.89,2886.0,0.23244,0,0,background_non_event,29.089617645395272,96.77557841600452,2020-11-25,2020,NASA COOLR/GLC,USGS SRTM 90m via Open Topo Data,Sentinel-2 L2A / Microsoft Planetary Computer,Open-Meteo ERA5-Land historical reanalysis
0.0,0.0,0.0,0.0,20.99,20.662,72.667,0.99,5.0,0.40849,0,0,background_non_event,22.949231825136113,89.46670284825507,2020-12-01,2020,NASA COOLR/GLC,USGS SRTM 90m via Open Topo Data,Sentinel-2 L2A / Microsoft Planetary Computer,Open-Meteo ERA5-Land historical reanalysis
0.0,0.0,0.0,0.0,38.544,2.404,89.333,15.36,3330.0,0.50327,0,0,background_non_event,27.63028315652471,90.61586445126602,2020-12-12,2020,NASA COOLR/GLC,USGS SRTM 90m via Open Topo Data,Sentinel-2 L2A / Microsoft Planetary Computer,Open-Meteo ERA5-Land historical reanalysis
0.0,0.0,0.0,0.0,33.854,16.725,82.417,12.01,562.0,0.82733,21,0,background_non_event,25.93617639454874,91.9385954987944,2020-12-14,2020,NASA COOLR/GLC,USGS SRTM 90m via Open Topo Data,Sentinel-2 L2A / Microsoft Planetary Computer,Open-Meteo ERA5-Land historical reanalysis
0.0,0.0,0.0,0.0,18.631,19.725,79.0,0.95,14.0,0.71137,9,0,background_non_event,24.74901165522936,91.86836789965251,2020-12-15,2020,NASA COOLR/GLC,USGS SRTM 90m via Open Topo Data,Sentinel-2 L2A / Microsoft Planetary Computer,Open-Meteo ERA5-Land historical reanalysis
0.0,0.0,0.0,0.0,32.137,17.887,77.042,5.9,291.0,0.78976,0,0,background_non_event,25.63331803728371,90.10835426484196,2020-12-15,2020,NASA COOLR/GLC,USGS SRTM 90m via Open Topo Data,Sentinel-2 L2A / Microsoft Planetary Computer,Open-Meteo ERA5-Land historical reanalysis
0.0,0.0,0.0,0.0,25.831,19.963,61.042,0.66,152.0,0.3178,0,0,background_non_event,23.117904563548624,95.28794780239399,2020-12-20,2020,NASA COOLR/GLC,USGS SRTM 90m via Open Topo Data,Sentinel-2 L2A / Microsoft Planetary Computer,Open-Meteo ERA5-Land historical reanalysis
0.0,0.0,0.0,0.0,30.925,14.467,67.542,16.88,737.0,0.87498,0,0,background_non_event,25.35994651775371,91.17215132848622,2020-12-20,2020,NASA COOLR/GLC,USGS SRTM 90m via Open Topo Data,Sentinel-2 L2A / Microsoft Planetary Computer,Open-Meteo ERA5-Land historical reanalysis
0.0,0.0,0.0,0.0,19.823,16.088,62.083,12.98,398.0,0.86033,0,0,background_non_event,26.773560509040685,90.71431376819146,2020-12-22,2020,NASA COOLR/GLC,USGS SRTM 90m via Open Topo Data,Sentinel-2 L2A / Microsoft Planetary Computer,Open-Meteo ERA5-Land historical reanalysis
0.0,0.0,0.0,0.0,22.921,17.042,77.042,0.21,6.0,-0.04136,0,0,background_non_event,25.079520332629304,91.16199690241336,2020-12-23,2020,NASA COOLR/GLC,USGS SRTM 90m via Open Topo Data,Sentinel-2 L2A / Microsoft Planetary Computer,Open-Meteo ERA5-Land historical reanalysis
0.0,0.0,0.0,0.0,31.079,16.667,75.625,16.19,160.0,0.75362,1,0,background_non_event,25.98039191719451,91.28503253131488,2020-12-27,2020,NASA COOLR/GLC,USGS SRTM 90m via Open Topo Data,Sentinel-2 L2A / Microsoft Planetary Computer,Open-Meteo ERA5-Land historical reanalysis
0.0,0.0,0.0,0.0,27.292,16.854,69.042,0.4,74.0,0.20363,4,0,background_non_event,26.733100505802952,93.2337732788339,2020-12-30,2020,NASA COOLR/GLC,USGS SRTM 90m via Open Topo Data,Sentinel-2 L2A / Microsoft Planetary Computer,Open-Meteo ERA5-Land historical reanalysis
0.0,0.0,0.0,0.0,16.027,18.179,68.833,0.51,7.0,0.58518,0,0,background_non_event,22.918955145628434,91.2012569554519,2020-12-31,2020,NASA COOLR/GLC,USGS SRTM 90m via Open Topo Data,Sentinel-2 L2A / Microsoft Planetary Computer,Open-Meteo ERA5-Land historical reanalysis
0.0,0.0,0.0,0.0,37.504,-1.342,56.625,31.81,2447.0,0.76249,0,0,background_non_event,29.258246726682348,95.07132310663258,2020-12-31,2020,NASA COOLR/GLC,USGS SRTM 90m via Open Topo Data,Sentinel-2 L2A / Microsoft Planetary Computer,Open-Meteo ERA5-Land historical reanalysis
0.0,0.0,0.0,0.0,17.485,18.996,73.167,1.11,3.0,0.24747,0,0,background_non_event,22.924442575605894,90.54461140398598,2021-01-01,2021,NASA COOLR/GLC,USGS SRTM 90m via Open Topo Data,Sentinel-2 L2A / Microsoft Planetary Computer,Open-Meteo ERA5-Land historical reanalysis
0.0,0.0,0.0,0.0,35.433,10.579,72.25,13.39,1630.0,0.85344,19,0,background_non_event,25.740712846690343,94.39993087239606,2021-01-02,2021,NASA COOLR/GLC,USGS SRTM 90m via Open Topo Data,Sentinel-2 L2A / Microsoft Planetary Computer,Open-Meteo ERA5-Land historical reanalysis
0.0,0.0,0.0,0.0,30.621,5.846,60.25,28.97,2265.0,0.7165,2,0,background_non_event,27.133629829581285,92.25472466565971,2021-01-03,2021,NASA COOLR/GLC,USGS SRTM 90m via Open Topo Data,NASA MODIS MOD13Q1.061 / Microsoft Planetary Computer,Open-Meteo ERA5-Land historical reanalysis
0.0,0.0,0.0,0.0,32.025,16.713,73.583,5.96,155.0,0.86922,3,0,background_non_event,26.92057509739128,94.90759306586432,2021-01-04,2021,NASA COOLR/GLC,USGS SRTM 90m via Open Topo Data,Sentinel-2 L2A / Microsoft Planetary Computer,Open-Meteo ERA5-Land historical reanalysis
0.0,0.0,0.0,0.0,41.548,3.575,82.333,42.37,3152.0,0.42095,5,0,background_non_event,27.597860846829963,88.33367633698099,2021-01-04,2021,NASA COOLR/GLC,USGS SRTM 90m via Open Topo Data,Sentinel-2 L2A / Microsoft Planetary Computer,Open-Meteo ERA5-Land historical reanalysis
0.0,0.0,0.0,0.0,21.454,13.779,65.333,21.4,1741.0,0.75939,1,0,background_non_event,22.276360838279558,93.6678789850045,2021-01-06,2021,NASA COOLR/GLC,USGS SRTM 90m via Open Topo Data,Sentinel-2 L2A / Microsoft Planetary Computer,Open-Meteo ERA5-Land historical reanalysis
0.0,0.0,0.0,0.0,19.817,20.133,77.708,5.62,136.0,0.84627,4,0,background_non_event,24.193571745487294,91.93826009984284,2021-01-11,2021,NASA COOLR/GLC,USGS SRTM 90m via Open Topo Data,Sentinel-2 L2A / Microsoft Planetary Computer,Open-Meteo ERA5-Land historical reanalysis
0.0,0.0,0.0,0.0,29.631,15.925,75.583,14.23,480.0,0.8801,0,0,background_non_event,25.949700844851524,96.85437218883048,2021-01-13,2021,NASA COOLR/GLC,USGS SRTM 90m via Open Topo Data,Sentinel-2 L2A / Microsoft Planetary Computer,Open-Meteo ERA5-Land historical reanalysis
0.0,0.0,0.0,0.0,15.427,19.579,63.208,0.67,4.0,0.57797,0,0,background_non_event,22.87732413281465,89.59558447289136,2021-01-14,2021,NASA COOLR/GLC,USGS SRTM 90m via Open Topo Data,Sentinel-2 L2A / Microsoft Planetary Computer,Open-Meteo ERA5-Land historical reanalysis
0.0,0.0,0.0,0.0,15.365,17.067,68.083,0.61,52.0,0.36903,0,0,background_non_event,26.00609699142617,88.19881713915298,2021-01-15,2021,NASA COOLR/GLC,USGS SRTM 90m via Open Topo Data,Sentinel-2 L2A / Microsoft Planetary Computer,Open-Meteo ERA5-Land historical reanalysis
0.0,0.0,0.0,0.0,27.04,22.496,59.958,0.65,94.0,0.41656,0,0,background_non_event,22.557094178669832,95.38264726783672,2021-01-18,2021,NASA COOLR/GLC,USGS SRTM 90m via Open Topo Data,Sentinel-2 L2A / Microsoft Planetary Computer,Open-Meteo ERA5-Land historical reanalysis
0.0,0.0,0.0,0.0,28.796,14.029,70.708,23.44,858.0,0.86194,0,0,background_non_event,24.941341253259047,96.26179777377807,2021-01-22,2021,NASA COOLR/GLC,USGS SRTM 90m via Open Topo Data,Sentinel-2 L2A / Microsoft Planetary Computer,Open-Meteo ERA5-Land historical reanalysis
0.0,0.0,0.0,0.0,26.379,18.717,72.5,0.94,115.0,0.19916,0,0,background_non_event,24.09193887088293,97.23993720107026,2021-01-25,2021,NASA COOLR/GLC,USGS SRTM 90m via Open Topo Data,Sentinel-2 L2A / Microsoft Planetary Computer,Open-Meteo ERA5-Land historical reanalysis
0.0,0.0,0.0,0.0,15.548,17.175,72.833,1.22,7.0,0.6642,0,0,background_non_event,22.852108607733026,90.18484151306505,2021-01-28,2021,NASA COOLR/GLC,USGS SRTM 90m via Open Topo Data,NASA MODIS MOD13Q1.061 / Microsoft Planetary Computer,Open-Meteo ERA5-Land historical reanalysis
0.0,0.0,0.0,0.0,28.05,10.862,74.0,15.36,1314.0,0.6198,11,0,background_non_event,25.70901380180311,91.92489769164386,2021-01-28,2021,NASA COOLR/GLC,USGS SRTM 90m via Open Topo Data,Sentinel-2 L2A / Microsoft Planetary Computer,Open-Meteo ERA5-Land historical reanalysis
0.0,0.0,0.0,0.0,34.331,17.508,78.5,0.81,91.0,0.61572,1,0,background_non_event,27.10205195760352,94.64481861009774,2021-01-28,2021,NASA COOLR/GLC,USGS SRTM 90m via Open Topo Data,Sentinel-2 L2A / Microsoft Planetary Computer,Open-Meteo ERA5-Land historical reanalysis
0.0,0.0,0.0,0.0,17.512,14.396,75.333,19.61,885.0,0.7292,0,0,background_non_event,21.720238104168004,93.06908346852295,2021-01-29,2021,NASA COOLR/GLC,USGS SRTM 90m via Open Topo Data,NASA MODIS MOD13Q1.061 / Microsoft Planetary Computer,Open-Meteo ERA5-Land historical reanalysis
0.0,0.0,0.0,0.0,30.75,-7.25,22.083,3.55,4266.0,0.1474,0,0,background_non_event,28.816352748804775,89.47807596918983,2021-01-30,2021,NASA COOLR/GLC,USGS SRTM 90m via Open Topo Data,NASA MODIS MOD13Q1.061 / Microsoft Planetary Computer,Open-Meteo ERA5-Land historical reanalysis
0.0,0.0,0.0,0.0,29.952,-9.083,59.792,0.57,4775.0,0.2456,0,0,background_non_event,27.88596904586811,89.00875756991604,2021-01-31,2021,NASA COOLR/GLC,USGS SRTM 90m via Open Topo Data,NASA MODIS MOD13Q1.061 / Microsoft Planetary Computer,Open-Meteo ERA5-Land historical reanalysis
0.0,0.0,0.0,0.0,17.767,18.504,64.208,7.13,175.0,0.79126,1,0,background_non_event,23.704557597223783,91.57398093618684,2021-02-07,2021,NASA COOLR/GLC,USGS SRTM 90m via Open Topo Data,Sentinel-2 L2A / Microsoft Planetary Computer,Open-Meteo ERA5-Land historical reanalysis
0.0,0.0,0.0,0.0,13.86,19.996,62.375,1.29,36.0,0.6115,5,0,background_non_event,24.420938531659996,92.20590372842918,2021-02-11,2021,NASA COOLR/GLC,USGS SRTM 90m via Open Topo Data,NASA MODIS MOD13Q1.061 / Microsoft Planetary Computer,Open-Meteo ERA5-Land historical reanalysis
0.0,0.0,0.0,0.0,38.5,11.846,79.875,4.04,1088.0,0.74941,21,0,background_non_event,27.43959688252631,93.74736263975383,2021-02-11,2021,NASA COOLR/GLC,USGS SRTM 90m via Open Topo Data,Sentinel-2 L2A / Microsoft Planetary Computer,Open-Meteo ERA5-Land historical reanalysis
0.0,0.0,0.0,0.0,33.95,-14.15,78.083,30.02,4443.0,-0.03112,0,0,background_non_event,29.22714133499263,96.22749952119347,2021-02-11,2021,NASA COOLR/GLC,USGS SRTM 90m via Open Topo Data,Sentinel-2 L2A / Microsoft Planetary Computer,Open-Meteo ERA5-Land historical reanalysis
0.0,0.0,0.0,0.0,27.419,21.825,61.708,3.59,199.0,0.6458,0,0,background_non_event,24.400788852610244,95.02549520962029,2021-02-14,2021,NASA COOLR/GLC,USGS SRTM 90m via Open Topo Data,NASA MODIS MOD13Q1.061 / Microsoft Planetary Computer,Open-Meteo ERA5-Land historical reanalysis
0.0,0.0,0.0,0.0,14.65,22.983,76.458,0.62,5.0,0.44564,0,0,background_non_event,22.625819840632694,90.13187733061851,2021-02-15,2021,NASA COOLR/GLC,USGS SRTM 90m via Open Topo Data,Sentinel-2 L2A / Microsoft Planetary Computer,Open-Meteo ERA5-Land historical reanalysis
0.0,0.0,0.0,0.0,18.619,17.483,71.042,11.0,399.0,0.52395,0,0,background_non_event,26.920348897276053,90.52932727864966,2021-02-15,2021,NASA COOLR/GLC,USGS SRTM 90m via Open Topo Data,Sentinel-2 L2A / Microsoft Planetary Computer,Open-Meteo ERA5-Land historical reanalysis
0.0,0.0,0.0,0.0,35.604,7.146,84.583,38.54,1718.0,0.81713,0,0,background_non_event,28.620777359881842,96.03138557625975,2021-02-15,2021,NASA COOLR/GLC,USGS SRTM 90m via Open Topo Data,Sentinel-2 L2A / Microsoft Planetary Computer,Open-Meteo ERA5-Land historical reanalysis
0.0,0.0,0.0,0.0,17.167,16.729,52.667,16.82,1436.0,0.76417,1,0,background_non_event,22.4938938954094,93.44336869834112,2021-02-17,2021,NASA COOLR/GLC,USGS SRTM 90m via Open Topo Data,Sentinel-2 L2A / Microsoft Planetary Computer,Open-Meteo ERA5-Land historical reanalysis
0.0,0.0,0.0,0.0,14.75,22.679,60.833,0.48,15.0,0.32243,0,0,background_non_event,24.69950843475916,88.8634262380797,2021-02-18,2021,NASA COOLR/GLC,USGS SRTM 90m via Open Topo Data,Sentinel-2 L2A / Microsoft Planetary Computer,Open-Meteo ERA5-Land historical reanalysis
0.0,0.0,0.0,0.0,26.6,23.158,60.292,0.51,4.0,0.2827,0,0,background_non_event,22.35092419839032,88.52650783610878,2021-02-20,2021,NASA COOLR/GLC,USGS SRTM 90m via Open Topo Data,Sentinel-2 L2A / Microsoft Planetary Computer,Open-Meteo ERA5-Land historical reanalysis
0.0,0.0,0.0,0.0,33.969,-9.246,76.708,34.83,4807.0,-0.03881,5,0,background_non_event,27.89023258006692,91.71202960797497,2021-02-22,2021,NASA COOLR/GLC,USGS SRTM 90m via Open Topo Data,Sentinel-2 L2A / Microsoft Planetary Computer,Open-Meteo ERA5-Land historical reanalysis
0.0,0.0,0.0,0.0,20.042,20.654,63.292,18.59,506.0,0.78647,0,0,background_non_event,24.38880649633224,94.28301079592694,2021-02-23,2021,NASA COOLR/GLC,USGS SRTM 90m via Open Topo Data,Sentinel-2 L2A / Microsoft Planetary Computer,Open-Meteo ERA5-Land historical reanalysis
0.0,0.0,0.0,0.0,15.396,23.096,57.0,4.11,174.0,0.64655,1,0,background_non_event,23.6384883753328,91.85137852650153,2021-02-24,2021,NASA COOLR/GLC,USGS SRTM 90m via Open Topo Data,Sentinel-2 L2A / Microsoft Planetary Computer,Open-Meteo ERA5-Land historical reanalysis
0.0,0.0,0.0,0.0,20.342,14.525,66.583,13.41,1698.0,0.1061,12,0,background_non_event,25.24155629893867,93.97101017033029,2021-02-28,2021,NASA COOLR/GLC,USGS SRTM 90m via Open Topo Data,Sentinel-2 L2A / Microsoft Planetary Computer,Open-Meteo ERA5-Land historical reanalysis
0.0,0.0,0.0,0.0,27.665,25.233,31.458,5.63,574.0,0.4015,0,0,background_non_event,22.252960595859903,94.5637155582488,2021-03-02,2021,NASA COOLR/GLC,USGS SRTM 90m via Open Topo Data,Sentinel-2 L2A / Microsoft Planetary Computer,Open-Meteo ERA5-Land historical reanalysis
0.0,0.0,0.0,0.0,40.327,12.017,62.333,22.28,1389.0,0.6653,15,0,background_non_event,27.274596334799398,88.54596510127607,2021-03-03,2021,NASA COOLR/GLC,USGS SRTM 90m via Open Topo Data,NASA MODIS MOD13Q1.061 / Microsoft Planetary Computer,Open-Meteo ERA5-Land historical reanalysis
0.0,0.0,0.0,0.0,9.36,-5.183,53.583,20.99,4829.0,0.06849,0,0,background_non_event,28.22655246024707,92.17565259439405,2021-03-04,2021,NASA COOLR/GLC,USGS SRTM 90m via Open Topo Data,Sentinel-2 L2A / Microsoft Planetary Computer,Open-Meteo ERA5-Land historical reanalysis
0.0,0.0,0.0,0.0,17.108,17.562,47.625,28.81,1350.0,0.71429,1,0,background_non_event,22.544325380948884,93.77068465371579,2021-03-05,2021,NASA COOLR/GLC,USGS SRTM 90m via Open Topo Data,Sentinel-2 L2A / Microsoft Planetary Computer,Open-Meteo ERA5-Land historical reanalysis
0.0,0.0,0.0,0.0,26.958,19.354,46.75,5.52,986.0,0.70644,0,0,background_non_event,24.74043113403984,96.03207083911767,2021-03-05,2021,NASA COOLR/GLC,USGS SRTM 90m via Open Topo Data,Sentinel-2 L2A / Microsoft Planetary Computer,Open-Meteo ERA5-Land historical reanalysis
0.0,0.0,0.0,0.0,33.35,-5.75,90.375,50.96,3988.0,0.23769,0,0,background_non_event,28.382772656673623,93.01093831906233,2021-03-07,2021,NASA COOLR/GLC,USGS SRTM 90m via Open Topo Data,Sentinel-2 L2A / Microsoft Planetary Computer,Open-Meteo ERA5-Land historical reanalysis
0.0,0.0,0.0,0.0,27.075,20.821,44.833,4.06,873.0,0.3152,0,0,background_non_event,22.484454293696484,97.05648766474533,2021-03-08,2021,NASA COOLR/GLC,USGS SRTM 90m via Open Topo Data,NASA MODIS MOD13Q1.061 / Microsoft Planetary Computer,Open-Meteo ERA5-Land historical reanalysis
0.0,0.0,0.0,0.0,31.108,14.192,71.5,12.03,1718.0,0.84606,2,0,background_non_event,25.56255226759702,91.42495919006276,2021-03-08,2021,NASA COOLR/GLC,USGS SRTM 90m via Open Topo Data,Sentinel-2 L2A / Microsoft Planetary Computer,Open-Meteo ERA5-Land historical reanalysis
0.0,0.0,0.0,0.0,15.138,17.683,37.125,18.81,1748.0,0.80778,1,0,background_non_event,22.875546171696588,93.34018772563178,2021-03-11,2021,NASA COOLR/GLC,USGS SRTM 90m via Open Topo Data,Sentinel-2 L2A / Microsoft Planetary Computer,Open-Meteo ERA5-Land historical reanalysis
0.0,0.0,0.0,0.0,28.21,20.175,46.125,12.99,1178.0,0.6064,0,0,background_non_event,22.540610165496773,96.57274012233844,2021-03-12,2021,NASA COOLR/GLC,USGS SRTM 90m via Open Topo Data,NASA MODIS MOD13Q1.061 / Microsoft Planetary Computer,Open-Meteo ERA5-Land historical reanalysis
0.0,0.0,0.0,0.0,15.11,24.608,74.0,0.77,15.0,0.476,0,0,background_non_event,24.261327414857945,89.06852291436506,2021-03-13,2021,NASA COOLR/GLC,USGS SRTM 90m via Open Topo Data,NASA MODIS MOD13Q1.061 / Microsoft Planetary Computer,Open-Meteo ERA5-Land historical reanalysis
0.0,0.0,0.0,0.0,14.473,28.221,54.25,0.86,9.0,0.76004,0,0,background_non_event,24.440201202393315,90.72633273473619,2021-03-21,2021,NASA COOLR/GLC,USGS SRTM 90m via Open Topo Data,Sentinel-2 L2A / Microsoft Planetary Computer,Open-Meteo ERA5-Land historical reanalysis
0.0,0.0,0.0,0.0,30.169,20.375,56.583,24.95,1091.0,0.49705,7,0,background_non_event,25.17966261614224,93.28460868894891,2021-03-21,2021,NASA COOLR/GLC,USGS SRTM 90m via Open Topo Data,Sentinel-2 L2A / Microsoft Planetary Computer,Open-Meteo ERA5-Land historical reanalysis
0.0,0.0,0.0,0.0,20.95,29.875,57.333,0.0,1.0,-0.09312,0,0,background_non_event,23.456536434778158,90.21885003614727,2021-03-22,2021,NASA COOLR/GLC,USGS SRTM 90m via Open Topo Data,Sentinel-2 L2A / Microsoft Planetary Computer,Open-Meteo ERA5-Land historical reanalysis
0.0,0.0,0.0,0.0,21.642,20.471,65.667,26.57,1156.0,0.66554,10,0,background_non_event,25.40752288685863,93.71052593950647,2021-03-24,2021,NASA COOLR/GLC,USGS SRTM 90m via Open Topo Data,Sentinel-2 L2A / Microsoft Planetary Computer,Open-Meteo ERA5-Land historical reanalysis
0.0,0.0,0.0,0.0,23.9,-6.075,85.083,14.57,4830.0,0.1009,0,0,background_non_event,28.14188135640385,89.47333507290604,2021-04-01,2021,NASA COOLR/GLC,USGS SRTM 90m via Open Topo Data,NASA MODIS MOD13Q1.061 / Microsoft Planetary Computer,Open-Meteo ERA5-Land historical reanalysis
0.0,0.0,0.0,0.0,20.817,26.458,56.375,20.98,323.0,0.74845,0,0,background_non_event,25.072720960658195,96.85174987769517,2021-04-05,2021,NASA COOLR/GLC,USGS SRTM 90m via Open Topo Data,Sentinel-2 L2A / Microsoft Planetary Computer,Open-Meteo ERA5-Land historical reanalysis
0.0,0.0,0.0,0.0,17.89,-3.421,56.917,34.37,5224.0,0.10882,0,0,background_non_event,28.771035676009056,91.90364513939949,2021-04-09,2021,NASA COOLR/GLC,USGS SRTM 90m via Open Topo Data,Sentinel-2 L2A / Microsoft Planetary Computer,Open-Meteo ERA5-Land historical reanalysis
0.0,0.0,0.0,0.0,26.198,31.446,41.917,1.38,256.0,0.19387,0,0,background_non_event,23.131234587840673,95.78123043204302,2021-04-10,2021,NASA COOLR/GLC,USGS SRTM 90m via Open Topo Data,Sentinel-2 L2A / Microsoft Planetary Computer,Open-Meteo ERA5-Land historical reanalysis
0.0,0.0,0.0,0.0,39.783,25.658,69.625,0.92,55.0,0.38903,0,0,background_non_event,26.55121704060543,90.83173774576461,2021-04-11,2021,NASA COOLR/GLC,USGS SRTM 90m via Open Topo Data,Sentinel-2 L2A / Microsoft Planetary Computer,Open-Meteo ERA5-Land historical reanalysis
0.0,0.0,0.0,0.0,42.548,8.4,94.375,28.58,2564.0,0.67056,0,0,background_non_event,28.56200155911212,94.34958946620053,2021-04-12,2021,NASA COOLR/GLC,USGS SRTM 90m via Open Topo Data,Sentinel-2 L2A / Microsoft Planetary Computer,Open-Meteo ERA5-Land historical reanalysis
0.0,0.0,0.0,0.0,32.837,26.358,75.292,0.39,7.0,0.55953,2,0,background_non_event,25.067014396407068,91.30446953920656,2021-04-14,2021,NASA COOLR/GLC,USGS SRTM 90m via Open Topo Data,Sentinel-2 L2A / Microsoft Planetary Computer,Open-Meteo ERA5-Land historical reanalysis
0.0,0.0,0.0,0.0,26.652,27.925,51.5,14.55,373.0,0.25831,0,0,background_non_event,23.151169049212037,96.90225535576438,2021-04-16,2021,NASA COOLR/GLC,USGS SRTM 90m via Open Topo Data,Sentinel-2 L2A / Microsoft Planetary Computer,Open-Meteo ERA5-Land historical reanalysis
0.0,0.0,0.0,0.0,36.569,-0.708,83.625,27.16,4494.0,0.586,4,0,background_non_event,27.694990218917443,92.2632045201171,2021-04-17,2021,NASA COOLR/GLC,USGS SRTM 90m via Open Topo Data,NASA MODIS MOD13Q1.061 / Microsoft Planetary Computer,Open-Meteo ERA5-Land historical reanalysis
0.0,0.0,0.0,0.0,19.583,26.429,58.833,14.86,331.0,0.74212,1,0,background_non_event,23.815416004733844,92.14729402945451,2021-04-23,2021,NASA COOLR/GLC,USGS SRTM 90m via Open Topo Data,Sentinel-2 L2A / Microsoft Planetary Computer,Open-Meteo ERA5-Land historical reanalysis
0.0,0.0,0.0,0.0,0.0,,,0.0,0.0,-0.18208,0,0,background_non_event,21.782671309170805,91.38787074932604,2021-04-24,2021,NASA COOLR/GLC,USGS SRTM 90m via Open Topo Data,Sentinel-2 L2A / Microsoft Planetary Computer,Open-Meteo ERA5-Land historical reanalysis
0.0,0.0,0.0,0.0,18.037,31.417,58.833,0.84,11.0,0.41006,0,0,background_non_event,23.22736375534401,88.30899029866508,2021-04-25,2021,NASA COOLR/GLC,USGS SRTM 90m via Open Topo Data,Sentinel-2 L2A / Microsoft Planetary Computer,Open-Meteo ERA5-Land historical reanalysis
0.0,0.0,0.0,0.0,24.662,31.5,59.792,0.95,10.0,0.53234,2,0,background_non_event,23.15821038666831,91.40327645225649,2021-04-27,2021,NASA COOLR/GLC,USGS SRTM 90m via Open Topo Data,Sentinel-2 L2A / Microsoft Planetary Computer,Open-Meteo ERA5-Land historical reanalysis
0.0,0.0,0.0,0.0,15.283,28.912,47.583,22.7,556.0,0.64026,8,0,background_non_event,23.67184639795711,92.9202036731549,2021-04-27,2021,NASA COOLR/GLC,USGS SRTM 90m via Open Topo Data,Sentinel-2 L2A / Microsoft Planetary Computer,Open-Meteo ERA5-Land historical reanalysis
0.0,0.0,0.0,0.0,37.656,25.208,71.5,14.2,535.0,0.66292,6,0,background_non_event,26.533792629553847,94.82166332630602,2021-04-27,2021,NASA COOLR/GLC,USGS SRTM 90m via Open Topo Data,Sentinel-2 L2A / Microsoft Planetary Computer,Open-Meteo ERA5-Land historical reanalysis
0.0,0.0,0.0,0.0,17.831,29.037,70.708,0.98,13.0,0.66767,0,0,background_non_event,24.664428011917693,90.8755898727187,2021-05-02,2021,NASA COOLR/GLC,USGS SRTM 90m via Open Topo Data,Sentinel-2 L2A / Microsoft Planetary Computer,Open-Meteo ERA5-Land historical reanalysis
0.0,0.0,0.0,0.0,41.769,27.096,73.875,2.18,223.0,0.27849,0,0,background_non_event,23.231483555149282,95.11516161420681,2021-05-04,2021,NASA COOLR/GLC,USGS SRTM 90m via Open Topo Data,Sentinel-2 L2A / Microsoft Planetary Computer,Open-Meteo ERA5-Land historical reanalysis
0.0,0.0,0.0,0.0,37.025,10.675,90.917,44.78,2655.0,0.7879,0,0,background_non_event,28.151110138608193,97.08704639227656,2021-05-06,2021,NASA COOLR/GLC,USGS SRTM 90m via Open Topo Data,NASA MODIS MOD13Q1.061 / Microsoft Planetary Computer,Open-Meteo ERA5-Land historical reanalysis
0.0,0.0,0.0,0.0,17.354,-4.212,80.375,4.73,5326.0,0.07893,0,0,background_non_event,28.333786266417427,90.20060281685821,2021-05-06,2021,NASA COOLR/GLC,USGS SRTM 90m via Open Topo Data,Sentinel-2 L2A / Microsoft Planetary Computer,Open-Meteo ERA5-Land historical reanalysis
0.0,0.0,0.0,0.0,36.356,25.838,68.417,0.66,129.0,0.52182,0,0,background_non_event,27.61669212717861,95.47187395302515,2021-05-07,2021,NASA COOLR/GLC,USGS SRTM 90m via Open Topo Data,Sentinel-2 L2A / Microsoft Planetary Computer,Open-Meteo ERA5-Land historical reanalysis
0.0,0.0,0.0,0.0,17.654,17.292,69.042,26.34,1870.0,0.55681,0,0,background_non_event,22.2652345538748,93.28225000369878,2021-05-08,2021,NASA COOLR/GLC,USGS SRTM 90m via Open Topo Data,Sentinel-2 L2A / Microsoft Planetary Computer,Open-Meteo ERA5-Land historical reanalysis
0.0,0.0,0.0,0.0,41.417,-0.708,89.75,8.91,4610.0,0.40652,0,0,background_non_event,29.44319557159589,93.29462473535679,2021-05-08,2021,NASA COOLR/GLC,USGS SRTM 90m via Open Topo Data,Sentinel-2 L2A / Microsoft Planetary Computer,Open-Meteo ERA5-Land historical reanalysis
0.0,0.0,0.0,0.0,38.521,0.412,81.875,6.59,4709.0,0.16477,0,0,background_non_event,28.817862950963285,91.60430296534464,2021-05-11,2021,NASA COOLR/GLC,USGS SRTM 90m via Open Topo Data,Sentinel-2 L2A / Microsoft Planetary Computer,Open-Meteo ERA5-Land historical reanalysis
0.0,0.0,0.0,0.0,32.992,5.983,66.792,1.97,3981.0,0.1031,0,0,background_non_event,29.153829538864947,88.54824941811393,2021-05-11,2021,NASA COOLR/GLC,USGS SRTM 90m via Open Topo Data,NASA MODIS MOD13Q1.061 / Microsoft Planetary Computer,Open-Meteo ERA5-Land historical reanalysis
0.0,0.0,0.0,0.0,48.335,13.971,90.083,25.23,1348.0,0.8362,0,0,background_non_event,27.623700484339423,97.45030549663554,2021-05-13,2021,NASA COOLR/GLC,USGS SRTM 90m via Open Topo Data,Sentinel-2 L2A / Microsoft Planetary Computer,Open-Meteo ERA5-Land historical reanalysis
0.0,0.0,0.0,0.0,42.41,14.146,88.625,33.79,1622.0,0.77572,0,0,background_non_event,28.434092436886715,95.68156639301078,2021-05-16,2021,NASA COOLR/GLC,USGS SRTM 90m via Open Topo Data,Sentinel-2 L2A / Microsoft Planetary Computer,Open-Meteo ERA5-Land historical reanalysis
0.0,0.0,0.0,0.0,33.829,23.433,79.25,2.19,278.0,0.56545,1,0,background_non_event,27.99944000830857,96.10809593791697,2021-05-17,2021,NASA COOLR/GLC,USGS SRTM 90m via Open Topo Data,Sentinel-2 L2A / Microsoft Planetary Computer,Open-Meteo ERA5-Land historical reanalysis
0.0,0.0,0.0,0.0,36.525,32.904,56.875,3.87,142.0,0.5519,0,0,background_non_event,23.16376615308093,95.91666539113127,2021-05-21,2021,NASA COOLR/GLC,USGS SRTM 90m via Open Topo Data,NASA MODIS MOD13Q1.061 / Microsoft Planetary Computer,Open-Meteo ERA5-Land historical reanalysis
0.0,0.0,0.0,0.0,33.648,26.821,77.833,3.13,80.0,0.54354,4,0,background_non_event,26.781425371116377,92.76448481088875,2021-05-21,2021,NASA COOLR/GLC,USGS SRTM 90m via Open Topo Data,Sentinel-2 L2A / Microsoft Planetary Computer,Open-Meteo ERA5-Land historical reanalysis
0.0,0.0,0.0,0.0,31.498,32.108,58.042,0.89,188.0,0.22472,0,0,background_non_event,22.98450511066552,95.72974453921674,2021-05-23,2021,NASA COOLR/GLC,USGS SRTM 90m via Open Topo Data,Sentinel-2 L2A / Microsoft Planetary Computer,Open-Meteo ERA5-Land historical reanalysis
0.0,0.0,0.0,0.0,38.644,31.367,66.583,0.21,19.0,0.05085,7,0,background_non_event,24.925754937342074,92.68034044611515,2021-05-25,2021,NASA COOLR/GLC,USGS SRTM 90m via Open Topo Data,Sentinel-2 L2A / Microsoft Planetary Computer,Open-Meteo ERA5-Land historical reanalysis
0.0,0.0,0.0,0.0,24.725,21.658,90.917,26.08,1012.0,0.66806,2,0,background_non_event,23.44912930962624,93.89954326849912,2021-05-26,2021,NASA COOLR/GLC,USGS SRTM 90m via Open Topo Data,Sentinel-2 L2A / Microsoft Planetary Computer,Open-Meteo ERA5-Land historical reanalysis
0.0,0.0,0.0,0.0,40.275,9.704,84.0,45.65,3570.0,0.1147,0,0,background_non_event,28.519971331597194,97.20088863456621,2021-05-29,2021,NASA COOLR/GLC,USGS SRTM 90m via Open Topo Data,NASA MODIS MOD13Q1.061 / Microsoft Planetary Computer,Open-Meteo ERA5-Land historical reanalysis
0.0,0.0,0.0,0.0,19.406,29.108,70.167,18.01,204.0,0.73006,2,0,background_non_event,22.638250728035544,92.65597102255094,2021-05-30,2021,NASA COOLR/GLC,USGS SRTM 90m via Open Topo Data,Sentinel-2 L2A / Microsoft Planetary Computer,Open-Meteo ERA5-Land historical reanalysis
0.0,0.0,0.0,0.0,46.908,27.367,82.708,2.85,216.0,0.70189,0,0,background_non_event,23.25713382990424,96.42368434827053,2021-06-05,2021,NASA COOLR/GLC,USGS SRTM 90m via Open Topo Data,Sentinel-2 L2A / Microsoft Planetary Computer,Open-Meteo ERA5-Land historical reanalysis
0.0,0.0,0.0,0.0,35.321,27.029,90.75,0.32,9.0,0.7328,0,0,background_non_event,23.668990899966683,89.82393375213702,2021-06-15,2021,NASA COOLR/GLC,USGS SRTM 90m via Open Topo Data,Sentinel-2 L2A / Microsoft Planetary Computer,Open-Meteo ERA5-Land historical reanalysis
0.0,0.0,0.0,0.0,40.0,8.188,85.125,26.34,4378.0,0.8944,0,0,background_non_event,29.646503382390325,94.13296638458148,2021-06-17,2021,NASA COOLR/GLC,USGS SRTM 90m via Open Topo Data,NASA MODIS MOD13Q1.061 / Microsoft Planetary Computer,Open-Meteo ERA5-Land historical reanalysis
0.0,0.0,0.0,0.0,42.942,26.617,92.458,0.62,4.0,0.46553,0,0,background_non_event,22.772027644217683,88.28710468886524,2021-06-18,2021,NASA COOLR/GLC,USGS SRTM 90m via Open Topo Data,Sentinel-2 L2A / Microsoft Planetary Computer,Open-Meteo ERA5-Land historical reanalysis
0.0,0.0,0.0,0.0,35.881,13.8,68.5,12.92,3724.0,0.11101,0,0,background_non_event,29.18187562366872,91.7312790614072,2021-06-19,2021,NASA COOLR/GLC,USGS SRTM 90m via Open Topo Data,Sentinel-2 L2A / Microsoft Planetary Computer,Open-Meteo ERA5-Land historical reanalysis
0.0,0.0,0.0,0.0,47.973,22.867,93.75,20.31,590.0,0.3631,0,0,background_non_event,26.849532001295938,96.52100628631193,2021-06-20,2021,NASA COOLR/GLC,USGS SRTM 90m via Open Topo Data,NASA MODIS MOD13Q1.061 / Microsoft Planetary Computer,Open-Meteo ERA5-Land historical reanalysis
0.0,0.0,0.0,0.0,39.804,8.025,87.5,17.25,4599.0,0.6771,0,0,background_non_event,29.591293602268834,93.42810281765703,2021-06-20,2021,NASA COOLR/GLC,USGS SRTM 90m via Open Topo Data,NASA MODIS MOD13Q1.061 / Microsoft Planetary Computer,Open-Meteo ERA5-Land historical reanalysis
0.0,0.0,0.0,0.0,42.254,25.858,94.292,1.11,11.0,0.7371,2,0,background_non_event,22.923832000261488,91.39200127284073,2021-06-21,2021,NASA COOLR/GLC,USGS SRTM 90m via Open Topo Data,NASA MODIS MOD13Q1.061 / Microsoft Planetary Computer,Open-Meteo ERA5-Land historical reanalysis
0.0,0.0,0.0,0.0,41.923,20.221,88.583,28.99,1218.0,0.3754,0,0,background_non_event,22.137016266082092,93.1518751230283,2021-06-22,2021,NASA COOLR/GLC,USGS SRTM 90m via Open Topo Data,NASA MODIS MOD13Q1.061 / Microsoft Planetary Computer,Open-Meteo ERA5-Land historical reanalysis
0.0,0.0,0.0,0.0,36.594,29.321,66.375,0.88,166.0,0.17308,0,0,background_non_event,22.77706341899358,95.17484443865389,2021-06-22,2021,NASA COOLR/GLC,USGS SRTM 90m via Open Topo Data,Sentinel-2 L2A / Microsoft Planetary Computer,Open-Meteo ERA5-Land historical reanalysis
0.0,0.0,0.0,0.0,39.004,28.154,85.417,0.94,35.0,0.3354,1,0,background_non_event,25.98935082518518,89.3799816792342,2021-06-22,2021,NASA COOLR/GLC,USGS SRTM 90m via Open Topo Data,NASA MODIS MOD13Q1.061 / Microsoft Planetary Computer,Open-Meteo ERA5-Land historical reanalysis
0.0,0.0,0.0,0.0,46.754,26.458,87.125,2.15,159.0,0.40698,0,0,background_non_event,23.287492332848302,96.7075767179214,2021-06-25,2021,NASA COOLR/GLC,USGS SRTM 90m via Open Topo Data,Sentinel-2 L2A / Microsoft Planetary Computer,Open-Meteo ERA5-Land historical reanalysis
0.0,0.0,0.0,0.0,48.723,27.496,89.25,1.48,62.0,-0.137,0,0,background_non_event,26.144558288714098,92.63537298145839,2021-06-25,2021,NASA COOLR/GLC,USGS SRTM 90m via Open Topo Data,Sentinel-2 L2A / Microsoft Planetary Computer,Open-Meteo ERA5-Land historical reanalysis
0.0,0.0,0.0,0.0,41.933,13.088,90.708,14.52,3111.0,0.3336,1,0,background_non_event,27.304578921204143,89.30007703516577,2021-06-25,2021,NASA COOLR/GLC,USGS SRTM 90m via Open Topo Data,NASA MODIS MOD13Q1.061 / Microsoft Planetary Computer,Open-Meteo ERA5-Land historical reanalysis
0.0,0.0,0.0,0.0,38.467,28.4,91.25,0.0,2.0,-0.01788,0,0,background_non_event,22.57278568751862,89.31954512451203,2021-07-01,2021,NASA COOLR/GLC,USGS SRTM 90m via Open Topo Data,Sentinel-2 L2A / Microsoft Planetary Computer,Open-Meteo ERA5-Land historical reanalysis
0.0,0.0,0.0,0.0,41.837,23.846,89.25,21.14,657.0,0.8559,0,0,background_non_event,24.382856048644125,94.60673688844633,2021-07-01,2021,NASA COOLR/GLC,USGS SRTM 90m via Open Topo Data,NASA MODIS MOD13Q1.061 / Microsoft Planetary Computer,Open-Meteo ERA5-Land historical reanalysis
0.0,0.0,0.0,0.0,42.756,26.208,90.917,0.51,9.0,0.5069,3,0,background_non_event,24.99744514111123,91.48561365440696,2021-07-05,2021,NASA COOLR/GLC,USGS SRTM 90m via Open Topo Data,NASA MODIS MOD13Q1.061 / Microsoft Planetary Computer,Open-Meteo ERA5-Land historical reanalysis
0.0,0.0,0.0,0.0,46.637,25.071,92.458,11.53,320.0,0.1124,0,0,background_non_event,26.064337278751374,95.84887213919767,2021-07-17,2021,NASA COOLR/GLC,USGS SRTM 90m via Open Topo Data,NASA MODIS MOD13Q1.061 / Microsoft Planetary Computer,Open-Meteo ERA5-Land historical reanalysis
0.0,0.0,0.0,0.0,46.175,29.067,84.667,0.54,6.0,0.3717,0,0,background_non_event,21.91990203796942,89.00550276804059,2021-07-18,2021,NASA COOLR/GLC,USGS SRTM 90m via Open Topo Data,NASA MODIS MOD13Q1.061 / Microsoft Planetary Computer,Open-Meteo ERA5-Land historical reanalysis
0.0,0.0,0.0,0.0,42.485,20.967,98.708,26.31,972.0,0.1185,6,0,background_non_event,23.84362984533454,92.90888817600882,2021-07-19,2021,NASA COOLR/GLC,USGS SRTM 90m via Open Topo Data,NASA MODIS MOD13Q1.061 / Microsoft Planetary Computer,Open-Meteo ERA5-Land historical reanalysis
0.0,0.0,0.0,0.0,48.546,23.075,90.375,23.13,933.0,0.0432,11,0,background_non_event,26.310852550552532,94.53567980891111,2021-07-19,2021,NASA COOLR/GLC,USGS SRTM 90m via Open Topo Data,Sentinel-2 L2A / Microsoft Planetary Computer,Open-Meteo ERA5-Land historical reanalysis
0.0,0.0,0.0,0.0,42.319,24.875,94.083,14.9,369.0,0.37412,0,0,background_non_event,22.552182636836587,92.78250305328578,2021-07-20,2021,NASA COOLR/GLC,USGS SRTM 90m via Open Topo Data,Sentinel-2 L2A / Microsoft Planetary Computer,Open-Meteo ERA5-Land historical reanalysis
0.0,0.0,0.0,0.0,45.596,27.113,86.458,3.97,198.0,-0.02628,0,0,background_non_event,24.677797480413787,97.24540746565862,2021-07-20,2021,NASA COOLR/GLC,USGS SRTM 90m via Open Topo Data,Sentinel-2 L2A / Microsoft Planetary Computer,Open-Meteo ERA5-Land historical reanalysis
0.0,0.0,0.0,0.0,42.356,5.821,83.708,18.49,5122.0,0.00156,0,0,background_non_event,29.171967220750517,90.44470079227264,2021-07-20,2021,NASA COOLR/GLC,USGS SRTM 90m via Open Topo Data,Sentinel-2 L2A / Microsoft Planetary Computer,Open-Meteo ERA5-Land historical reanalysis
0.0,0.0,0.0,0.0,46.806,25.667,83.75,3.82,251.0,0.6979,0,0,background_non_event,23.131247049359587,95.75506503375811,2021-07-27,2021,NASA COOLR/GLC,USGS SRTM 90m via Open Topo Data,NASA MODIS MOD13Q1.061 / Microsoft Planetary Computer,Open-Meteo ERA5-Land historical reanalysis
0.0,0.0,0.0,0.0,43.535,30.604,79.083,1.25,24.0,0.65736,8,0,background_non_event,24.905945372608322,92.67340938888086,2021-07-27,2021,NASA COOLR/GLC,USGS SRTM 90m via Open Topo Data,Sentinel-2 L2A / Microsoft Planetary Computer,Open-Meteo ERA5-Land historical reanalysis
0.0,0.0,0.0,0.0,41.615,4.242,85.042,27.48,4891.0,0.6117,0,0,background_non_event,28.972838649996312,92.93011285136924,2021-07-28,2021,NASA COOLR/GLC,USGS SRTM 90m via Open Topo Data,NASA MODIS MOD13Q1.061 / Microsoft Planetary Computer,Open-Meteo ERA5-Land historical reanalysis
0.0,0.0,0.0,0.0,40.146,28.912,84.667,0.76,16.0,-0.05196,0,0,background_non_event,23.920008216118937,88.62694897929623,2021-08-05,2021,NASA COOLR/GLC,USGS SRTM 90m via Open Topo Data,Sentinel-2 L2A / Microsoft Planetary Computer,Open-Meteo ERA5-Land historical reanalysis
0.0,0.0,0.0,0.0,40.469,28.358,88.542,1.17,15.0,0.7046,0,0,background_non_event,24.094931346999957,89.13021210056014,2021-08-06,2021,NASA COOLR/GLC,USGS SRTM 90m via Open Topo Data,NASA MODIS MOD13Q1.061 / Microsoft Planetary Computer,Open-Meteo ERA5-Land historical reanalysis
0.0,0.0,0.0,0.0,40.79,23.475,87.125,25.8,968.0,0.8071,0,0,background_non_event,22.13684130681828,93.44954617398899,2021-08-09,2021,NASA COOLR/GLC,USGS SRTM 90m via Open Topo Data,NASA MODIS MOD13Q1.061 / Microsoft Planetary Computer,Open-Meteo ERA5-Land historical reanalysis
0.0,0.0,0.0,0.0,47.346,25.95,83.0,10.54,513.0,0.4333,0,0,background_non_event,24.144218664693675,95.18658101984497,2021-08-09,2021,NASA COOLR/GLC,USGS SRTM 90m via Open Topo Data,NASA MODIS MOD13Q1.061 / Microsoft Planetary Computer,Open-Meteo ERA5-Land historical reanalysis
0.0,0.0,0.0,0.0,49.125,27.179,91.042,0.99,72.0,0.7799,0,0,background_non_event,26.57767946363993,90.4795285005156,2021-08-10,2021,NASA COOLR/GLC,USGS SRTM 90m via Open Topo Data,NASA MODIS MOD13Q1.061 / Microsoft Planetary Computer,Open-Meteo ERA5-Land historical reanalysis
0.0,0.0,0.0,0.0,49.012,18.425,93.917,20.86,1774.0,0.8636,15,0,background_non_event,25.655835412643157,94.36663894541218,2021-08-16,2021,NASA COOLR/GLC,USGS SRTM 90m via Open Topo Data,NASA MODIS MOD13Q1.061 / Microsoft Planetary Computer,Open-Meteo ERA5-Land historical reanalysis
0.0,0.0,0.0,0.0,41.144,-1.35,92.333,30.63,5823.0,-0.0415,0,0,background_non_event,28.141395188284005,89.58524115451418,2021-08-19,2021,NASA COOLR/GLC,USGS SRTM 90m via Open Topo Data,NASA MODIS MOD13Q1.061 / Microsoft Planetary Computer,Open-Meteo ERA5-Land historical reanalysis
0.0,0.0,0.0,0.0,39.623,7.008,77.667,5.03,4670.0,0.2896,0,0,background_non_event,28.672329184447136,90.85718832966971,2021-08-30,2021,NASA COOLR/GLC,USGS SRTM 90m via Open Topo Data,Sentinel-2 L2A / Microsoft Planetary Computer,Open-Meteo ERA5-Land historical reanalysis
0.0,0.0,0.0,0.0,49.413,26.15,90.75,2.32,137.0,0.12067,2,0,background_non_event,25.709462594447317,92.87025932774789,2021-08-31,2021,NASA COOLR/GLC,USGS SRTM 90m via Open Topo Data,Sentinel-2 L2A / Microsoft Planetary Computer,Open-Meteo ERA5-Land historical reanalysis
0.0,0.0,0.0,0.0,48.094,25.838,88.292,4.32,323.0,0.8847,0,0,background_non_event,22.107392963633313,94.19371022666306,2021-09-09,2021,NASA COOLR/GLC,USGS SRTM 90m via Open Topo Data,NASA MODIS MOD13Q1.061 / Microsoft Planetary Computer,Open-Meteo ERA5-Land historical reanalysis
0.0,0.0,0.0,0.0,41.0,5.442,96.333,2.63,4520.0,0.38901,0,0,background_non_event,28.324443999296626,90.49401468099981,2021-09-09,2021,NASA COOLR/GLC,USGS SRTM 90m via Open Topo Data,Sentinel-2 L2A / Microsoft Planetary Computer,Open-Meteo ERA5-Land historical reanalysis
0.0,0.0,0.0,0.0,38.688,24.9,78.708,19.67,855.0,0.80064,5,0,background_non_event,24.902793400695188,94.51769292246617,2021-09-11,2021,NASA COOLR/GLC,USGS SRTM 90m via Open Topo Data,Sentinel-2 L2A / Microsoft Planetary Computer,Open-Meteo ERA5-Land historical reanalysis
0.0,0.0,0.0,0.0,40.625,15.158,80.917,21.83,2023.0,0.88608,0,0,background_non_event,29.1764536488728,95.25952505870657,2021-09-13,2021,NASA COOLR/GLC,USGS SRTM 90m via Open Topo Data,Sentinel-2 L2A / Microsoft Planetary Computer,Open-Meteo ERA5-Land historical reanalysis
0.0,0.0,0.0,0.0,41.829,26.875,87.375,4.32,37.0,0.91811,4,0,background_non_event,22.04587985630984,91.99800571019733,2021-09-16,2021,NASA COOLR/GLC,USGS SRTM 90m via Open Topo Data,Sentinel-2 L2A / Microsoft Planetary Computer,Open-Meteo ERA5-Land historical reanalysis
0.0,0.0,0.0,0.0,47.079,25.854,93.458,7.29,236.0,0.87602,1,0,background_non_event,25.446710717070754,90.76650342904306,2021-09-16,2021,NASA COOLR/GLC,USGS SRTM 90m via Open Topo Data,Sentinel-2 L2A / Microsoft Planetary Computer,Open-Meteo ERA5-Land historical reanalysis
0.0,0.0,0.0,0.0,48.254,27.588,88.625,0.83,6.0,0.89166,0,0,background_non_event,22.142810011596083,88.65246317949452,2021-09-17,2021,NASA COOLR/GLC,USGS SRTM 90m via Open Topo Data,Sentinel-2 L2A / Microsoft Planetary Computer,Open-Meteo ERA5-Land historical reanalysis
0.0,0.0,0.0,0.0,49.938,23.338,96.458,23.77,581.0,0.9006,9,0,background_non_event,25.334919831587904,91.93332169497775,2021-09-18,2021,NASA COOLR/GLC,USGS SRTM 90m via Open Topo Data,NASA MODIS MOD13Q1.061 / Microsoft Planetary Computer,Open-Meteo ERA5-Land historical reanalysis
0.0,0.0,0.0,0.0,42.298,25.633,91.208,1.3,72.0,0.4978,0,0,background_non_event,26.613976529698597,91.41317949052362,2021-09-18,2021,NASA COOLR/GLC,USGS SRTM 90m via Open Topo Data,Sentinel-2 L2A / Microsoft Planetary Computer,Open-Meteo ERA5-Land historical reanalysis
0.0,0.0,0.0,0.0,42.717,23.008,94.375,19.72,591.0,0.34915,0,0,background_non_event,22.110643034696157,93.82406667882955,2021-09-19,2021,NASA COOLR/GLC,USGS SRTM 90m via Open Topo Data,Sentinel-2 L2A / Microsoft Planetary Computer,Open-Meteo ERA5-Land historical reanalysis
0.0,0.0,0.0,0.0,39.773,24.383,96.333,3.59,59.0,0.90279,6,0,background_non_event,23.152985823767086,92.1022881860847,2021-09-19,2021,NASA COOLR/GLC,USGS SRTM 90m via Open Topo Data,Sentinel-2 L2A / Microsoft Planetary Computer,Open-Meteo ERA5-Land historical reanalysis
0.0,0.0,0.0,0.0,40.342,25.887,89.208,0.78,11.0,0.71446,4,0,background_non_event,24.914800672461286,91.44409256670419,2021-09-21,2021,NASA COOLR/GLC,USGS SRTM 90m via Open Topo Data,Sentinel-2 L2A / Microsoft Planetary Computer,Open-Meteo ERA5-Land historical reanalysis
0.0,0.0,0.0,0.0,46.308,21.183,83.417,15.84,1274.0,0.79708,0,0,background_non_event,22.648970234321652,97.14970351618382,2021-09-24,2021,NASA COOLR/GLC,USGS SRTM 90m via Open Topo Data,Sentinel-2 L2A / Microsoft Planetary Computer,Open-Meteo ERA5-Land historical reanalysis
0.0,0.0,0.0,0.0,37.981,27.287,83.375,0.53,15.0,0.6,8,0,background_non_event,25.130876658348917,91.81302015171893,2021-09-28,2021,NASA COOLR/GLC,USGS SRTM 90m via Open Topo Data,Sentinel-2 L2A / Microsoft Planetary Computer,Open-Meteo ERA5-Land historical reanalysis
0.0,0.0,0.0,0.0,41.371,18.488,90.958,18.1,1476.0,0.15959,0,0,background_non_event,22.11278549374203,93.69706396846996,2021-09-29,2021,NASA COOLR/GLC,USGS SRTM 90m via Open Topo Data,Sentinel-2 L2A / Microsoft Planetary Computer,Open-Meteo ERA5-Land historical reanalysis
0.0,0.0,0.0,0.0,35.585,6.05,76.125,4.39,4475.0,0.07473,0,0,background_non_event,28.83566976528531,91.22550478402744,2021-10-04,2021,NASA COOLR/GLC,USGS SRTM 90m via Open Topo Data,Sentinel-2 L2A / Microsoft Planetary Computer,Open-Meteo ERA5-Land historical reanalysis
0.0,0.0,0.0,0.0,40.198,25.975,79.083,8.07,356.0,0.68276,1,0,background_non_event,27.97702927537116,94.97614456088148,2021-10-05,2021,NASA COOLR/GLC,USGS SRTM 90m via Open Topo Data,Sentinel-2 L2A / Microsoft Planetary Computer,Open-Meteo ERA5-Land historical reanalysis
0.0,0.0,0.0,0.0,38.492,-1.088,85.792,20.78,5206.0,0.01386,0,0,background_non_event,29.33666056737445,96.79445343883484,2021-10-06,2021,NASA COOLR/GLC,USGS SRTM 90m via Open Topo Data,Sentinel-2 L2A / Microsoft Planetary Computer,Open-Meteo ERA5-Land historical reanalysis
0.0,0.0,0.0,0.0,39.765,2.262,84.792,33.95,4793.0,0.0524,0,0,background_non_event,29.092498549646777,94.02471908695296,2021-10-07,2021,NASA COOLR/GLC,USGS SRTM 90m via Open Topo Data,NASA MODIS MOD13Q1.061 / Microsoft Planetary Computer,Open-Meteo ERA5-Land historical reanalysis
0.0,0.0,0.0,0.0,45.95,28.637,82.667,2.78,240.0,0.54588,0,0,background_non_event,23.264814818464178,95.64155351172685,2021-10-11,2021,NASA COOLR/GLC,USGS SRTM 90m via Open Topo Data,Sentinel-2 L2A / Microsoft Planetary Computer,Open-Meteo ERA5-Land historical reanalysis
0.0,0.0,0.0,0.0,38.337,21.858,83.458,14.77,1198.0,0.8902,2,0,background_non_event,23.405703233090208,93.86318536334798,2021-10-12,2021,NASA COOLR/GLC,USGS SRTM 90m via Open Topo Data,NASA MODIS MOD13Q1.061 / Microsoft Planetary Computer,Open-Meteo ERA5-Land historical reanalysis
0.0,0.0,0.0,0.0,46.531,29.042,84.5,3.28,281.0,0.85933,0,0,background_non_event,23.867148757294476,95.50090092207562,2021-10-14,2021,NASA COOLR/GLC,USGS SRTM 90m via Open Topo Data,Sentinel-2 L2A / Microsoft Planetary Computer,Open-Meteo ERA5-Land historical reanalysis
0.0,0.0,0.0,0.0,30.756,29.883,80.167,0.97,20.0,0.5972,0,0,background_non_event,24.927172369429826,88.95580257318521,2021-10-15,2021,NASA COOLR/GLC,USGS SRTM 90m via Open Topo Data,NASA MODIS MOD13Q1.061 / Microsoft Planetary Computer,Open-Meteo ERA5-Land historical reanalysis
0.0,0.0,0.0,0.0,36.29,28.762,82.542,0.25,5.0,0.85215,0,0,background_non_event,23.681279092873993,90.65536892585004,2021-10-16,2021,NASA COOLR/GLC,USGS SRTM 90m via Open Topo Data,Sentinel-2 L2A / Microsoft Planetary Computer,Open-Meteo ERA5-Land historical reanalysis
0.0,0.0,0.0,0.0,37.346,24.425,87.75,19.09,582.0,0.82291,7,0,background_non_event,23.557256595407047,92.90306103248864,2021-10-19,2021,NASA COOLR/GLC,USGS SRTM 90m via Open Topo Data,Sentinel-2 L2A / Microsoft Planetary Computer,Open-Meteo ERA5-Land historical reanalysis
0.0,0.0,0.0,0.0,45.665,16.762,84.75,19.45,1478.0,0.86193,13,0,background_non_event,25.386750477469448,94.3162149386249,2021-10-22,2021,NASA COOLR/GLC,USGS SRTM 90m via Open Topo Data,Sentinel-2 L2A / Microsoft Planetary Computer,Open-Meteo ERA5-Land historical reanalysis
0.0,0.0,0.0,0.0,36.273,-5.342,83.25,18.09,5391.0,0.1696,0,0,background_non_event,28.441352937609782,89.71154295748923,2021-10-23,2021,NASA COOLR/GLC,USGS SRTM 90m via Open Topo Data,Sentinel-2 L2A / Microsoft Planetary Computer,Open-Meteo ERA5-Land historical reanalysis
0.0,0.0,0.0,0.0,30.656,-8.396,71.583,28.54,5879.0,-0.06704,3,0,background_non_event,27.691186221279736,88.25952890680506,2021-10-25,2021,NASA COOLR/GLC,USGS SRTM 90m via Open Topo Data,Sentinel-2 L2A / Microsoft Planetary Computer,Open-Meteo ERA5-Land historical reanalysis
0.0,0.0,0.0,0.0,34.177,17.512,78.5,27.27,892.0,0.8634,2,0,background_non_event,26.837974633485103,90.14638441860905,2021-10-30,2021,NASA COOLR/GLC,USGS SRTM 90m via Open Topo Data,NASA MODIS MOD13Q1.061 / Microsoft Planetary Computer,Open-Meteo ERA5-Land historical reanalysis
0.0,0.0,0.0,0.0,34.035,24.325,83.875,21.77,158.0,0.91734,0,0,background_non_event,21.903247971298523,92.79630755526817,2021-11-02,2021,NASA COOLR/GLC,USGS SRTM 90m via Open Topo Data,Sentinel-2 L2A / Microsoft Planetary Computer,Open-Meteo ERA5-Land historical reanalysis
0.0,0.0,0.0,0.0,23.683,23.142,73.042,0.78,23.0,0.65856,6,0,background_non_event,24.521674904714878,92.2344232038191,2021-11-06,2021,NASA COOLR/GLC,USGS SRTM 90m via Open Topo Data,Sentinel-2 L2A / Microsoft Planetary Computer,Open-Meteo ERA5-Land historical reanalysis
0.0,0.0,0.0,0.0,40.85,1.404,81.167,27.03,3278.0,0.71728,0,0,background_non_event,28.44982357067687,93.29835788558097,2021-11-07,2021,NASA COOLR/GLC,USGS SRTM 90m via Open Topo Data,Sentinel-2 L2A / Microsoft Planetary Computer,Open-Meteo ERA5-Land historical reanalysis
0.0,0.0,0.0,0.0,0.0,,,0.0,0.0,-0.18828,0,0,background_non_event,21.79661081499015,91.14577516642272,2021-11-08,2021,NASA COOLR/GLC,USGS SRTM 90m via Open Topo Data,Sentinel-2 L2A / Microsoft Planetary Computer,Open-Meteo ERA5-Land historical reanalysis
0.0,0.0,0.0,0.0,23.91,22.579,75.042,0.64,11.0,0.50957,0,0,background_non_event,23.284567381288397,88.97932308456075,2021-11-10,2021,NASA COOLR/GLC,USGS SRTM 90m via Open Topo Data,Sentinel-2 L2A / Microsoft Planetary Computer,Open-Meteo ERA5-Land historical reanalysis
0.0,0.0,0.0,0.0,26.046,22.758,71.833,0.61,24.0,0.40279,0,0,background_non_event,25.22376172550814,88.80155568442134,2021-11-11,2021,NASA COOLR/GLC,USGS SRTM 90m via Open Topo Data,Sentinel-2 L2A / Microsoft Planetary Computer,Open-Meteo ERA5-Land historical reanalysis
0.0,0.0,0.0,0.0,31.985,17.767,77.708,6.31,493.0,0.89586,0,0,background_non_event,27.229643719392467,97.48647118424692,2021-11-13,2021,NASA COOLR/GLC,USGS SRTM 90m via Open Topo Data,Sentinel-2 L2A / Microsoft Planetary Computer,Open-Meteo ERA5-Land historical reanalysis
0.0,0.0,0.0,0.0,21.523,21.754,67.833,0.59,20.0,0.4032,0,0,background_non_event,24.768639652797454,90.21910598756264,2021-11-16,2021,NASA COOLR/GLC,USGS SRTM 90m via Open Topo Data,Sentinel-2 L2A / Microsoft Planetary Computer,Open-Meteo ERA5-Land historical reanalysis
0.0,0.0,0.0,0.0,40.681,21.583,85.083,3.83,156.0,0.51841,0,0,background_non_event,23.823677282817062,96.6392805708218,2021-11-28,2021,NASA COOLR/GLC,USGS SRTM 90m via Open Topo Data,Sentinel-2 L2A / Microsoft Planetary Computer,Open-Meteo ERA5-Land historical reanalysis
0.0,0.0,0.0,0.0,24.227,14.546,74.5,13.66,1326.0,0.86502,9,0,background_non_event,25.052381463443545,93.90339251475399,2021-12-02,2021,NASA COOLR/GLC,USGS SRTM 90m via Open Topo Data,Sentinel-2 L2A / Microsoft Planetary Computer,Open-Meteo ERA5-Land historical reanalysis
0.0,0.0,0.0,0.0,34.567,18.05,96.375,2.13,216.0,0.84818,0,0,background_non_event,24.888019500377172,95.32232706249849,2021-12-06,2021,NASA COOLR/GLC,USGS SRTM 90m via Open Topo Data,Sentinel-2 L2A / Microsoft Planetary Computer,Open-Meteo ERA5-Land historical reanalysis
0.0,0.0,0.0,0.0,31.85,18.242,99.625,21.53,421.0,0.93253,7,0,background_non_event,25.040499901061366,93.31041100272593,2021-12-06,2021,NASA COOLR/GLC,USGS SRTM 90m via Open Topo Data,Sentinel-2 L2A / Microsoft Planetary Computer,Open-Meteo ERA5-Land historical reanalysis
0.0,0.0,0.0,0.0,48.519,17.204,93.5,3.23,908.0,0.70706,4,0,background_non_event,24.326067842356668,93.67536554961215,2021-12-08,2021,NASA COOLR/GLC,USGS SRTM 90m via Open Topo Data,Sentinel-2 L2A / Microsoft Planetary Computer,Open-Meteo ERA5-Land historical reanalysis
0.0,0.0,0.0,0.0,37.706,-1.375,78.417,32.04,4014.0,0.11268,0,0,background_non_event,28.576338014219527,96.11430607961455,2021-12-09,2021,NASA COOLR/GLC,USGS SRTM 90m via Open Topo Data,Sentinel-2 L2A / Microsoft Planetary Computer,Open-Meteo ERA5-Land historical reanalysis
0.0,0.0,0.0,0.0,32.273,-0.171,86.25,37.09,3345.0,0.36094,0,0,background_non_event,27.248903702325737,90.88481269395326,2021-12-11,2021,NASA COOLR/GLC,USGS SRTM 90m via Open Topo Data,Sentinel-2 L2A / Microsoft Planetary Computer,Open-Meteo ERA5-Land historical reanalysis
0.0,0.0,0.0,0.0,30.385,19.917,78.125,0.78,193.0,0.26512,0,0,background_non_event,24.898516594131568,96.4780989945656,2021-12-13,2021,NASA COOLR/GLC,USGS SRTM 90m via Open Topo Data,Sentinel-2 L2A / Microsoft Planetary Computer,Open-Meteo ERA5-Land historical reanalysis
0.0,0.0,0.0,0.0,10.908,-7.954,69.25,26.06,5054.0,0.08387,0,0,background_non_event,28.12126767021273,92.07974801037598,2021-12-13,2021,NASA COOLR/GLC,USGS SRTM 90m via Open Topo Data,Sentinel-2 L2A / Microsoft Planetary Computer,Open-Meteo ERA5-Land historical reanalysis
0.0,0.0,0.0,0.0,27.254,9.904,71.667,30.69,1632.0,0.7982,0,0,background_non_event,27.131583027998722,90.96143968473984,2021-12-14,2021,NASA COOLR/GLC,USGS SRTM 90m via Open Topo Data,NASA MODIS MOD13Q1.061 / Microsoft Planetary Computer,Open-Meteo ERA5-Land historical reanalysis
0.0,0.0,0.0,0.0,33.2,17.254,76.083,1.73,16.0,0.16389,0,0,background_non_event,23.338300493630744,88.50069026924827,2021-12-15,2021,NASA COOLR/GLC,USGS SRTM 90m via Open Topo Data,Sentinel-2 L2A / Microsoft Planetary Computer,Open-Meteo ERA5-Land historical reanalysis
0.0,0.0,0.0,0.0,33.669,17.162,72.833,9.59,450.0,0.7967,1,0,background_non_event,25.93463223346141,96.74304036347233,2021-12-16,2021,NASA COOLR/GLC,USGS SRTM 90m via Open Topo Data,Sentinel-2 L2A / Microsoft Planetary Computer,Open-Meteo ERA5-Land historical reanalysis
0.0,0.0,0.0,0.0,27.508,18.292,68.167,0.95,56.0,0.4669,16,0,background_non_event,26.475163448423274,91.61572027666173,2021-12-16,2021,NASA COOLR/GLC,USGS SRTM 90m via Open Topo Data,NASA MODIS MOD13Q1.061 / Microsoft Planetary Computer,Open-Meteo ERA5-Land historical reanalysis
0.0,0.0,0.0,0.0,35.562,9.979,68.542,30.41,1789.0,0.87752,0,0,background_non_event,28.767574377933492,94.26968899604296,2021-12-18,2021,NASA COOLR/GLC,USGS SRTM 90m via Open Topo Data,Sentinel-2 L2A / Microsoft Planetary Computer,Open-Meteo ERA5-Land historical reanalysis
0.0,0.0,0.0,0.0,27.056,8.888,67.667,33.75,1368.0,0.45212,1,0,background_non_event,27.085209215049446,91.23436927465015,2021-12-19,2021,NASA COOLR/GLC,USGS SRTM 90m via Open Topo Data,Sentinel-2 L2A / Microsoft Planetary Computer,Open-Meteo ERA5-Land historical reanalysis
0.0,0.0,0.0,0.0,37.077,-9.404,64.167,3.36,4562.0,0.15705,5,0,background_non_event,27.789232743752414,91.91242481749211,2021-12-21,2021,NASA COOLR/GLC,USGS SRTM 90m via Open Topo Data,Sentinel-2 L2A / Microsoft Planetary Computer,Open-Meteo ERA5-Land historical reanalysis
0.0,0.0,0.0,0.0,21.752,17.967,78.0,1.73,39.0,0.391,0,0,background_non_event,24.4891906648568,90.01057161403577,2021-12-22,2021,NASA COOLR/GLC,USGS SRTM 90m via Open Topo Data,Sentinel-2 L2A / Microsoft Planetary Computer,Open-Meteo ERA5-Land historical reanalysis
0.0,0.0,0.0,0.0,30.517,-1.429,69.833,22.52,3386.0,0.7327,1,0,background_non_event,25.758837467499905,95.04885132287305,2021-12-22,2021,NASA COOLR/GLC,USGS SRTM 90m via Open Topo Data,Sentinel-2 L2A / Microsoft Planetary Computer,Open-Meteo ERA5-Land historical reanalysis
0.0,0.0,0.0,0.0,28.292,18.796,76.125,0.81,7.0,0.53,0,0,background_non_event,23.529089141013525,89.72025197823325,2021-12-24,2021,NASA COOLR/GLC,USGS SRTM 90m via Open Topo Data,NASA MODIS MOD13Q1.061 / Microsoft Planetary Computer,Open-Meteo ERA5-Land historical reanalysis
0.0,0.0,0.0,0.0,21.119,14.233,70.0,24.62,451.0,0.91494,1,0,background_non_event,27.8294288601807,94.91423993868423,2021-12-26,2021,NASA COOLR/GLC,USGS SRTM 90m via Open Topo Data,Sentinel-2 L2A / Microsoft Planetary Computer,Open-Meteo ERA5-Land historical reanalysis
0.0,0.0,0.0,0.0,18.023,-10.046,56.792,25.61,4740.0,0.1749,0,0,background_non_event,28.80153979035294,89.81645118911085,2021-12-27,2021,NASA COOLR/GLC,USGS SRTM 90m via Open Topo Data,NASA MODIS MOD13Q1.061 / Microsoft Planetary Computer,Open-Meteo ERA5-Land historical reanalysis
0.0,0.0,0.0,0.0,26.517,21.633,59.083,0.44,100.0,0.24281,0,0,background_non_event,22.61476418176309,95.63210917650682,2021-12-28,2021,NASA COOLR/GLC,USGS SRTM 90m via Open Topo Data,Sentinel-2 L2A / Microsoft Planetary Computer,Open-Meteo ERA5-Land historical reanalysis
0.0,0.0,0.0,0.0,37.842,15.438,77.208,13.24,669.0,0.8634,5,0,background_non_event,25.87180915543872,96.42656166938272,2021-12-29,2021,NASA COOLR/GLC,USGS SRTM 90m via Open Topo Data,Sentinel-2 L2A / Microsoft Planetary Computer,Open-Meteo ERA5-Land historical reanalysis
0.0,0.0,0.0,0.0,26.117,19.713,75.792,1.24,4.0,0.34872,0,0,background_non_event,22.627291713595664,89.97485769497357,2021-12-30,2021,NASA COOLR/GLC,USGS SRTM 90m via Open Topo Data,Sentinel-2 L2A / Microsoft Planetary Computer,Open-Meteo ERA5-Land historical reanalysis
0.0,0.0,0.0,0.0,16.112,15.75,71.0,1.49,110.0,0.6008,3,0,background_non_event,26.92153240303127,92.71111043554995,2021-12-31,2021,NASA COOLR/GLC,USGS SRTM 90m via Open Topo Data,NASA MODIS MOD13Q1.061 / Microsoft Planetary Computer,Open-Meteo ERA5-Land historical reanalysis
0.0,0.0,0.0,0.0,17.35,18.208,75.5,1.06,14.0,0.15406,0,0,background_non_event,24.346499362233686,89.19498539501399,2022-01-06,2022,NASA COOLR/GLC,USGS SRTM 90m via Open Topo Data,Sentinel-2 L2A / Microsoft Planetary Computer,Open-Meteo ERA5-Land historical reanalysis
0.0,0.0,0.0,0.0,29.385,-4.171,40.708,20.74,4496.0,0.09303,0,0,background_non_event,28.992744406654282,88.92575392115903,2022-01-07,2022,NASA COOLR/GLC,USGS SRTM 90m via Open Topo Data,Sentinel-2 L2A / Microsoft Planetary Computer,Open-Meteo ERA5-Land historical reanalysis
0.0,0.0,0.0,0.0,24.921,13.204,62.125,24.43,1492.0,0.84606,2,0,background_non_event,23.707067506489274,93.45059941246566,2022-01-09,2022,NASA COOLR/GLC,USGS SRTM 90m via Open Topo Data,Sentinel-2 L2A / Microsoft Planetary Computer,Open-Meteo ERA5-Land historical reanalysis
0.0,0.0,0.0,0.0,35.854,16.221,85.25,19.53,295.0,0.76087,0,0,background_non_event,26.168430680076785,95.64431557932018,2022-01-09,2022,NASA COOLR/GLC,USGS SRTM 90m via Open Topo Data,Sentinel-2 L2A / Microsoft Planetary Computer,Open-Meteo ERA5-Land historical reanalysis
0.0,0.0,0.0,0.0,27.398,20.421,72.917,1.72,117.0,0.6356,1,0,background_non_event,23.654119378268756,91.79909691262809,2022-01-10,2022,NASA COOLR/GLC,USGS SRTM 90m via Open Topo Data,NASA MODIS MOD13Q1.061 / Microsoft Planetary Computer,Open-Meteo ERA5-Land historical reanalysis
0.0,0.0,0.0,0.0,26.46,15.237,77.958,23.19,808.0,0.8373,5,0,background_non_event,24.14454561622091,93.0195284264807,2022-01-10,2022,NASA COOLR/GLC,USGS SRTM 90m via Open Topo Data,NASA MODIS MOD13Q1.061 / Microsoft Planetary Computer,Open-Meteo ERA5-Land historical reanalysis
0.0,0.0,0.0,0.0,30.625,19.142,81.75,2.53,199.0,0.6259,0,0,background_non_event,23.380514921893557,96.67707945051534,2022-01-13,2022,NASA COOLR/GLC,USGS SRTM 90m via Open Topo Data,NASA MODIS MOD13Q1.061 / Microsoft Planetary Computer,Open-Meteo ERA5-Land historical reanalysis
0.0,0.0,0.0,0.0,28.16,14.433,88.667,0.73,771.0,0.00486,4,0,background_non_event,24.558453362095968,93.83956259546439,2022-01-16,2022,NASA COOLR/GLC,USGS SRTM 90m via Open Topo Data,Sentinel-2 L2A / Microsoft Planetary Computer,Open-Meteo ERA5-Land historical reanalysis
0.0,0.0,0.0,0.0,34.65,-20.438,72.542,29.01,4517.0,0.14862,0,0,background_non_event,29.538823085965063,94.36487445108537,2022-01-19,2022,NASA COOLR/GLC,USGS SRTM 90m via Open Topo Data,Sentinel-2 L2A / Microsoft Planetary Computer,Open-Meteo ERA5-Land historical reanalysis
0.0,0.0,0.0,0.0,21.206,16.825,74.5,1.26,8.0,0.3038,0,0,background_non_event,23.281683323253386,89.44583775151686,2022-01-20,2022,NASA COOLR/GLC,USGS SRTM 90m via Open Topo Data,Sentinel-2 L2A / Microsoft Planetary Computer,Open-Meteo ERA5-Land historical reanalysis
0.0,0.0,0.0,0.0,21.61,15.683,64.0,14.67,964.0,0.45196,1,0,background_non_event,22.960420076996712,93.41176450607533,2022-01-23,2022,NASA COOLR/GLC,USGS SRTM 90m via Open Topo Data,Sentinel-2 L2A / Microsoft Planetary Computer,Open-Meteo ERA5-Land historical reanalysis
0.0,0.0,0.0,0.0,25.408,-9.812,42.125,12.18,4750.0,0.0575,0,0,background_non_event,28.54617687613433,88.17220575553776,2022-01-24,2022,NASA COOLR/GLC,USGS SRTM 90m via Open Topo Data,NASA MODIS MOD13Q1.061 / Microsoft Planetary Computer,Open-Meteo ERA5-Land historical reanalysis
0.0,0.0,0.0,0.0,24.758,17.771,86.667,9.12,128.0,0.85097,8,0,background_non_event,22.976010134249034,92.35212973917886,2022-01-26,2022,NASA COOLR/GLC,USGS SRTM 90m via Open Topo Data,Sentinel-2 L2A / Microsoft Planetary Computer,Open-Meteo ERA5-Land historical reanalysis
0.0,0.0,0.0,0.0,32.296,17.354,85.583,9.3,326.0,0.56677,0,0,background_non_event,23.496305157608397,96.99127943434104,2022-01-27,2022,NASA COOLR/GLC,USGS SRTM 90m via Open Topo Data,Sentinel-2 L2A / Microsoft Planetary Computer,Open-Meteo ERA5-Land historical reanalysis
0.0,0.0,0.0,0.0,24.213,14.463,65.042,0.74,19.0,0.19577,0,0,background_non_event,24.140004736672832,88.31275845635169,2022-01-28,2022,NASA COOLR/GLC,USGS SRTM 90m via Open Topo Data,Sentinel-2 L2A / Microsoft Planetary Computer,Open-Meteo ERA5-Land historical reanalysis
0.0,0.0,0.0,0.0,25.61,14.812,68.75,0.72,11.0,0.14441,0,0,background_non_event,23.286245990402964,88.99930380733336,2022-01-29,2022,NASA COOLR/GLC,USGS SRTM 90m via Open Topo Data,Sentinel-2 L2A / Microsoft Planetary Computer,Open-Meteo ERA5-Land historical reanalysis
0.0,0.0,0.0,0.0,18.979,15.0,80.458,0.74,51.0,0.25199,0,0,background_non_event,26.36412852701666,89.22471609692984,2022-02-01,2022,NASA COOLR/GLC,USGS SRTM 90m via Open Topo Data,Sentinel-2 L2A / Microsoft Planetary Computer,Open-Meteo ERA5-Land historical reanalysis
0.0,0.0,0.0,0.0,26.421,16.258,65.0,0.8,794.0,0.23122,0,0,background_non_event,22.226101350773757,96.58261677178794,2022-02-03,2022,NASA COOLR/GLC,USGS SRTM 90m via Open Topo Data,Sentinel-2 L2A / Microsoft Planetary Computer,Open-Meteo ERA5-Land historical reanalysis
0.0,0.0,0.0,0.0,25.756,15.846,68.75,31.5,684.0,0.84553,5,0,background_non_event,23.559239626931365,92.49309605645328,2022-02-04,2022,NASA COOLR/GLC,USGS SRTM 90m via Open Topo Data,Sentinel-2 L2A / Microsoft Planetary Computer,Open-Meteo ERA5-Land historical reanalysis
0.0,0.0,0.0,0.0,33.95,-14.708,43.917,16.16,4213.0,-0.00375,0,0,background_non_event,28.613308235219417,93.2605436233377,2022-02-06,2022,NASA COOLR/GLC,USGS SRTM 90m via Open Topo Data,Sentinel-2 L2A / Microsoft Planetary Computer,Open-Meteo ERA5-Land historical reanalysis
0.0,0.0,0.0,0.0,44.892,12.938,70.25,15.66,970.0,0.58357,5,0,background_non_event,26.010105634032058,96.24936815000373,2022-02-07,2022,NASA COOLR/GLC,USGS SRTM 90m via Open Topo Data,Sentinel-2 L2A / Microsoft Planetary Computer,Open-Meteo ERA5-Land historical reanalysis
0.0,0.0,0.0,0.0,39.079,13.667,74.333,1.57,175.0,0.4768,0,0,background_non_event,27.9474103501889,95.90128360215195,2022-02-08,2022,NASA COOLR/GLC,USGS SRTM 90m via Open Topo Data,Sentinel-2 L2A / Microsoft Planetary Computer,Open-Meteo ERA5-Land historical reanalysis
0.0,0.0,0.0,0.0,41.377,14.867,80.792,2.28,132.0,0.46719,0,0,background_non_event,27.538238658163856,95.5678135271189,2022-02-12,2022,NASA COOLR/GLC,USGS SRTM 90m via Open Topo Data,Sentinel-2 L2A / Microsoft Planetary Computer,Open-Meteo ERA5-Land historical reanalysis
0.0,0.0,0.0,0.0,15.171,18.387,59.125,22.23,379.0,0.52552,0,0,background_non_event,21.69174161837223,92.86996541783202,2022-02-15,2022,NASA COOLR/GLC,USGS SRTM 90m via Open Topo Data,Sentinel-2 L2A / Microsoft Planetary Computer,Open-Meteo ERA5-Land historical reanalysis
0.0,0.0,0.0,0.0,23.817,18.287,64.917,0.75,14.0,0.41468,0,0,background_non_event,23.31816416279549,88.74944030803816,2022-02-16,2022,NASA COOLR/GLC,USGS SRTM 90m via Open Topo Data,Sentinel-2 L2A / Microsoft Planetary Computer,Open-Meteo ERA5-Land historical reanalysis
0.0,0.0,0.0,0.0,42.931,18.067,72.208,0.64,134.0,0.30813,0,0,background_non_event,27.731670226219016,95.72217397125642,2022-02-17,2022,NASA COOLR/GLC,USGS SRTM 90m via Open Topo Data,Sentinel-2 L2A / Microsoft Planetary Computer,Open-Meteo ERA5-Land historical reanalysis
0.0,0.0,0.0,0.0,26.381,12.45,86.333,8.52,552.0,0.48255,0,0,background_non_event,26.47542758766824,96.31574883308558,2022-02-25,2022,NASA COOLR/GLC,USGS SRTM 90m via Open Topo Data,Sentinel-2 L2A / Microsoft Planetary Computer,Open-Meteo ERA5-Land historical reanalysis
0.0,0.0,0.0,0.0,37.465,12.896,76.083,22.89,831.0,0.46065,3,0,background_non_event,27.086057691404914,92.96608649460826,2022-02-25,2022,NASA COOLR/GLC,USGS SRTM 90m via Open Topo Data,Sentinel-2 L2A / Microsoft Planetary Computer,Open-Meteo ERA5-Land historical reanalysis
0.0,0.0,0.0,0.0,29.2,13.742,48.042,14.35,1823.0,0.47771,0,0,background_non_event,23.300370590810903,97.08316446346221,2022-02-28,2022,NASA COOLR/GLC,USGS SRTM 90m via Open Topo Data,Sentinel-2 L2A / Microsoft Planetary Computer,Open-Meteo ERA5-Land historical reanalysis
0.0,0.0,0.0,0.0,40.256,4.008,68.333,28.98,3109.0,0.29963,0,0,background_non_event,28.777168153554967,95.424085603317,2022-03-08,2022,NASA COOLR/GLC,USGS SRTM 90m via Open Topo Data,Sentinel-2 L2A / Microsoft Planetary Computer,Open-Meteo ERA5-Land historical reanalysis
0.0,0.0,0.0,0.0,18.827,-2.238,36.625,26.0,5003.0,0.13098,0,0,background_non_event,28.75927060814916,91.98384231045732,2022-03-18,2022,NASA COOLR/GLC,USGS SRTM 90m via Open Topo Data,Sentinel-2 L2A / Microsoft Planetary Computer,Open-Meteo ERA5-Land historical reanalysis
0.0,0.0,0.0,0.0,32.3,-4.312,38.917,2.14,4466.0,-0.03527,0,0,background_non_event,29.391455364438645,96.88902107422024,2022-03-18,2022,NASA COOLR/GLC,USGS SRTM 90m via Open Topo Data,Sentinel-2 L2A / Microsoft Planetary Computer,Open-Meteo ERA5-Land historical reanalysis
0.0,0.0,0.0,0.0,42.11,5.129,83.958,24.87,3754.0,0.47801,0,0,background_non_event,27.392182153998114,90.96514077944096,2022-03-19,2022,NASA COOLR/GLC,USGS SRTM 90m via Open Topo Data,Sentinel-2 L2A / Microsoft Planetary Computer,Open-Meteo ERA5-Land historical reanalysis
0.0,0.0,0.0,0.0,13.5,26.529,80.167,0.83,13.0,0.2294,0,0,background_non_event,22.157521933451598,91.14627424470513,2022-03-22,2022,NASA COOLR/GLC,USGS SRTM 90m via Open Topo Data,Sentinel-2 L2A / Microsoft Planetary Computer,Open-Meteo ERA5-Land historical reanalysis
0.0,0.0,0.0,0.0,36.815,-2.858,67.792,17.26,5142.0,0.08336,0,0,background_non_event,28.288277301567494,88.66088655066396,2022-03-22,2022,NASA COOLR/GLC,USGS SRTM 90m via Open Topo Data,Sentinel-2 L2A / Microsoft Planetary Computer,Open-Meteo ERA5-Land historical reanalysis
0.0,0.0,0.0,0.0,15.081,29.121,70.542,1.21,8.0,0.38508,0,0,background_non_event,22.99573383751122,89.34519062911602,2022-03-25,2022,NASA COOLR/GLC,USGS SRTM 90m via Open Topo Data,Sentinel-2 L2A / Microsoft Planetary Computer,Open-Meteo ERA5-Land historical reanalysis
0.0,0.0,0.0,0.0,13.704,28.575,71.083,0.66,6.0,0.25005,0,0,background_non_event,23.2638913819482,90.52362941642417,2022-03-25,2022,NASA COOLR/GLC,USGS SRTM 90m via Open Topo Data,Sentinel-2 L2A / Microsoft Planetary Computer,Open-Meteo ERA5-Land historical reanalysis
0.0,0.0,0.0,0.0,41.552,2.771,85.458,24.76,4473.0,0.20156,1,0,background_non_event,27.740025596592194,89.04469794981237,2022-03-29,2022,NASA COOLR/GLC,USGS SRTM 90m via Open Topo Data,Sentinel-2 L2A / Microsoft Planetary Computer,Open-Meteo ERA5-Land historical reanalysis
0.0,0.0,0.0,0.0,27.512,27.196,64.667,6.02,135.0,0.2614,0,0,background_non_event,24.856770473990366,94.90506539968732,2022-03-30,2022,NASA COOLR/GLC,USGS SRTM 90m via Open Topo Data,Sentinel-2 L2A / Microsoft Planetary Computer,Open-Meteo ERA5-Land historical reanalysis
0.0,0.0,0.0,0.0,22.383,26.321,78.75,0.58,34.0,0.5723,5,0,background_non_event,24.42286325938022,92.4370856712103,2022-03-31,2022,NASA COOLR/GLC,USGS SRTM 90m via Open Topo Data,NASA MODIS MOD13Q1.061 / Microsoft Planetary Computer,Open-Meteo ERA5-Land historical reanalysis
0.0,0.0,0.0,0.0,48.804,18.537,88.0,17.39,1191.0,0.36216,5,0,background_non_event,25.985776153479627,96.29455110807754,2022-03-31,2022,NASA COOLR/GLC,USGS SRTM 90m via Open Topo Data,Sentinel-2 L2A / Microsoft Planetary Computer,Open-Meteo ERA5-Land historical reanalysis
0.0,0.0,0.0,0.0,34.477,19.662,68.333,9.71,813.0,0.33139,0,0,background_non_event,22.35736295431174,97.50621905983468,2022-04-02,2022,NASA COOLR/GLC,USGS SRTM 90m via Open Topo Data,Sentinel-2 L2A / Microsoft Planetary Computer,Open-Meteo ERA5-Land historical reanalysis
0.0,0.0,0.0,0.0,46.506,21.883,90.958,1.86,120.0,0.29118,4,0,background_non_event,26.29127851976945,93.8623859315308,2022-04-02,2022,NASA COOLR/GLC,USGS SRTM 90m via Open Topo Data,Sentinel-2 L2A / Microsoft Planetary Computer,Open-Meteo ERA5-Land historical reanalysis
0.0,0.0,0.0,0.0,39.881,22.896,91.25,0.55,43.0,0.16963,0,0,background_non_event,26.223998149436635,89.37404385074427,2022-04-03,2022,NASA COOLR/GLC,USGS SRTM 90m via Open Topo Data,Sentinel-2 L2A / Microsoft Planetary Computer,Open-Meteo ERA5-Land historical reanalysis
0.0,0.0,0.0,0.0,15.498,30.367,65.125,0.41,18.0,0.33828,0,0,background_non_event,24.145058044600276,88.35566965008196,2022-04-04,2022,NASA COOLR/GLC,USGS SRTM 90m via Open Topo Data,Sentinel-2 L2A / Microsoft Planetary Computer,Open-Meteo ERA5-Land historical reanalysis
0.0,0.0,0.0,0.0,30.881,30.475,47.25,1.52,186.0,0.12212,0,0,background_non_event,21.70175502432702,95.72821605437079,2022-04-06,2022,NASA COOLR/GLC,USGS SRTM 90m via Open Topo Data,Sentinel-2 L2A / Microsoft Planetary Computer,Open-Meteo ERA5-Land historical reanalysis
0.0,0.0,0.0,0.0,14.408,27.258,50.958,17.16,406.0,0.529,0,0,background_non_event,24.323342441060447,94.50503454215588,2022-04-07,2022,NASA COOLR/GLC,USGS SRTM 90m via Open Topo Data,NASA MODIS MOD13Q1.061 / Microsoft Planetary Computer,Open-Meteo ERA5-Land historical reanalysis
0.0,0.0,0.0,0.0,19.04,28.033,70.958,4.81,103.0,0.41929,6,0,background_non_event,24.29371807909319,92.4073743942487,2022-04-10,2022,NASA COOLR/GLC,USGS SRTM 90m via Open Topo Data,Sentinel-2 L2A / Microsoft Planetary Computer,Open-Meteo ERA5-Land historical reanalysis
0.0,0.0,0.0,0.0,42.077,22.262,75.333,3.79,785.0,0.2584,0,0,background_non_event,23.085763126208413,97.51631422780555,2022-04-12,2022,NASA COOLR/GLC,USGS SRTM 90m via Open Topo Data,Sentinel-2 L2A / Microsoft Planetary Computer,Open-Meteo ERA5-Land historical reanalysis
0.0,0.0,0.0,0.0,26.215,32.871,46.542,0.64,100.0,0.23452,0,0,background_non_event,22.624218966640072,95.59047304601684,2022-04-15,2022,NASA COOLR/GLC,USGS SRTM 90m via Open Topo Data,Sentinel-2 L2A / Microsoft Planetary Computer,Open-Meteo ERA5-Land historical reanalysis
0.0,0.0,0.0,0.0,22.227,2.163,36.75,20.52,4486.0,0.11556,0,0,background_non_event,29.470843500505744,89.02680103643361,2022-04-17,2022,NASA COOLR/GLC,USGS SRTM 90m via Open Topo Data,Sentinel-2 L2A / Microsoft Planetary Computer,Open-Meteo ERA5-Land historical reanalysis
0.0,0.0,0.0,0.0,41.46,19.754,92.833,26.64,1075.0,0.48759,21,0,background_non_event,27.482709429606423,93.55151165348653,2022-04-22,2022,NASA COOLR/GLC,USGS SRTM 90m via Open Topo Data,Sentinel-2 L2A / Microsoft Planetary Computer,Open-Meteo ERA5-Land historical reanalysis
0.0,0.0,0.0,0.0,31.342,25.175,77.792,1.48,144.0,0.8023,0,0,background_non_event,26.761245343485612,90.41614561477591,2022-04-25,2022,NASA COOLR/GLC,USGS SRTM 90m via Open Topo Data,NASA MODIS MOD13Q1.061 / Microsoft Planetary Computer,Open-Meteo ERA5-Land historical reanalysis
0.0,0.0,0.0,0.0,25.575,23.688,73.5,1.72,349.0,0.00617,1,0,background_non_event,26.907589624989036,89.09924066817112,2022-04-25,2022,NASA COOLR/GLC,USGS SRTM 90m via Open Topo Data,Sentinel-2 L2A / Microsoft Planetary Computer,Open-Meteo ERA5-Land historical reanalysis
0.0,0.0,0.0,0.0,34.587,-2.938,29.542,18.3,5296.0,0.01348,0,0,background_non_event,29.640278844455825,91.49123831992819,2022-04-30,2022,NASA COOLR/GLC,USGS SRTM 90m via Open Topo Data,Sentinel-2 L2A / Microsoft Planetary Computer,Open-Meteo ERA5-Land historical reanalysis
0.0,0.0,0.0,0.0,23.529,-1.992,56.583,14.9,5335.0,0.0621,0,0,background_non_event,28.750129365916322,88.88406987310218,2022-05-01,2022,NASA COOLR/GLC,USGS SRTM 90m via Open Topo Data,Sentinel-2 L2A / Microsoft Planetary Computer,Open-Meteo ERA5-Land historical reanalysis
0.0,0.0,0.0,0.0,30.958,19.942,82.0,22.32,760.0,-0.04163,1,0,background_non_event,26.926275794716837,91.90451637300913,2022-05-02,2022,NASA COOLR/GLC,USGS SRTM 90m via Open Topo Data,Sentinel-2 L2A / Microsoft Planetary Computer,Open-Meteo ERA5-Land historical reanalysis
0.0,0.0,0.0,0.0,45.804,6.45,90.333,43.79,2907.0,-0.02196,0,0,background_non_event,26.974726122521787,97.21691056758948,2022-05-04,2022,NASA COOLR/GLC,USGS SRTM 90m via Open Topo Data,Sentinel-2 L2A / Microsoft Planetary Computer,Open-Meteo ERA5-Land historical reanalysis
0.0,0.0,0.0,0.0,37.627,20.2,74.958,8.65,1438.0,0.57661,0,0,background_non_event,23.89044381343885,97.42729785158903,2022-05-08,2022,NASA COOLR/GLC,USGS SRTM 90m via Open Topo Data,Sentinel-2 L2A / Microsoft Planetary Computer,Open-Meteo ERA5-Land historical reanalysis
0.0,0.0,0.0,0.0,31.633,26.488,87.917,2.04,18.0,0.4787,0,0,background_non_event,23.409275270842976,88.45907657186615,2022-05-09,2022,NASA COOLR/GLC,USGS SRTM 90m via Open Topo Data,Sentinel-2 L2A / Microsoft Planetary Computer,Open-Meteo ERA5-Land historical reanalysis
0.0,0.0,0.0,0.0,36.26,25.854,92.958,0.14,13.0,0.52442,0,0,background_non_event,24.19607922201536,89.27640641094354,2022-05-10,2022,NASA COOLR/GLC,USGS SRTM 90m via Open Topo Data,Sentinel-2 L2A / Microsoft Planetary Computer,Open-Meteo ERA5-Land historical reanalysis
0.0,0.0,0.0,0.0,35.61,29.254,81.458,0.7,7.0,0.164,1,0,background_non_event,23.11121371249283,91.15737936206811,2022-05-17,2022,NASA COOLR/GLC,USGS SRTM 90m via Open Topo Data,NASA MODIS MOD13Q1.061 / Microsoft Planetary Computer,Open-Meteo ERA5-Land historical reanalysis
0.0,0.0,0.0,0.0,48.744,23.175,92.125,0.3,114.0,0.03112,0,0,background_non_event,27.651389012007343,95.12431030730454,2022-05-18,2022,NASA COOLR/GLC,USGS SRTM 90m via Open Topo Data,Sentinel-2 L2A / Microsoft Planetary Computer,Open-Meteo ERA5-Land historical reanalysis
0.0,0.0,0.0,0.0,40.154,3.875,63.917,12.13,4803.0,0.09412,0,0,background_non_event,28.757351539974994,92.26069807648614,2022-05-18,2022,NASA COOLR/GLC,USGS SRTM 90m via Open Topo Data,Sentinel-2 L2A / Microsoft Planetary Computer,Open-Meteo ERA5-Land historical reanalysis
0.0,0.0,0.0,0.0,42.596,24.688,87.583,2.69,743.0,0.50035,0,0,background_non_event,21.745909785524024,97.15203146898335,2022-05-20,2022,NASA COOLR/GLC,USGS SRTM 90m via Open Topo Data,Sentinel-2 L2A / Microsoft Planetary Computer,Open-Meteo ERA5-Land historical reanalysis
0.0,0.0,0.0,0.0,37.9,26.696,83.208,12.26,319.0,0.8266,5,0,background_non_event,23.769064392645568,92.34333199600852,2022-05-24,2022,NASA COOLR/GLC,USGS SRTM 90m via Open Topo Data,NASA MODIS MOD13Q1.061 / Microsoft Planetary Computer,Open-Meteo ERA5-Land historical reanalysis
0.0,0.0,0.0,0.0,44.662,27.104,85.333,4.56,159.0,0.50276,0,0,background_non_event,23.850318530360884,94.58348593442145,2022-05-24,2022,NASA COOLR/GLC,USGS SRTM 90m via Open Topo Data,Sentinel-2 L2A / Microsoft Planetary Computer,Open-Meteo ERA5-Land historical reanalysis
0.0,0.0,0.0,0.0,47.696,19.329,81.292,33.38,1877.0,0.0731,1,0,background_non_event,25.799215930559054,95.2124412276978,2022-05-24,2022,NASA COOLR/GLC,USGS SRTM 90m via Open Topo Data,NASA MODIS MOD13Q1.061 / Microsoft Planetary Computer,Open-Meteo ERA5-Land historical reanalysis
0.0,0.0,0.0,0.0,33.123,3.108,53.708,21.03,5028.0,0.09634,0,0,background_non_event,29.53489930959819,88.60390198161896,2022-05-25,2022,NASA COOLR/GLC,USGS SRTM 90m via Open Topo Data,Sentinel-2 L2A / Microsoft Planetary Computer,Open-Meteo ERA5-Land historical reanalysis
0.0,0.0,0.0,0.0,39.383,12.963,72.625,16.29,2751.0,0.1209,2,0,background_non_event,27.363242225461246,89.43496083280102,2022-05-26,2022,NASA COOLR/GLC,USGS SRTM 90m via Open Topo Data,NASA MODIS MOD13Q1.061 / Microsoft Planetary Computer,Open-Meteo ERA5-Land historical reanalysis
0.0,0.0,0.0,0.0,46.427,27.533,78.667,2.79,249.0,0.479,0,0,background_non_event,23.477674521010837,95.15919376342474,2022-05-29,2022,NASA COOLR/GLC,USGS SRTM 90m via Open Topo Data,Sentinel-2 L2A / Microsoft Planetary Computer,Open-Meteo ERA5-Land historical reanalysis
0.0,0.0,0.0,0.0,47.133,20.1,81.333,15.66,1316.0,0.1748,16,0,background_non_event,25.806061048134932,94.055679839905,2022-05-29,2022,NASA COOLR/GLC,USGS SRTM 90m via Open Topo Data,NASA MODIS MOD13Q1.061 / Microsoft Planetary Computer,Open-Meteo ERA5-Land historical reanalysis
0.0,0.0,0.0,0.0,40.719,6.292,91.75,29.55,4518.0,0.7362,0,0,background_non_event,28.72102413853066,93.34033060929325,2022-06-02,2022,NASA COOLR/GLC,USGS SRTM 90m via Open Topo Data,NASA MODIS MOD13Q1.061 / Microsoft Planetary Computer,Open-Meteo ERA5-Land historical reanalysis
0.0,0.0,0.0,0.0,42.727,10.783,96.583,24.44,3317.0,0.6767,0,0,background_non_event,28.688119510464748,95.5073574092404,2022-06-04,2022,NASA COOLR/GLC,USGS SRTM 90m via Open Topo Data,NASA MODIS MOD13Q1.061 / Microsoft Planetary Computer,Open-Meteo ERA5-Land historical reanalysis
0.0,0.0,0.0,0.0,47.19,27.463,75.458,3.14,360.0,0.56611,0,0,background_non_event,22.45347767438037,94.61809464369765,2022-06-12,2022,NASA COOLR/GLC,USGS SRTM 90m via Open Topo Data,Sentinel-2 L2A / Microsoft Planetary Computer,Open-Meteo ERA5-Land historical reanalysis
0.0,0.0,0.0,0.0,42.358,14.946,92.542,21.9,2927.0,0.53465,0,0,background_non_event,28.42028973868526,93.29037691610444,2022-06-23,2022,NASA COOLR/GLC,USGS SRTM 90m via Open Topo Data,Sentinel-2 L2A / Microsoft Planetary Computer,Open-Meteo ERA5-Land historical reanalysis
0.0,0.0,0.0,0.0,42.337,17.071,93.375,19.95,1999.0,0.1285,1,0,background_non_event,27.00316797321445,89.12087011360624,2022-06-26,2022,NASA COOLR/GLC,USGS SRTM 90m via Open Topo Data,NASA MODIS MOD13Q1.061 / Microsoft Planetary Computer,Open-Meteo ERA5-Land historical reanalysis
0.0,0.0,0.0,0.0,39.956,18.471,87.125,9.41,1791.0,0.3006,1,0,background_non_event,23.864588034839258,93.60792116596241,2022-07-01,2022,NASA COOLR/GLC,USGS SRTM 90m via Open Topo Data,NASA MODIS MOD13Q1.061 / Microsoft Planetary Computer,Open-Meteo ERA5-Land historical reanalysis
0.0,0.0,0.0,0.0,48.215,28.108,85.625,0.34,63.0,0.06457,0,0,background_non_event,26.14351298363149,92.43812745718425,2022-07-03,2022,NASA COOLR/GLC,USGS SRTM 90m via Open Topo Data,Sentinel-2 L2A / Microsoft Planetary Computer,Open-Meteo ERA5-Land historical reanalysis
0.0,0.0,0.0,0.0,48.21,28.188,84.0,0.85,10.0,0.2211,0,0,background_non_event,21.758649808873372,89.36082939051401,2022-07-07,2022,NASA COOLR/GLC,USGS SRTM 90m via Open Topo Data,NASA MODIS MOD13Q1.061 / Microsoft Planetary Computer,Open-Meteo ERA5-Land historical reanalysis
0.0,0.0,0.0,0.0,34.108,29.367,79.75,0.72,10.0,0.1455,0,0,background_non_event,23.316332439037286,88.28350074757985,2022-07-07,2022,NASA COOLR/GLC,USGS SRTM 90m via Open Topo Data,NASA MODIS MOD13Q1.061 / Microsoft Planetary Computer,Open-Meteo ERA5-Land historical reanalysis
0.0,0.0,0.0,0.0,33.317,29.717,77.708,0.72,31.0,0.5326,1,0,background_non_event,25.65943604490776,89.34309718454628,2022-07-08,2022,NASA COOLR/GLC,USGS SRTM 90m via Open Topo Data,NASA MODIS MOD13Q1.061 / Microsoft Planetary Computer,Open-Meteo ERA5-Land historical reanalysis
0.0,0.0,0.0,0.0,33.583,9.246,67.167,12.49,4640.0,0.05787,0,0,background_non_event,28.53907667153483,88.24821297260715,2022-07-08,2022,NASA COOLR/GLC,USGS SRTM 90m via Open Topo Data,Sentinel-2 L2A / Microsoft Planetary Computer,Open-Meteo ERA5-Land historical reanalysis
0.0,0.0,0.0,0.0,25.662,5.275,64.583,16.48,5209.0,0.0412,0,0,background_non_event,28.745267875588116,88.68658399580488,2022-07-15,2022,NASA COOLR/GLC,USGS SRTM 90m via Open Topo Data,Sentinel-2 L2A / Microsoft Planetary Computer,Open-Meteo ERA5-Land historical reanalysis
0.0,0.0,0.0,0.0,41.269,27.571,76.083,6.95,634.0,0.61166,0,0,background_non_event,27.40850314828723,96.2632875248125,2022-07-16,2022,NASA COOLR/GLC,USGS SRTM 90m via Open Topo Data,Sentinel-2 L2A / Microsoft Planetary Computer,Open-Meteo ERA5-Land historical reanalysis
0.0,0.0,0.0,0.0,47.108,29.321,83.708,0.36,3.0,0.1015,0,0,background_non_event,22.53197856750475,89.26845200862925,2022-07-19,2022,NASA COOLR/GLC,USGS SRTM 90m via Open Topo Data,NASA MODIS MOD13Q1.061 / Microsoft Planetary Computer,Open-Meteo ERA5-Land historical reanalysis
0.0,0.0,0.0,0.0,46.798,25.908,97.542,1.01,209.0,0.41712,0,0,background_non_event,26.329283278770895,96.6251800361449,2022-07-19,2022,NASA COOLR/GLC,USGS SRTM 90m via Open Topo Data,Sentinel-2 L2A / Microsoft Planetary Computer,Open-Meteo ERA5-Land historical reanalysis
0.0,0.0,0.0,0.0,49.069,26.621,91.917,0.4,64.0,0.23165,0,0,background_non_event,26.56720436643947,90.13861670420266,2022-07-19,2022,NASA COOLR/GLC,USGS SRTM 90m via Open Topo Data,Sentinel-2 L2A / Microsoft Planetary Computer,Open-Meteo ERA5-Land historical reanalysis
0.0,0.0,0.0,0.0,42.477,11.554,96.0,23.39,3669.0,0.8814,2,0,background_non_event,27.438397895376205,89.0393217460314,2022-07-19,2022,NASA COOLR/GLC,USGS SRTM 90m via Open Topo Data,NASA MODIS MOD13Q1.061 / Microsoft Planetary Computer,Open-Meteo ERA5-Land historical reanalysis
0.0,0.0,0.0,0.0,41.808,27.658,86.458,0.92,7.0,0.5683,0,0,background_non_event,22.527868972312287,90.50275987309327,2022-07-23,2022,NASA COOLR/GLC,USGS SRTM 90m via Open Topo Data,NASA MODIS MOD13Q1.061 / Microsoft Planetary Computer,Open-Meteo ERA5-Land historical reanalysis
0.0,0.0,0.0,0.0,43.823,18.967,91.583,25.35,1754.0,0.48134,2,0,background_non_event,25.44129144432061,94.69245155175157,2022-07-25,2022,NASA COOLR/GLC,USGS SRTM 90m via Open Topo Data,Sentinel-2 L2A / Microsoft Planetary Computer,Open-Meteo ERA5-Land historical reanalysis
0.0,0.0,0.0,0.0,34.098,28.912,85.625,0.81,18.0,0.5091,0,0,background_non_event,23.978109815082455,88.63919259824905,2022-07-31,2022,NASA COOLR/GLC,USGS SRTM 90m via Open Topo Data,NASA MODIS MOD13Q1.061 / Microsoft Planetary Computer,Open-Meteo ERA5-Land historical reanalysis
0.0,0.0,0.0,0.0,47.658,27.946,88.25,1.11,157.0,0.7788,0,0,background_non_event,24.40764080780638,95.87079516654258,2022-07-31,2022,NASA COOLR/GLC,USGS SRTM 90m via Open Topo Data,NASA MODIS MOD13Q1.061 / Microsoft Planetary Computer,Open-Meteo ERA5-Land historical reanalysis
0.0,0.0,0.0,0.0,35.585,24.912,96.333,1.57,129.0,-0.10008,1,0,background_non_event,26.761162335606336,89.32849985330887,2022-08-01,2022,NASA COOLR/GLC,USGS SRTM 90m via Open Topo Data,Sentinel-2 L2A / Microsoft Planetary Computer,Open-Meteo ERA5-Land historical reanalysis
0.0,0.0,0.0,0.0,42.525,27.808,90.0,0.78,17.0,0.7932,0,0,background_non_event,24.917471486059217,89.54052037107193,2022-08-03,2022,NASA COOLR/GLC,USGS SRTM 90m via Open Topo Data,NASA MODIS MOD13Q1.061 / Microsoft Planetary Computer,Open-Meteo ERA5-Land historical reanalysis
0.0,0.0,0.0,0.0,39.806,12.912,89.125,34.52,3231.0,0.8934,0,0,background_non_event,28.586496731051437,96.98093157575255,2022-08-03,2022,NASA COOLR/GLC,USGS SRTM 90m via Open Topo Data,NASA MODIS MOD13Q1.061 / Microsoft Planetary Computer,Open-Meteo ERA5-Land historical reanalysis
0.0,0.0,0.0,0.0,40.423,28.5,84.875,0.42,7.0,0.8042,0,0,background_non_event,23.565437772403804,90.41126715903644,2022-08-04,2022,NASA COOLR/GLC,USGS SRTM 90m via Open Topo Data,NASA MODIS MOD13Q1.061 / Microsoft Planetary Computer,Open-Meteo ERA5-Land historical reanalysis
0.0,0.0,0.0,0.0,48.719,20.062,88.042,5.0,1830.0,0.7669,11,0,background_non_event,25.52314041743659,91.84332173161168,2022-08-05,2022,NASA COOLR/GLC,USGS SRTM 90m via Open Topo Data,NASA MODIS MOD13Q1.061 / Microsoft Planetary Computer,Open-Meteo ERA5-Land historical reanalysis
0.0,0.0,0.0,0.0,39.767,4.171,75.958,36.74,5201.0,-0.00817,0,0,background_non_event,29.178353381940866,93.0213002611449,2022-08-07,2022,NASA COOLR/GLC,USGS SRTM 90m via Open Topo Data,Sentinel-2 L2A / Microsoft Planetary Computer,Open-Meteo ERA5-Land historical reanalysis
0.0,0.0,0.0,0.0,38.95,27.6,82.417,4.09,64.0,0.5096,1,0,background_non_event,21.877664211938026,92.38578627168212,2022-08-08,2022,NASA COOLR/GLC,USGS SRTM 90m via Open Topo Data,NASA MODIS MOD13Q1.061 / Microsoft Planetary Computer,Open-Meteo ERA5-Land historical reanalysis
0.0,0.0,0.0,0.0,48.39,29.479,83.833,0.67,16.0,-0.05127,7,0,background_non_event,24.824907523085173,92.51364406304995,2022-08-08,2022,NASA COOLR/GLC,USGS SRTM 90m via Open Topo Data,Sentinel-2 L2A / Microsoft Planetary Computer,Open-Meteo ERA5-Land historical reanalysis
0.0,0.0,0.0,0.0,41.925,10.667,86.375,23.38,3984.0,0.48713,1,0,background_non_event,27.462510066076277,89.12366893368502,2022-08-08,2022,NASA COOLR/GLC,USGS SRTM 90m via Open Topo Data,Sentinel-2 L2A / Microsoft Planetary Computer,Open-Meteo ERA5-Land historical reanalysis
0.0,0.0,0.0,0.0,41.231,14.963,86.667,39.02,3120.0,0.19309,0,0,background_non_event,27.79057089677124,96.94736416373009,2022-08-09,2022,NASA COOLR/GLC,USGS SRTM 90m via Open Topo Data,Sentinel-2 L2A / Microsoft Planetary Computer,Open-Meteo ERA5-Land historical reanalysis
0.0,0.0,0.0,0.0,40.275,9.787,73.25,0.0,4442.0,-0.00995,0,0,background_non_event,29.062136001600287,90.69623590262559,2022-08-10,2022,NASA COOLR/GLC,USGS SRTM 90m via Open Topo Data,Sentinel-2 L2A / Microsoft Planetary Computer,Open-Meteo ERA5-Land historical reanalysis
0.0,0.0,0.0,0.0,0.0,,,0.0,0.0,-0.12835,1,0,background_non_event,21.696138626833108,91.58284596599827,2022-08-13,2022,NASA COOLR/GLC,USGS SRTM 90m via Open Topo Data,Sentinel-2 L2A / Microsoft Planetary Computer,Open-Meteo ERA5-Land historical reanalysis
0.0,0.0,0.0,0.0,37.727,28.113,81.792,0.74,7.0,0.2225,0,0,background_non_event,23.289825633915356,89.50217304555244,2022-08-13,2022,NASA COOLR/GLC,USGS SRTM 90m via Open Topo Data,Sentinel-2 L2A / Microsoft Planetary Computer,Open-Meteo ERA5-Land historical reanalysis
0.0,0.0,0.0,0.0,21.667,-0.017,92.708,14.57,5916.0,-0.05672,0,0,background_non_event,28.246871551248688,90.28246164450775,2022-08-17,2022,NASA COOLR/GLC,USGS SRTM 90m via Open Topo Data,Sentinel-2 L2A / Microsoft Planetary Computer,Open-Meteo ERA5-Land historical reanalysis
0.0,0.0,0.0,0.0,35.65,28.812,76.125,1.11,11.0,0.8116,0,0,background_non_event,24.37004831535417,90.69947664528121,2022-08-25,2022,NASA COOLR/GLC,USGS SRTM 90m via Open Topo Data,NASA MODIS MOD13Q1.061 / Microsoft Planetary Computer,Open-Meteo ERA5-Land historical reanalysis
0.0,0.0,0.0,0.0,41.069,22.942,88.375,22.52,1212.0,0.40441,16,0,background_non_event,27.274794704342444,88.2014020357328,2022-08-26,2022,NASA COOLR/GLC,USGS SRTM 90m via Open Topo Data,Sentinel-2 L2A / Microsoft Planetary Computer,Open-Meteo ERA5-Land historical reanalysis
0.0,0.0,0.0,0.0,42.435,20.113,98.083,27.26,1435.0,0.7159,2,0,background_non_event,23.55203052989154,93.7505351155821,2022-08-27,2022,NASA COOLR/GLC,USGS SRTM 90m via Open Topo Data,NASA MODIS MOD13Q1.061 / Microsoft Planetary Computer,Open-Meteo ERA5-Land historical reanalysis
0.0,0.0,0.0,0.0,39.492,29.246,78.375,1.0,9.0,0.2514,0,0,background_non_event,24.34063748036633,90.55133336355914,2022-08-30,2022,NASA COOLR/GLC,USGS SRTM 90m via Open Topo Data,Sentinel-2 L2A / Microsoft Planetary Computer,Open-Meteo ERA5-Land historical reanalysis
0.0,0.0,0.0,0.0,42.731,14.5,97.417,49.51,2764.0,0.52798,0,0,background_non_event,28.80190615880311,94.21677909202087,2022-08-31,2022,NASA COOLR/GLC,USGS SRTM 90m via Open Topo Data,Sentinel-2 L2A / Microsoft Planetary Computer,Open-Meteo ERA5-Land historical reanalysis
0.0,0.0,0.0,0.0,30.508,6.325,75.375,32.32,4797.0,0.19806,0,0,background_non_event,29.48911773025924,91.13741594296026,2022-08-31,2022,NASA COOLR/GLC,USGS SRTM 90m via Open Topo Data,Sentinel-2 L2A / Microsoft Planetary Computer,Open-Meteo ERA5-Land historical reanalysis
0.0,0.0,0.0,0.0,48.392,22.821,92.667,23.47,988.0,0.9253,0,0,background_non_event,23.712781149575644,97.3738627123089,2022-09-01,2022,NASA COOLR/GLC,USGS SRTM 90m via Open Topo Data,NASA MODIS MOD13Q1.061 / Microsoft Planetary Computer,Open-Meteo ERA5-Land historical reanalysis
0.0,0.0,0.0,0.0,44.473,26.529,91.0,2.39,47.0,0.4686,5,0,background_non_event,24.55051560239402,92.28194190818942,2022-09-04,2022,NASA COOLR/GLC,USGS SRTM 90m via Open Topo Data,Sentinel-2 L2A / Microsoft Planetary Computer,Open-Meteo ERA5-Land historical reanalysis
0.0,0.0,0.0,0.0,42.573,9.633,94.333,20.74,3988.0,0.6058,0,0,background_non_event,28.88054927214714,92.99351636537044,2022-09-04,2022,NASA COOLR/GLC,USGS SRTM 90m via Open Topo Data,NASA MODIS MOD13Q1.061 / Microsoft Planetary Computer,Open-Meteo ERA5-Land historical reanalysis
0.0,0.0,0.0,0.0,48.752,26.125,89.333,26.96,325.0,0.44826,1,0,background_non_event,26.176328335876217,93.70673121178235,2022-09-05,2022,NASA COOLR/GLC,USGS SRTM 90m via Open Topo Data,Sentinel-2 L2A / Microsoft Planetary Computer,Open-Meteo ERA5-Land historical reanalysis
0.0,0.0,0.0,0.0,42.679,30.121,71.333,1.38,93.0,0.5515,0,0,background_non_event,22.238066977695436,95.15211879197291,2022-09-06,2022,NASA COOLR/GLC,USGS SRTM 90m via Open Topo Data,NASA MODIS MOD13Q1.061 / Microsoft Planetary Computer,Open-Meteo ERA5-Land historical reanalysis
0.0,0.0,0.0,0.0,41.123,28.308,86.333,0.53,5.0,0.24469,0,0,background_non_event,23.830479693252705,90.3384377993463,2022-09-06,2022,NASA COOLR/GLC,USGS SRTM 90m via Open Topo Data,Sentinel-2 L2A / Microsoft Planetary Computer,Open-Meteo ERA5-Land historical reanalysis
0.0,0.0,0.0,0.0,42.69,5.225,92.583,25.77,4330.0,0.0387,0,0,background_non_event,28.84137799708294,96.54549641641526,2022-09-06,2022,NASA COOLR/GLC,USGS SRTM 90m via Open Topo Data,NASA MODIS MOD13Q1.061 / Microsoft Planetary Computer,Open-Meteo ERA5-Land historical reanalysis
0.0,0.0,0.0,0.0,40.462,27.646,84.458,0.68,9.0,0.23054,0,0,background_non_event,23.357503605586157,89.61177856393266,2022-09-10,2022,NASA COOLR/GLC,USGS SRTM 90m via Open Topo Data,Sentinel-2 L2A / Microsoft Planetary Computer,Open-Meteo ERA5-Land historical reanalysis
0.0,0.0,0.0,0.0,41.012,27.142,90.542,1.22,9.0,0.7255,0,0,background_non_event,23.084278944629382,88.9870037649362,2022-09-15,2022,NASA COOLR/GLC,USGS SRTM 90m via Open Topo Data,NASA MODIS MOD13Q1.061 / Microsoft Planetary Computer,Open-Meteo ERA5-Land historical reanalysis
0.0,0.0,0.0,0.0,42.742,8.108,96.583,29.25,3795.0,0.23,0,0,background_non_event,28.073962531359285,92.84979148061055,2022-09-15,2022,NASA COOLR/GLC,USGS SRTM 90m via Open Topo Data,NASA MODIS MOD13Q1.061 / Microsoft Planetary Computer,Open-Meteo ERA5-Land historical reanalysis
0.0,0.0,0.0,0.0,42.633,20.262,94.958,34.85,946.0,0.917,1,0,background_non_event,28.261666560446955,94.73429265503478,2022-09-15,2022,NASA COOLR/GLC,USGS SRTM 90m via Open Topo Data,NASA MODIS MOD13Q1.061 / Microsoft Planetary Computer,Open-Meteo ERA5-Land historical reanalysis
0.0,0.0,0.0,0.0,41.287,27.475,86.333,1.86,15.0,0.4338,0,0,background_non_event,22.73338189311392,88.37168815483993,2022-09-20,2022,NASA COOLR/GLC,USGS SRTM 90m via Open Topo Data,NASA MODIS MOD13Q1.061 / Microsoft Planetary Computer,Open-Meteo ERA5-Land historical reanalysis
0.0,0.0,0.0,0.0,48.285,25.137,87.25,5.26,495.0,0.838,0,0,background_non_event,22.69498295019181,97.3745710034175,2022-09-22,2022,NASA COOLR/GLC,USGS SRTM 90m via Open Topo Data,NASA MODIS MOD13Q1.061 / Microsoft Planetary Computer,Open-Meteo ERA5-Land historical reanalysis
0.0,0.0,0.0,0.0,40.048,25.521,94.333,11.09,120.0,0.57188,5,0,background_non_event,24.22255540588875,92.54235995346167,2022-09-24,2022,NASA COOLR/GLC,USGS SRTM 90m via Open Topo Data,Sentinel-2 L2A / Microsoft Planetary Computer,Open-Meteo ERA5-Land historical reanalysis
0.0,0.0,0.0,0.0,25.31,27.7,84.75,0.76,7.0,0.53869,0,0,background_non_event,22.691958114193113,91.12166489097014,2022-09-26,2022,NASA COOLR/GLC,USGS SRTM 90m via Open Topo Data,Sentinel-2 L2A / Microsoft Planetary Computer,Open-Meteo ERA5-Land historical reanalysis
0.0,0.0,0.0,0.0,38.812,28.817,82.458,0.87,61.0,0.56091,0,0,background_non_event,26.193774228486376,88.21446532532943,2022-10-01,2022,NASA COOLR/GLC,USGS SRTM 90m via Open Topo Data,Sentinel-2 L2A / Microsoft Planetary Computer,Open-Meteo ERA5-Land historical reanalysis
0.0,0.0,0.0,0.0,40.923,9.329,80.875,23.23,3651.0,0.01796,0,0,background_non_event,29.18120572799491,95.78045140692049,2022-10-01,2022,NASA COOLR/GLC,USGS SRTM 90m via Open Topo Data,Sentinel-2 L2A / Microsoft Planetary Computer,Open-Meteo ERA5-Land historical reanalysis
0.0,0.0,0.0,0.0,41.527,26.083,88.958,9.71,128.0,0.56193,5,0,background_non_event,22.52947213313679,92.60329248139142,2022-10-03,2022,NASA COOLR/GLC,USGS SRTM 90m via Open Topo Data,Sentinel-2 L2A / Microsoft Planetary Computer,Open-Meteo ERA5-Land historical reanalysis
0.0,0.0,0.0,0.0,42.163,17.708,93.792,28.47,1725.0,0.58763,1,0,background_non_event,27.36857787478833,91.1766437949269,2022-10-04,2022,NASA COOLR/GLC,USGS SRTM 90m via Open Topo Data,Sentinel-2 L2A / Microsoft Planetary Computer,Open-Meteo ERA5-Land historical reanalysis
0.0,0.0,0.0,0.0,35.05,3.846,65.417,21.53,4819.0,0.08778,0,0,background_non_event,29.46335321232966,89.34622365842935,2022-10-08,2022,NASA COOLR/GLC,USGS SRTM 90m via Open Topo Data,Sentinel-2 L2A / Microsoft Planetary Computer,Open-Meteo ERA5-Land historical reanalysis
0.0,0.0,0.0,0.0,46.587,13.242,72.333,38.02,2488.0,0.16239,0,0,background_non_event,26.06444584104687,95.29939871288923,2022-10-21,2022,NASA COOLR/GLC,USGS SRTM 90m via Open Topo Data,Sentinel-2 L2A / Microsoft Planetary Computer,Open-Meteo ERA5-Land historical reanalysis
0.0,0.0,0.0,0.0,36.258,2.796,69.083,31.12,3732.0,0.34296,0,0,background_non_event,29.135113149090653,96.25500680222946,2022-10-22,2022,NASA COOLR/GLC,USGS SRTM 90m via Open Topo Data,Sentinel-2 L2A / Microsoft Planetary Computer,Open-Meteo ERA5-Land historical reanalysis
0.0,0.0,0.0,0.0,34.417,-3.342,60.625,23.14,4844.0,0.09416,0,0,background_non_event,28.96958026874598,91.72584324824184,2022-10-23,2022,NASA COOLR/GLC,USGS SRTM 90m via Open Topo Data,Sentinel-2 L2A / Microsoft Planetary Computer,Open-Meteo ERA5-Land historical reanalysis
0.0,0.0,0.0,0.0,48.606,20.425,96.667,13.58,903.0,0.53103,0,0,background_non_event,21.96516487596494,94.40376524152246,2022-10-24,2022,NASA COOLR/GLC,USGS SRTM 90m via Open Topo Data,Sentinel-2 L2A / Microsoft Planetary Computer,Open-Meteo ERA5-Land historical reanalysis
0.0,0.0,0.0,0.0,39.292,23.079,90.5,1.3,11.0,0.40126,0,0,background_non_event,23.245253550623865,90.46829208572927,2022-10-24,2022,NASA COOLR/GLC,USGS SRTM 90m via Open Topo Data,Sentinel-2 L2A / Microsoft Planetary Computer,Open-Meteo ERA5-Land historical reanalysis
0.0,0.0,0.0,0.0,36.065,24.058,98.792,0.89,108.0,0.45687,0,0,background_non_event,24.394051460431278,97.25500882303095,2022-10-25,2022,NASA COOLR/GLC,USGS SRTM 90m via Open Topo Data,Sentinel-2 L2A / Microsoft Planetary Computer,Open-Meteo ERA5-Land historical reanalysis
0.0,0.0,0.0,0.0,48.473,22.654,94.75,5.79,238.0,0.61413,6,0,background_non_event,26.52567836662286,94.55070909682931,2022-10-25,2022,NASA COOLR/GLC,USGS SRTM 90m via Open Topo Data,Sentinel-2 L2A / Microsoft Planetary Computer,Open-Meteo ERA5-Land historical reanalysis
0.0,0.0,0.0,0.0,45.477,23.938,83.25,0.81,19.0,0.6188,0,0,background_non_event,24.26996038470869,90.27708965315726,2022-10-26,2022,NASA COOLR/GLC,USGS SRTM 90m via Open Topo Data,NASA MODIS MOD13Q1.061 / Microsoft Planetary Computer,Open-Meteo ERA5-Land historical reanalysis
0.0,0.0,0.0,0.0,37.61,-8.329,78.125,35.69,4509.0,0.00748,0,0,background_non_event,28.95513318652073,96.7192976972844,2022-10-29,2022,NASA COOLR/GLC,USGS SRTM 90m via Open Topo Data,Sentinel-2 L2A / Microsoft Planetary Computer,Open-Meteo ERA5-Land historical reanalysis
0.0,0.0,0.0,0.0,18.162,-12.9,81.542,20.57,5785.0,0.03306,0,0,background_non_event,28.258498087222147,90.26369389717313,2022-10-30,2022,NASA COOLR/GLC,USGS SRTM 90m via Open Topo Data,Sentinel-2 L2A / Microsoft Planetary Computer,Open-Meteo ERA5-Land historical reanalysis
0.0,0.0,0.0,0.0,41.565,0.967,75.417,18.0,3903.0,0.29768,0,0,background_non_event,29.591598980338254,95.83015289187159,2022-11-02,2022,NASA COOLR/GLC,USGS SRTM 90m via Open Topo Data,Sentinel-2 L2A / Microsoft Planetary Computer,Open-Meteo ERA5-Land historical reanalysis
0.0,0.0,0.0,0.0,29.89,24.588,73.542,1.33,13.0,0.53784,0,0,background_non_event,22.707557153338286,88.66523791915537,2022-11-03,2022,NASA COOLR/GLC,USGS SRTM 90m via Open Topo Data,Sentinel-2 L2A / Microsoft Planetary Computer,Open-Meteo ERA5-Land historical reanalysis
0.0,0.0,0.0,0.0,41.131,22.946,83.958,12.48,262.0,0.51463,0,0,background_non_event,24.79783510921591,95.56910067116523,2022-11-04,2022,NASA COOLR/GLC,USGS SRTM 90m via Open Topo Data,Sentinel-2 L2A / Microsoft Planetary Computer,Open-Meteo ERA5-Land historical reanalysis
0.0,0.0,0.0,0.0,38.606,23.054,82.042,14.57,257.0,0.52991,0,0,background_non_event,23.801019347445916,96.17373112917838,2022-11-06,2022,NASA COOLR/GLC,USGS SRTM 90m via Open Topo Data,Sentinel-2 L2A / Microsoft Planetary Computer,Open-Meteo ERA5-Land historical reanalysis
0.0,0.0,0.0,0.0,36.581,25.933,64.292,0.85,10.0,0.50791,0,0,background_non_event,21.876899998113444,89.56454349850007,2022-11-10,2022,NASA COOLR/GLC,USGS SRTM 90m via Open Topo Data,Sentinel-2 L2A / Microsoft Planetary Computer,Open-Meteo ERA5-Land historical reanalysis
0.0,0.0,0.0,0.0,38.438,19.383,77.75,1.5,1086.0,0.46672,0,0,background_non_event,22.049365846838118,96.80902831699242,2022-11-11,2022,NASA COOLR/GLC,USGS SRTM 90m via Open Topo Data,Sentinel-2 L2A / Microsoft Planetary Computer,Open-Meteo ERA5-Land historical reanalysis
0.0,0.0,0.0,0.0,20.885,25.483,68.417,0.0,0.0,-0.12286,0,0,background_non_event,22.055239056255193,91.11306343444659,2022-11-11,2022,NASA COOLR/GLC,USGS SRTM 90m via Open Topo Data,Sentinel-2 L2A / Microsoft Planetary Computer,Open-Meteo ERA5-Land historical reanalysis
0.0,0.0,0.0,0.0,33.242,22.471,80.292,2.25,164.0,0.50483,0,0,background_non_event,24.076139931354334,96.69480076879059,2022-11-16,2022,NASA COOLR/GLC,USGS SRTM 90m via Open Topo Data,Sentinel-2 L2A / Microsoft Planetary Computer,Open-Meteo ERA5-Land historical reanalysis
0.0,0.0,0.0,0.0,28.79,19.717,85.542,3.11,153.0,0.56804,0,0,background_non_event,24.243357639335855,94.401086288962,2022-11-16,2022,NASA COOLR/GLC,USGS SRTM 90m via Open Topo Data,Sentinel-2 L2A / Microsoft Planetary Computer,Open-Meteo ERA5-Land historical reanalysis
0.0,0.0,0.0,0.0,38.258,0.746,44.292,9.52,3646.0,0.11399,0,0,background_non_event,29.605639669135314,90.98683877878267,2022-11-19,2022,NASA COOLR/GLC,USGS SRTM 90m via Open Topo Data,Sentinel-2 L2A / Microsoft Planetary Computer,Open-Meteo ERA5-Land historical reanalysis
0.0,0.0,0.0,0.0,22.917,20.675,72.542,0.35,12.0,0.4429,0,0,background_non_event,23.97529940580821,89.50709116294492,2022-11-22,2022,NASA COOLR/GLC,USGS SRTM 90m via Open Topo Data,Sentinel-2 L2A / Microsoft Planetary Computer,Open-Meteo ERA5-Land historical reanalysis
0.0,0.0,0.0,0.0,26.421,17.458,79.25,14.77,760.0,0.64002,6,0,background_non_event,23.484266345080094,92.84555494780287,2022-11-24,2022,NASA COOLR/GLC,USGS SRTM 90m via Open Topo Data,Sentinel-2 L2A / Microsoft Planetary Computer,Open-Meteo ERA5-Land historical reanalysis
0.0,0.0,0.0,0.0,19.415,20.838,68.167,0.69,22.0,0.5889,0,0,background_non_event,24.423883700433382,88.2641057529705,2022-11-25,2022,NASA COOLR/GLC,USGS SRTM 90m via Open Topo Data,NASA MODIS MOD13Q1.061 / Microsoft Planetary Computer,Open-Meteo ERA5-Land historical reanalysis
0.0,0.0,0.0,0.0,28.779,12.412,74.708,31.74,1325.0,0.52331,1,0,background_non_event,27.14756815490943,91.48730186164725,2022-11-27,2022,NASA COOLR/GLC,USGS SRTM 90m via Open Topo Data,Sentinel-2 L2A / Microsoft Planetary Computer,Open-Meteo ERA5-Land historical reanalysis
0.0,0.0,0.0,0.0,31.492,21.433,79.708,23.5,450.0,0.8435,0,0,background_non_event,24.869927325976555,96.00422400811776,2022-11-30,2022,NASA COOLR/GLC,USGS SRTM 90m via Open Topo Data,NASA MODIS MOD13Q1.061 / Microsoft Planetary Computer,Open-Meteo ERA5-Land historical reanalysis
0.0,0.0,0.0,0.0,29.998,5.492,80.375,27.27,3195.0,0.1679,1,0,background_non_event,27.25260080061351,90.35035250479397,2022-11-30,2022,NASA COOLR/GLC,USGS SRTM 90m via Open Topo Data,Sentinel-2 L2A / Microsoft Planetary Computer,Open-Meteo ERA5-Land historical reanalysis
0.0,0.0,0.0,0.0,17.91,21.204,73.958,0.86,12.0,0.29204,0,0,background_non_event,24.90273959614794,91.02405210127216,2022-12-05,2022,NASA COOLR/GLC,USGS SRTM 90m via Open Topo Data,Sentinel-2 L2A / Microsoft Planetary Computer,Open-Meteo ERA5-Land historical reanalysis
0.0,0.0,0.0,0.0,28.035,-4.292,55.708,24.96,4841.0,0.09982,0,0,background_non_event,28.55240203146607,92.5010848905754,2022-12-05,2022,NASA COOLR/GLC,USGS SRTM 90m via Open Topo Data,Sentinel-2 L2A / Microsoft Planetary Computer,Open-Meteo ERA5-Land historical reanalysis
0.0,0.0,0.0,0.0,22.69,21.054,68.292,5.19,142.0,0.55494,1,0,background_non_event,23.72610681669461,91.848632711344,2022-12-09,2022,NASA COOLR/GLC,USGS SRTM 90m via Open Topo Data,Sentinel-2 L2A / Microsoft Planetary Computer,Open-Meteo ERA5-Land historical reanalysis
0.0,0.0,0.0,0.0,27.973,7.263,69.208,21.45,2686.0,0.3259,6,0,background_non_event,27.308300230875904,91.72989393538653,2022-12-10,2022,NASA COOLR/GLC,USGS SRTM 90m via Open Topo Data,Sentinel-2 L2A / Microsoft Planetary Computer,Open-Meteo ERA5-Land historical reanalysis
0.0,0.0,0.0,0.0,29.281,22.367,68.125,4.04,183.0,0.54413,0,0,background_non_event,22.52626255755239,94.75347084561515,2022-12-11,2022,NASA COOLR/GLC,USGS SRTM 90m via Open Topo Data,Sentinel-2 L2A / Microsoft Planetary Computer,Open-Meteo ERA5-Land historical reanalysis
0.0,0.0,0.0,0.0,18.715,18.975,73.875,2.28,57.0,0.6628,7,0,background_non_event,24.938723055698382,93.10456263970556,2022-12-16,2022,NASA COOLR/GLC,USGS SRTM 90m via Open Topo Data,NASA MODIS MOD13Q1.061 / Microsoft Planetary Computer,Open-Meteo ERA5-Land historical reanalysis
0.0,0.0,0.0,0.0,18.279,21.017,84.417,1.04,39.0,0.44432,7,0,background_non_event,24.451168474474706,92.57037216350597,2022-12-19,2022,NASA COOLR/GLC,USGS SRTM 90m via Open Topo Data,Sentinel-2 L2A / Microsoft Planetary Computer,Open-Meteo ERA5-Land historical reanalysis
0.0,0.0,0.0,0.0,24.444,8.763,78.25,15.49,1811.0,0.43665,3,0,background_non_event,27.324776311665804,93.13785458550487,2022-12-20,2022,NASA COOLR/GLC,USGS SRTM 90m via Open Topo Data,Sentinel-2 L2A / Microsoft Planetary Computer,Open-Meteo ERA5-Land historical reanalysis
0.0,0.0,0.0,0.0,24.84,-2.1,42.958,34.06,4843.0,0.05586,0,0,background_non_event,29.09612082184214,90.08097972437339,2022-12-21,2022,NASA COOLR/GLC,USGS SRTM 90m via Open Topo Data,Sentinel-2 L2A / Microsoft Planetary Computer,Open-Meteo ERA5-Land historical reanalysis
0.0,0.0,0.0,0.0,37.133,5.087,86.292,14.0,2294.0,0.42535,1,0,background_non_event,27.541500721998933,89.75823335524234,2022-12-22,2022,NASA COOLR/GLC,USGS SRTM 90m via Open Topo Data,Sentinel-2 L2A / Microsoft Planetary Computer,Open-Meteo ERA5-Land historical reanalysis
0.0,0.0,0.0,0.0,35.598,-7.421,80.792,20.98,4814.0,0.0777,0,0,background_non_event,27.896414319105396,90.6934595947816,2022-12-22,2022,NASA COOLR/GLC,USGS SRTM 90m via Open Topo Data,Sentinel-2 L2A / Microsoft Planetary Computer,Open-Meteo ERA5-Land historical reanalysis
0.0,0.0,0.0,0.0,33.354,-13.379,77.375,37.28,5177.0,-0.05488,0,0,background_non_event,29.314247106326523,97.25746831556302,2022-12-25,2022,NASA COOLR/GLC,USGS SRTM 90m via Open Topo Data,Sentinel-2 L2A / Microsoft Planetary Computer,Open-Meteo ERA5-Land historical reanalysis
0.0,0.0,0.0,0.0,42.275,9.8,83.958,26.32,1030.0,0.44483,6,0,background_non_event,26.552575356129584,94.77633988023108,2022-12-31,2022,NASA COOLR/GLC,USGS SRTM 90m via Open Topo Data,Sentinel-2 L2A / Microsoft Planetary Computer,Open-Meteo ERA5-Land historical reanalysis
0.0,0.0,0.0,0.0,25.562,12.396,75.292,30.62,1121.0,0.54764,1,0,background_non_event,23.681884025563495,93.92968876362231,2023-01-01,2023,NASA COOLR/GLC,USGS SRTM 90m via Open Topo Data,Sentinel-2 L2A / Microsoft Planetary Computer,Open-Meteo ERA5-Land historical reanalysis
0.0,0.0,0.0,0.0,41.119,12.008,82.542,21.27,820.0,0.51164,0,0,background_non_event,25.749022899721208,95.3139047639407,2023-01-03,2023,NASA COOLR/GLC,USGS SRTM 90m via Open Topo Data,Sentinel-2 L2A / Microsoft Planetary Computer,Open-Meteo ERA5-Land historical reanalysis
0.0,0.0,0.0,0.0,17.181,17.192,75.833,1.52,15.0,0.38039,0,0,background_non_event,23.760833293477308,89.57599438663921,2023-01-04,2023,NASA COOLR/GLC,USGS SRTM 90m via Open Topo Data,Sentinel-2 L2A / Microsoft Planetary Computer,Open-Meteo ERA5-Land historical reanalysis
0.0,0.0,0.0,0.0,31.16,10.5,60.25,31.39,1164.0,0.59791,1,0,background_non_event,28.004505402863053,96.30935760071601,2023-01-04,2023,NASA COOLR/GLC,USGS SRTM 90m via Open Topo Data,Sentinel-2 L2A / Microsoft Planetary Computer,Open-Meteo ERA5-Land historical reanalysis
0.0,0.0,0.0,0.0,17.123,16.887,78.25,0.96,15.0,0.31581,0,0,background_non_event,24.31941719597817,89.25236726894181,2023-01-07,2023,NASA COOLR/GLC,USGS SRTM 90m via Open Topo Data,Sentinel-2 L2A / Microsoft Planetary Computer,Open-Meteo ERA5-Land historical reanalysis
0.0,0.0,0.0,0.0,16.444,16.925,74.708,0.51,28.0,0.0816,1,0,background_non_event,25.873024410023422,89.73085676521639,2023-01-10,2023,NASA COOLR/GLC,USGS SRTM 90m via Open Topo Data,Sentinel-2 L2A / Microsoft Planetary Computer,Open-Meteo ERA5-Land historical reanalysis
0.0,0.0,0.0,0.0,23.998,12.088,78.208,22.42,1077.0,0.47026,6,0,background_non_event,27.21684081289019,93.07844374251448,2023-01-10,2023,NASA COOLR/GLC,USGS SRTM 90m via Open Topo Data,Sentinel-2 L2A / Microsoft Planetary Computer,Open-Meteo ERA5-Land historical reanalysis
0.0,0.0,0.0,0.0,15.69,16.979,72.333,1.27,11.0,0.40185,0,0,background_non_event,23.79179820950161,89.34311833973992,2023-01-12,2023,NASA COOLR/GLC,USGS SRTM 90m via Open Topo Data,Sentinel-2 L2A / Microsoft Planetary Computer,Open-Meteo ERA5-Land historical reanalysis
0.0,0.0,0.0,0.0,34.9,14.9,79.25,14.01,479.0,0.51676,6,0,background_non_event,26.672344586334113,94.76451054689775,2023-01-13,2023,NASA COOLR/GLC,USGS SRTM 90m via Open Topo Data,Sentinel-2 L2A / Microsoft Planetary Computer,Open-Meteo ERA5-Land historical reanalysis
0.0,0.0,0.0,0.0,16.135,20.312,82.125,1.33,9.0,0.12925,0,0,background_non_event,23.199477383192246,88.28113444724697,2023-01-14,2023,NASA COOLR/GLC,USGS SRTM 90m via Open Topo Data,Sentinel-2 L2A / Microsoft Planetary Computer,Open-Meteo ERA5-Land historical reanalysis
0.0,0.0,0.0,0.0,26.633,16.213,73.208,7.76,169.0,0.30149,0,0,background_non_event,25.852707068365604,90.75938781759591,2023-01-15,2023,NASA COOLR/GLC,USGS SRTM 90m via Open Topo Data,Sentinel-2 L2A / Microsoft Planetary Computer,Open-Meteo ERA5-Land historical reanalysis
0.0,0.0,0.0,0.0,30.712,17.238,67.208,1.17,255.0,0.47562,0,0,background_non_event,25.12039985084244,95.91921655868556,2023-01-18,2023,NASA COOLR/GLC,USGS SRTM 90m via Open Topo Data,Sentinel-2 L2A / Microsoft Planetary Computer,Open-Meteo ERA5-Land historical reanalysis
0.0,0.0,0.0,0.0,26.85,19.025,67.708,0.64,4.0,0.14686,0,0,background_non_event,22.28869374900715,89.05058546071649,2023-01-20,2023,NASA COOLR/GLC,USGS SRTM 90m via Open Topo Data,Sentinel-2 L2A / Microsoft Planetary Computer,Open-Meteo ERA5-Land historical reanalysis
0.0,0.0,0.0,0.0,28.652,-1.35,31.958,0.99,4479.0,0.09075,0,0,background_non_event,28.719947685066465,90.47279668422021,2023-01-22,2023,NASA COOLR/GLC,USGS SRTM 90m via Open Topo Data,Sentinel-2 L2A / Microsoft Planetary Computer,Open-Meteo ERA5-Land historical reanalysis
0.0,0.0,0.0,0.0,19.142,16.137,68.083,13.17,810.0,0.48335,5,0,background_non_event,24.177094591213404,93.35618715224128,2023-01-25,2023,NASA COOLR/GLC,USGS SRTM 90m via Open Topo Data,Sentinel-2 L2A / Microsoft Planetary Computer,Open-Meteo ERA5-Land historical reanalysis
0.0,0.0,0.0,0.0,38.677,4.608,90.917,22.18,2970.0,0.738,0,0,background_non_event,27.496548339069573,91.08999736584404,2023-01-28,2023,NASA COOLR/GLC,USGS SRTM 90m via Open Topo Data,NASA MODIS MOD13Q1.061 / Microsoft Planetary Computer,Open-Meteo ERA5-Land historical reanalysis
0.0,0.0,0.0,0.0,30.075,19.529,72.875,1.52,100.0,0.5284,1,0,background_non_event,27.13747864849281,94.8628053498884,2023-01-29,2023,NASA COOLR/GLC,USGS SRTM 90m via Open Topo Data,NASA MODIS MOD13Q1.061 / Microsoft Planetary Computer,Open-Meteo ERA5-Land historical reanalysis
0.0,0.0,0.0,0.0,27.4,21.079,77.542,5.24,179.0,0.44592,0,0,background_non_event,24.316009603886812,94.71650203402208,2023-02-02,2023,NASA COOLR/GLC,USGS SRTM 90m via Open Topo Data,Sentinel-2 L2A / Microsoft Planetary Computer,Open-Meteo ERA5-Land historical reanalysis
0.0,0.0,0.0,0.0,26.656,19.567,73.417,2.18,98.0,0.22285,2,0,background_non_event,26.97177329340314,94.64898971683317,2023-02-03,2023,NASA COOLR/GLC,USGS SRTM 90m via Open Topo Data,Sentinel-2 L2A / Microsoft Planetary Computer,Open-Meteo ERA5-Land historical reanalysis
0.0,0.0,0.0,0.0,30.331,14.125,64.958,13.82,1096.0,0.4616,12,0,background_non_event,25.629255234270403,94.20102026094474,2023-02-07,2023,NASA COOLR/GLC,USGS SRTM 90m via Open Topo Data,NASA MODIS MOD13Q1.061 / Microsoft Planetary Computer,Open-Meteo ERA5-Land historical reanalysis
0.0,0.0,0.0,0.0,29.037,16.387,73.375,13.02,372.0,0.4947,0,0,background_non_event,26.180090525745122,95.82109881110186,2023-02-10,2023,NASA COOLR/GLC,USGS SRTM 90m via Open Topo Data,Sentinel-2 L2A / Microsoft Planetary Computer,Open-Meteo ERA5-Land historical reanalysis
0.0,0.0,0.0,0.0,17.523,21.125,63.875,1.9,129.0,0.12468,0,0,background_non_event,24.984756823824085,97.1437391311247,2023-02-12,2023,NASA COOLR/GLC,USGS SRTM 90m via Open Topo Data,Sentinel-2 L2A / Microsoft Planetary Computer,Open-Meteo ERA5-Land historical reanalysis
0.0,0.0,0.0,0.0,14.65,21.588,53.833,1.12,25.0,0.19291,0,0,background_non_event,25.087665254312302,88.89766973167823,2023-02-12,2023,NASA COOLR/GLC,USGS SRTM 90m via Open Topo Data,Sentinel-2 L2A / Microsoft Planetary Computer,Open-Meteo ERA5-Land historical reanalysis
0.0,0.0,0.0,0.0,42.546,-1.863,90.708,2.0,3957.0,0.02366,0,0,background_non_event,27.849723364782516,92.72869031633529,2023-02-12,2023,NASA COOLR/GLC,USGS SRTM 90m via Open Topo Data,Sentinel-2 L2A / Microsoft Planetary Computer,Open-Meteo ERA5-Land historical reanalysis
0.0,0.0,0.0,0.0,14.996,19.208,57.708,0.44,11.0,0.40192,4,0,background_non_event,24.91072630794478,91.5562043097406,2023-02-15,2023,NASA COOLR/GLC,USGS SRTM 90m via Open Topo Data,Sentinel-2 L2A / Microsoft Planetary Computer,Open-Meteo ERA5-Land historical reanalysis
0.0,0.0,0.0,0.0,31.552,14.979,64.875,30.65,1540.0,0.43056,2,0,background_non_event,26.66374206874402,95.2893903329654,2023-02-17,2023,NASA COOLR/GLC,USGS SRTM 90m via Open Topo Data,Sentinel-2 L2A / Microsoft Planetary Computer,Open-Meteo ERA5-Land historical reanalysis
0.0,0.0,0.0,0.0,40.427,5.379,79.75,21.94,2792.0,0.40134,0,0,background_non_event,27.578964076746345,90.40948325040638,2023-02-17,2023,NASA COOLR/GLC,USGS SRTM 90m via Open Topo Data,Sentinel-2 L2A / Microsoft Planetary Computer,Open-Meteo ERA5-Land historical reanalysis
0.0,0.0,0.0,0.0,31.208,18.242,86.083,1.04,117.0,0.35082,0,0,background_non_event,26.75916533633832,92.06700545112,2023-02-23,2023,NASA COOLR/GLC,USGS SRTM 90m via Open Topo Data,Sentinel-2 L2A / Microsoft Planetary Computer,Open-Meteo ERA5-Land historical reanalysis
0.0,0.0,0.0,0.0,50.15,17.613,90.125,21.57,486.0,0.48772,0,0,background_non_event,26.953288699276477,96.17646167037626,2023-02-24,2023,NASA COOLR/GLC,USGS SRTM 90m via Open Topo Data,Sentinel-2 L2A / Microsoft Planetary Computer,Open-Meteo ERA5-Land historical reanalysis
0.0,0.0,0.0,0.0,42.11,14.85,83.708,26.77,767.0,0.27597,17,0,background_non_event,27.257502393454846,88.30751844239184,2023-02-27,2023,NASA COOLR/GLC,USGS SRTM 90m via Open Topo Data,Sentinel-2 L2A / Microsoft Planetary Computer,Open-Meteo ERA5-Land historical reanalysis
0.0,0.0,0.0,0.0,28.1,25.546,46.0,6.01,365.0,0.42323,0,0,background_non_event,24.834520450768586,95.70117115165021,2023-03-06,2023,NASA COOLR/GLC,USGS SRTM 90m via Open Topo Data,Sentinel-2 L2A / Microsoft Planetary Computer,Open-Meteo ERA5-Land historical reanalysis
0.0,0.0,0.0,0.0,16.775,15.058,58.167,29.34,1739.0,0.25601,2,0,background_non_event,25.464366552135324,94.64043687257085,2023-03-06,2023,NASA COOLR/GLC,USGS SRTM 90m via Open Topo Data,Sentinel-2 L2A / Microsoft Planetary Computer,Open-Meteo ERA5-Land historical reanalysis
0.0,0.0,0.0,0.0,40.517,14.208,73.375,26.06,1359.0,0.7731,1,0,background_non_event,28.512019467055318,94.58304111487632,2023-03-11,2023,NASA COOLR/GLC,USGS SRTM 90m via Open Topo Data,NASA MODIS MOD13Q1.061 / Microsoft Planetary Computer,Open-Meteo ERA5-Land historical reanalysis
0.0,0.0,0.0,0.0,14.0,25.258,50.125,1.7,69.0,0.20057,0,0,background_non_event,26.17832222666843,88.5236114902439,2023-03-13,2023,NASA COOLR/GLC,USGS SRTM 90m via Open Topo Data,Sentinel-2 L2A / Microsoft Planetary Computer,Open-Meteo ERA5-Land historical reanalysis
0.0,0.0,0.0,0.0,34.069,-6.321,52.333,22.46,4147.0,-0.021,0,0,background_non_event,29.271126598116872,94.58700480690067,2023-03-13,2023,NASA COOLR/GLC,USGS SRTM 90m via Open Topo Data,NASA MODIS MOD13Q1.061 / Microsoft Planetary Computer,Open-Meteo ERA5-Land historical reanalysis
0.0,0.0,0.0,0.0,20.265,-3.238,34.583,21.26,4125.0,0.07117,0,0,background_non_event,29.340018663073785,90.81651211210082,2023-03-13,2023,NASA COOLR/GLC,USGS SRTM 90m via Open Topo Data,Sentinel-2 L2A / Microsoft Planetary Computer,Open-Meteo ERA5-Land historical reanalysis
0.0,0.0,0.0,0.0,25.992,27.679,70.333,0.74,-1.0,0.06489,0,0,background_non_event,22.384096027157238,89.27427075792225,2023-03-15,2023,NASA COOLR/GLC,USGS SRTM 90m via Open Topo Data,Sentinel-2 L2A / Microsoft Planetary Computer,Open-Meteo ERA5-Land historical reanalysis
0.0,0.0,0.0,0.0,38.994,19.242,93.792,0.96,61.0,0.54637,0,0,background_non_event,26.217620563075467,88.67461857204242,2023-03-20,2023,NASA COOLR/GLC,USGS SRTM 90m via Open Topo Data,Sentinel-2 L2A / Microsoft Planetary Computer,Open-Meteo ERA5-Land historical reanalysis
0.0,0.0,0.0,0.0,27.86,27.438,53.208,0.58,81.0,0.10016,0,0,background_non_event,22.31397148757448,95.69973880170238,2023-03-22,2023,NASA COOLR/GLC,USGS SRTM 90m via Open Topo Data,Sentinel-2 L2A / Microsoft Planetary Computer,Open-Meteo ERA5-Land historical reanalysis
0.0,0.0,0.0,0.0,38.175,21.504,74.917,21.49,543.0,0.49756,0,0,background_non_event,23.856125489487884,96.78240300964262,2023-03-22,2023,NASA COOLR/GLC,USGS SRTM 90m via Open Topo Data,Sentinel-2 L2A / Microsoft Planetary Computer,Open-Meteo ERA5-Land historical reanalysis
0.0,0.0,0.0,0.0,16.073,-9.879,74.167,11.07,5055.0,0.08962,0,0,background_non_event,28.138525577830436,92.21812196247213,2023-03-22,2023,NASA COOLR/GLC,USGS SRTM 90m via Open Topo Data,Sentinel-2 L2A / Microsoft Planetary Computer,Open-Meteo ERA5-Land historical reanalysis
0.0,0.0,0.0,0.0,30.173,25.867,45.458,1.53,265.0,0.18662,0,0,background_non_event,23.349978931686323,95.0417357769445,2023-03-24,2023,NASA COOLR/GLC,USGS SRTM 90m via Open Topo Data,Sentinel-2 L2A / Microsoft Planetary Computer,Open-Meteo ERA5-Land historical reanalysis
0.0,0.0,0.0,0.0,24.3,22.396,72.708,17.14,308.0,0.48295,5,0,background_non_event,24.396918760586832,93.37343393264428,2023-03-24,2023,NASA COOLR/GLC,USGS SRTM 90m via Open Topo Data,Sentinel-2 L2A / Microsoft Planetary Computer,Open-Meteo ERA5-Land historical reanalysis
0.0,0.0,0.0,0.0,35.419,19.267,77.625,14.24,512.0,0.40806,0,0,background_non_event,26.318228815700586,96.45587193317931,2023-03-24,2023,NASA COOLR/GLC,USGS SRTM 90m via Open Topo Data,Sentinel-2 L2A / Microsoft Planetary Computer,Open-Meteo ERA5-Land historical reanalysis
0.0,0.0,0.0,0.0,24.758,26.346,78.958,1.41,10.0,0.51171,0,0,background_non_event,23.58544309376072,89.74930725370963,2023-03-29,2023,NASA COOLR/GLC,USGS SRTM 90m via Open Topo Data,Sentinel-2 L2A / Microsoft Planetary Computer,Open-Meteo ERA5-Land historical reanalysis
0.0,0.0,0.0,0.0,37.608,22.9,76.333,0.67,94.0,0.14422,0,0,background_non_event,25.99713211741873,93.05685769966408,2023-03-30,2023,NASA COOLR/GLC,USGS SRTM 90m via Open Topo Data,Sentinel-2 L2A / Microsoft Planetary Computer,Open-Meteo ERA5-Land historical reanalysis
0.0,0.0,0.0,0.0,12.985,22.954,57.542,1.32,212.0,0.38245,1,0,background_non_event,26.83305385240822,89.3881074411833,2023-03-30,2023,NASA COOLR/GLC,USGS SRTM 90m via Open Topo Data,Sentinel-2 L2A / Microsoft Planetary Computer,Open-Meteo ERA5-Land historical reanalysis
0.0,0.0,0.0,0.0,30.685,21.575,72.375,10.4,531.0,0.43164,0,0,background_non_event,24.659614150249524,96.81945881361356,2023-04-03,2023,NASA COOLR/GLC,USGS SRTM 90m via Open Topo Data,Sentinel-2 L2A / Microsoft Planetary Computer,Open-Meteo ERA5-Land historical reanalysis
0.0,0.0,0.0,0.0,24.706,28.092,49.958,0.57,102.0,0.07158,0,0,background_non_event,24.325011605873073,96.6290423586571,2023-04-06,2023,NASA COOLR/GLC,USGS SRTM 90m via Open Topo Data,Sentinel-2 L2A / Microsoft Planetary Computer,Open-Meteo ERA5-Land historical reanalysis
0.0,0.0,0.0,0.0,41.879,11.188,88.667,21.91,2119.0,0.39558,1,0,background_non_event,27.101525076394424,89.11262222298187,2023-04-08,2023,NASA COOLR/GLC,USGS SRTM 90m via Open Topo Data,Sentinel-2 L2A / Microsoft Planetary Computer,Open-Meteo ERA5-Land historical reanalysis
0.0,0.0,0.0,0.0,33.7,-5.492,84.208,23.24,4745.0,-0.00232,0,0,background_non_event,27.889882554511107,90.76098576988662,2023-04-10,2023,NASA COOLR/GLC,USGS SRTM 90m via Open Topo Data,Sentinel-2 L2A / Microsoft Planetary Computer,Open-Meteo ERA5-Land historical reanalysis
0.0,0.0,0.0,0.0,17.923,29.879,45.833,0.54,13.0,0.31198,0,0,background_non_event,23.493289273190026,88.80623798418107,2023-04-11,2023,NASA COOLR/GLC,USGS SRTM 90m via Open Topo Data,Sentinel-2 L2A / Microsoft Planetary Computer,Open-Meteo ERA5-Land historical reanalysis
0.0,0.0,0.0,0.0,23.558,27.083,66.167,1.49,11.0,0.48012,0,0,background_non_event,24.57250474393516,90.63689824734074,2023-04-12,2023,NASA COOLR/GLC,USGS SRTM 90m via Open Topo Data,Sentinel-2 L2A / Microsoft Planetary Computer,Open-Meteo ERA5-Land historical reanalysis
0.0,0.0,0.0,0.0,24.354,26.083,67.167,0.86,13.0,0.52356,1,0,background_non_event,24.99840486636549,90.60597712613836,2023-04-12,2023,NASA COOLR/GLC,USGS SRTM 90m via Open Topo Data,Sentinel-2 L2A / Microsoft Planetary Computer,Open-Meteo ERA5-Land historical reanalysis
0.0,0.0,0.0,0.0,13.796,30.525,71.125,0.53,14.0,0.41828,0,0,background_non_event,21.89258215893776,90.07617720223251,2023-04-13,2023,NASA COOLR/GLC,USGS SRTM 90m via Open Topo Data,Sentinel-2 L2A / Microsoft Planetary Computer,Open-Meteo ERA5-Land historical reanalysis
0.0,0.0,0.0,0.0,16.694,31.308,46.333,0.71,16.0,0.057,0,0,background_non_event,23.977567247502492,88.88506155169432,2023-04-14,2023,NASA COOLR/GLC,USGS SRTM 90m via Open Topo Data,Sentinel-2 L2A / Microsoft Planetary Computer,Open-Meteo ERA5-Land historical reanalysis
0.0,0.0,0.0,0.0,17.533,30.425,51.375,2.09,26.0,0.5039,1,0,background_non_event,25.31159222864357,89.22615188885374,2023-04-14,2023,NASA COOLR/GLC,USGS SRTM 90m via Open Topo Data,NASA MODIS MOD13Q1.061 / Microsoft Planetary Computer,Open-Meteo ERA5-Land historical reanalysis
0.0,0.0,0.0,0.0,27.167,30.113,58.458,4.13,72.0,0.34442,4,0,background_non_event,24.197636472351235,92.31375395267503,2023-04-15,2023,NASA COOLR/GLC,USGS SRTM 90m via Open Topo Data,Sentinel-2 L2A / Microsoft Planetary Computer,Open-Meteo ERA5-Land historical reanalysis
0.0,0.0,0.0,0.0,0.0,,,0.0,0.0,-0.35547,0,0,background_non_event,21.821809154542322,91.09150455034498,2023-04-19,2023,NASA COOLR/GLC,USGS SRTM 90m via Open Topo Data,Sentinel-2 L2A / Microsoft Planetary Computer,Open-Meteo ERA5-Land historical reanalysis
0.0,0.0,0.0,0.0,20.89,26.096,70.125,0.85,5.0,0.48225,0,0,background_non_event,23.115067846717864,89.52704970136598,2023-04-23,2023,NASA COOLR/GLC,USGS SRTM 90m via Open Topo Data,Sentinel-2 L2A / Microsoft Planetary Computer,Open-Meteo ERA5-Land historical reanalysis
0.0,0.0,0.0,0.0,14.592,26.55,61.0,4.74,244.0,0.11677,0,0,background_non_event,24.45344767702352,94.5303892851683,2023-04-23,2023,NASA COOLR/GLC,USGS SRTM 90m via Open Topo Data,Sentinel-2 L2A / Microsoft Planetary Computer,Open-Meteo ERA5-Land historical reanalysis
0.0,0.0,0.0,0.0,15.908,29.3,54.083,0.5,24.0,0.54146,0,0,background_non_event,25.07896335354245,88.9974772684727,2023-04-26,2023,NASA COOLR/GLC,USGS SRTM 90m via Open Topo Data,Sentinel-2 L2A / Microsoft Planetary Computer,Open-Meteo ERA5-Land historical reanalysis
0.0,0.0,0.0,0.0,37.681,21.787,67.625,17.16,858.0,0.47759,0,0,background_non_event,26.603914324895122,96.16781461533874,2023-04-27,2023,NASA COOLR/GLC,USGS SRTM 90m via Open Topo Data,Sentinel-2 L2A / Microsoft Planetary Computer,Open-Meteo ERA5-Land historical reanalysis
0.0,0.0,0.0,0.0,23.183,25.25,79.083,1.08,31.0,0.5855,0,0,background_non_event,26.080699418204983,89.83460888894129,2023-04-29,2023,NASA COOLR/GLC,USGS SRTM 90m via Open Topo Data,NASA MODIS MOD13Q1.061 / Microsoft Planetary Computer,Open-Meteo ERA5-Land historical reanalysis
0.0,0.0,0.0,0.0,42.375,-1.55,90.083,27.73,4394.0,-0.0279,0,0,background_non_event,28.949623164580355,96.41907663510642,2023-04-30,2023,NASA COOLR/GLC,USGS SRTM 90m via Open Topo Data,Sentinel-2 L2A / Microsoft Planetary Computer,Open-Meteo ERA5-Land historical reanalysis
0.0,0.0,0.0,0.0,44.067,22.121,78.542,15.31,759.0,0.3559,10,0,background_non_event,26.214265722952405,94.37050752965352,2023-05-03,2023,NASA COOLR/GLC,USGS SRTM 90m via Open Topo Data,NASA MODIS MOD13Q1.061 / Microsoft Planetary Computer,Open-Meteo ERA5-Land historical reanalysis
0.0,0.0,0.0,0.0,25.729,25.562,84.583,0.52,39.0,0.13299,1,0,background_non_event,25.930625142306763,89.19695305670035,2023-05-04,2023,NASA COOLR/GLC,USGS SRTM 90m via Open Topo Data,Sentinel-2 L2A / Microsoft Planetary Computer,Open-Meteo ERA5-Land historical reanalysis
0.0,0.0,0.0,0.0,23.385,28.433,71.667,0.54,25.0,0.59817,0,0,background_non_event,25.23439841231729,89.74186036610543,2023-05-07,2023,NASA COOLR/GLC,USGS SRTM 90m via Open Topo Data,Sentinel-2 L2A / Microsoft Planetary Computer,Open-Meteo ERA5-Land historical reanalysis
0.0,0.0,0.0,0.0,35.854,-1.108,95.167,36.79,4158.0,0.00778,0,0,background_non_event,28.287555665739443,91.24917879980114,2023-05-07,2023,NASA COOLR/GLC,USGS SRTM 90m via Open Topo Data,Sentinel-2 L2A / Microsoft Planetary Computer,Open-Meteo ERA5-Land historical reanalysis
0.0,0.0,0.0,0.0,29.488,30.213,55.917,1.03,57.0,0.555,20,0,background_non_event,26.11706762350673,91.98282960584449,2023-05-09,2023,NASA COOLR/GLC,USGS SRTM 90m via Open Topo Data,NASA MODIS MOD13Q1.061 / Microsoft Planetary Computer,Open-Meteo ERA5-Land historical reanalysis
0.0,0.0,0.0,0.0,41.913,15.838,73.208,27.93,1610.0,0.819,0,0,background_non_event,28.594131263588217,95.51157838270137,2023-05-11,2023,NASA COOLR/GLC,USGS SRTM 90m via Open Topo Data,NASA MODIS MOD13Q1.061 / Microsoft Planetary Computer,Open-Meteo ERA5-Land historical reanalysis
0.0,0.0,0.0,0.0,25.977,30.096,74.25,0.37,9.0,0.52903,0,0,background_non_event,22.012614752392814,89.22767615858046,2023-05-15,2023,NASA COOLR/GLC,USGS SRTM 90m via Open Topo Data,Sentinel-2 L2A / Microsoft Planetary Computer,Open-Meteo ERA5-Land historical reanalysis
0.0,0.0,0.0,0.0,39.346,24.45,87.5,13.32,107.0,0.52296,19,0,background_non_event,26.193152984840097,92.12994788772706,2023-05-18,2023,NASA COOLR/GLC,USGS SRTM 90m via Open Topo Data,Sentinel-2 L2A / Microsoft Planetary Computer,Open-Meteo ERA5-Land historical reanalysis
0.0,0.0,0.0,0.0,35.235,1.854,75.292,14.55,4806.0,0.2214,0,0,background_non_event,28.949405255577716,91.17205175413599,2023-05-18,2023,NASA COOLR/GLC,USGS SRTM 90m via Open Topo Data,NASA MODIS MOD13Q1.061 / Microsoft Planetary Computer,Open-Meteo ERA5-Land historical reanalysis
0.0,0.0,0.0,0.0,37.419,28.175,82.75,0.9,5.0,0.09319,2,0,background_non_event,21.788854535333023,91.86245084629016,2023-05-19,2023,NASA COOLR/GLC,USGS SRTM 90m via Open Topo Data,Sentinel-2 L2A / Microsoft Planetary Computer,Open-Meteo ERA5-Land historical reanalysis
0.0,0.0,0.0,0.0,48.635,23.075,90.667,2.23,304.0,0.48934,1,0,background_non_event,26.261385854660283,92.91326245623983,2023-05-19,2023,NASA COOLR/GLC,USGS SRTM 90m via Open Topo Data,Sentinel-2 L2A / Microsoft Planetary Computer,Open-Meteo ERA5-Land historical reanalysis
0.0,0.0,0.0,0.0,37.865,-3.379,67.292,17.87,5230.0,-0.00615,0,0,background_non_event,28.513282672080003,90.79796909539762,2023-05-22,2023,NASA COOLR/GLC,USGS SRTM 90m via Open Topo Data,Sentinel-2 L2A / Microsoft Planetary Computer,Open-Meteo ERA5-Land historical reanalysis
0.0,0.0,0.0,0.0,43.425,24.821,79.583,10.7,347.0,0.10972,1,0,background_non_event,26.165299697151646,92.90686417834692,2023-05-25,2023,NASA COOLR/GLC,USGS SRTM 90m via Open Topo Data,Sentinel-2 L2A / Microsoft Planetary Computer,Open-Meteo ERA5-Land historical reanalysis
0.0,0.0,0.0,0.0,40.927,14.688,91.917,17.86,2173.0,0.48077,3,0,background_non_event,26.910459590633195,89.69804668820342,2023-05-25,2023,NASA COOLR/GLC,USGS SRTM 90m via Open Topo Data,Sentinel-2 L2A / Microsoft Planetary Computer,Open-Meteo ERA5-Land historical reanalysis
0.0,0.0,0.0,0.0,34.748,28.05,78.0,0.91,89.0,0.28691,0,0,background_non_event,26.71092781757067,91.56342028191126,2023-06-01,2023,NASA COOLR/GLC,USGS SRTM 90m via Open Topo Data,Sentinel-2 L2A / Microsoft Planetary Computer,Open-Meteo ERA5-Land historical reanalysis
0.0,0.0,0.0,0.0,31.502,25.117,65.0,22.52,934.0,0.10602,8,0,background_non_event,24.829645153322442,94.13742602581705,2023-06-02,2023,NASA COOLR/GLC,USGS SRTM 90m via Open Topo Data,Sentinel-2 L2A / Microsoft Planetary Computer,Open-Meteo ERA5-Land historical reanalysis
0.0,0.0,0.0,0.0,34.046,4.754,79.125,33.46,3848.0,0.7664,0,0,background_non_event,28.687898252373895,96.95089812507713,2023-06-04,2023,NASA COOLR/GLC,USGS SRTM 90m via Open Topo Data,NASA MODIS MOD13Q1.061 / Microsoft Planetary Computer,Open-Meteo ERA5-Land historical reanalysis
0.0,0.0,0.0,0.0,48.419,13.4,94.083,21.3,2708.0,0.4736,12,0,background_non_event,25.604711652922802,94.0663132041829,2023-06-11,2023,NASA COOLR/GLC,USGS SRTM 90m via Open Topo Data,Sentinel-2 L2A / Microsoft Planetary Computer,Open-Meteo ERA5-Land historical reanalysis
0.0,0.0,0.0,0.0,42.877,5.621,94.125,28.64,4390.0,-0.05284,0,0,background_non_event,28.571957132664767,96.34995342532689,2023-06-14,2023,NASA COOLR/GLC,USGS SRTM 90m via Open Topo Data,Sentinel-2 L2A / Microsoft Planetary Computer,Open-Meteo ERA5-Land historical reanalysis
0.0,0.0,0.0,0.0,49.252,23.012,88.833,15.96,856.0,0.10155,0,0,background_non_event,26.352327275232653,93.5950129061241,2023-06-15,2023,NASA COOLR/GLC,USGS SRTM 90m via Open Topo Data,Sentinel-2 L2A / Microsoft Planetary Computer,Open-Meteo ERA5-Land historical reanalysis
0.0,0.0,0.0,0.0,39.869,21.412,92.0,36.04,921.0,0.05073,6,0,background_non_event,24.783759382467323,93.28290703571575,2023-06-16,2023,NASA COOLR/GLC,USGS SRTM 90m via Open Topo Data,Sentinel-2 L2A / Microsoft Planetary Computer,Open-Meteo ERA5-Land historical reanalysis
0.0,0.0,0.0,0.0,42.81,11.942,96.708,25.65,2803.0,0.47175,0,0,background_non_event,27.840797744764018,97.05870815874243,2023-06-17,2023,NASA COOLR/GLC,USGS SRTM 90m via Open Topo Data,Sentinel-2 L2A / Microsoft Planetary Computer,Open-Meteo ERA5-Land historical reanalysis
0.0,0.0,0.0,0.0,42.683,24.708,95.208,0.71,101.0,-0.18089,6,0,background_non_event,26.695418234663805,88.63032982202628,2023-06-20,2023,NASA COOLR/GLC,USGS SRTM 90m via Open Topo Data,Sentinel-2 L2A / Microsoft Planetary Computer,Open-Meteo ERA5-Land historical reanalysis
0.0,0.0,0.0,0.0,47.948,23.438,84.667,15.28,1223.0,0.6436,1,0,background_non_event,25.642918275459145,91.1658006621697,2023-06-26,2023,NASA COOLR/GLC,USGS SRTM 90m via Open Topo Data,NASA MODIS MOD13Q1.061 / Microsoft Planetary Computer,Open-Meteo ERA5-Land historical reanalysis
0.0,0.0,0.0,0.0,41.687,23.246,85.042,21.96,1114.0,0.9076,3,0,background_non_event,28.049045298420115,93.62503045687654,2023-06-26,2023,NASA COOLR/GLC,USGS SRTM 90m via Open Topo Data,NASA MODIS MOD13Q1.061 / Microsoft Planetary Computer,Open-Meteo ERA5-Land historical reanalysis
0.0,0.0,0.0,0.0,48.506,24.467,89.958,27.45,809.0,0.1772,0,0,background_non_event,25.79820390995966,96.92490021747822,2023-06-28,2023,NASA COOLR/GLC,USGS SRTM 90m via Open Topo Data,NASA MODIS MOD13Q1.061 / Microsoft Planetary Computer,Open-Meteo ERA5-Land historical reanalysis
0.0,0.0,0.0,0.0,42.594,26.492,91.875,1.08,31.0,0.5245,0,0,background_non_event,25.93431977323798,90.11296441652726,2023-06-29,2023,NASA COOLR/GLC,USGS SRTM 90m via Open Topo Data,NASA MODIS MOD13Q1.061 / Microsoft Planetary Computer,Open-Meteo ERA5-Land historical reanalysis
0.0,0.0,0.0,0.0,42.66,26.838,93.958,1.39,14.0,0.15315,0,0,background_non_event,24.360292579213894,90.69373685559829,2023-07-01,2023,NASA COOLR/GLC,USGS SRTM 90m via Open Topo Data,Sentinel-2 L2A / Microsoft Planetary Computer,Open-Meteo ERA5-Land historical reanalysis
0.0,0.0,0.0,0.0,35.931,27.017,85.75,4.48,370.0,0.5182,1,0,background_non_event,23.00450436500684,93.12073998027392,2023-07-02,2023,NASA COOLR/GLC,USGS SRTM 90m via Open Topo Data,NASA MODIS MOD13Q1.061 / Microsoft Planetary Computer,Open-Meteo ERA5-Land historical reanalysis
0.0,0.0,0.0,0.0,48.138,25.988,89.958,23.34,685.0,-0.01484,0,0,background_non_event,24.75021081732098,96.2067640798336,2023-07-02,2023,NASA COOLR/GLC,USGS SRTM 90m via Open Topo Data,Sentinel-2 L2A / Microsoft Planetary Computer,Open-Meteo ERA5-Land historical reanalysis
0.0,0.0,0.0,0.0,42.556,26.7,97.125,0.71,32.0,0.51229,0,0,background_non_event,25.54730368189676,88.39716551666235,2023-07-02,2023,NASA COOLR/GLC,USGS SRTM 90m via Open Topo Data,Sentinel-2 L2A / Microsoft Planetary Computer,Open-Meteo ERA5-Land historical reanalysis
0.0,0.0,0.0,0.0,49.102,23.942,88.667,5.8,841.0,0.4286,0,0,background_non_event,21.809750610472367,97.33032288787423,2023-07-04,2023,NASA COOLR/GLC,USGS SRTM 90m via Open Topo Data,NASA MODIS MOD13Q1.061 / Microsoft Planetary Computer,Open-Meteo ERA5-Land historical reanalysis
0.0,0.0,0.0,0.0,43.96,28.492,85.375,0.77,18.0,0.4604,7,0,background_non_event,24.77211122027398,92.21314290866118,2023-07-04,2023,NASA COOLR/GLC,USGS SRTM 90m via Open Topo Data,NASA MODIS MOD13Q1.061 / Microsoft Planetary Computer,Open-Meteo ERA5-Land historical reanalysis
0.0,0.0,0.0,0.0,49.156,20.267,93.958,17.35,1478.0,0.60357,0,0,background_non_event,27.043020307549632,97.42161967898258,2023-07-07,2023,NASA COOLR/GLC,USGS SRTM 90m via Open Topo Data,Sentinel-2 L2A / Microsoft Planetary Computer,Open-Meteo ERA5-Land historical reanalysis
0.0,0.0,0.0,0.0,47.177,24.579,90.208,17.49,762.0,0.42362,0,0,background_non_event,23.743583040316523,97.21623190883105,2023-07-09,2023,NASA COOLR/GLC,USGS SRTM 90m via Open Topo Data,Sentinel-2 L2A / Microsoft Planetary Computer,Open-Meteo ERA5-Land historical reanalysis
0.0,0.0,0.0,0.0,42.619,26.621,90.083,0.44,7.0,-0.0694,2,0,background_non_event,25.010454278691764,91.31205531396289,2023-07-14,2023,NASA COOLR/GLC,USGS SRTM 90m via Open Topo Data,Sentinel-2 L2A / Microsoft Planetary Computer,Open-Meteo ERA5-Land historical reanalysis
0.0,0.0,0.0,0.0,44.744,26.9,91.792,7.06,320.0,0.4561,0,0,background_non_event,26.731373793985778,96.20069884655649,2023-07-15,2023,NASA COOLR/GLC,USGS SRTM 90m via Open Topo Data,Sentinel-2 L2A / Microsoft Planetary Computer,Open-Meteo ERA5-Land historical reanalysis
0.0,0.0,0.0,0.0,40.431,14.592,75.083,39.58,2979.0,0.113,3,0,background_non_event,28.344424348297892,94.15962401461609,2023-07-18,2023,NASA COOLR/GLC,USGS SRTM 90m via Open Topo Data,NASA MODIS MOD13Q1.061 / Microsoft Planetary Computer,Open-Meteo ERA5-Land historical reanalysis
0.0,0.0,0.0,0.0,48.431,22.35,85.333,24.22,1449.0,0.3682,3,0,background_non_event,25.411043540204794,93.51980440894926,2023-07-19,2023,NASA COOLR/GLC,USGS SRTM 90m via Open Topo Data,NASA MODIS MOD13Q1.061 / Microsoft Planetary Computer,Open-Meteo ERA5-Land historical reanalysis
0.0,0.0,0.0,0.0,32.115,27.746,82.25,0.83,213.0,0.02038,1,0,background_non_event,26.833922364072887,91.8964448944031,2023-07-21,2023,NASA COOLR/GLC,USGS SRTM 90m via Open Topo Data,Sentinel-2 L2A / Microsoft Planetary Computer,Open-Meteo ERA5-Land historical reanalysis
0.0,0.0,0.0,0.0,44.406,29.317,80.25,2.6,128.0,0.44816,1,0,background_non_event,23.12696828810142,94.3646240929235,2023-07-24,2023,NASA COOLR/GLC,USGS SRTM 90m via Open Topo Data,Sentinel-2 L2A / Microsoft Planetary Computer,Open-Meteo ERA5-Land historical reanalysis
0.0,0.0,0.0,0.0,30.348,29.933,78.083,0.72,5.0,0.5375,0,0,background_non_event,23.156976312341275,90.41592694165898,2023-07-24,2023,NASA COOLR/GLC,USGS SRTM 90m via Open Topo Data,NASA MODIS MOD13Q1.061 / Microsoft Planetary Computer,Open-Meteo ERA5-Land historical reanalysis
0.0,0.0,0.0,0.0,49.083,19.725,96.833,27.87,1798.0,0.39209,3,0,background_non_event,27.074103538994887,92.42549195336292,2023-07-25,2023,NASA COOLR/GLC,USGS SRTM 90m via Open Topo Data,Sentinel-2 L2A / Microsoft Planetary Computer,Open-Meteo ERA5-Land historical reanalysis
0.0,0.0,0.0,0.0,42.087,22.8,94.917,19.93,943.0,0.9145,6,0,background_non_event,23.94721026945018,93.38726290295644,2023-08-03,2023,NASA COOLR/GLC,USGS SRTM 90m via Open Topo Data,NASA MODIS MOD13Q1.061 / Microsoft Planetary Computer,Open-Meteo ERA5-Land historical reanalysis
0.0,0.0,0.0,0.0,42.854,21.679,98.25,33.78,1165.0,0.8763,5,0,background_non_event,27.825271663310314,93.59157874182735,2023-08-03,2023,NASA COOLR/GLC,USGS SRTM 90m via Open Topo Data,NASA MODIS MOD13Q1.061 / Microsoft Planetary Computer,Open-Meteo ERA5-Land historical reanalysis
0.0,0.0,0.0,0.0,47.329,28.175,88.458,0.0,34.0,0.0417,0,0,background_non_event,26.17964621676022,90.90878528339647,2023-08-04,2023,NASA COOLR/GLC,USGS SRTM 90m via Open Topo Data,NASA MODIS MOD13Q1.061 / Microsoft Planetary Computer,Open-Meteo ERA5-Land historical reanalysis
0.0,0.0,0.0,0.0,42.119,22.792,91.958,16.41,1372.0,0.9227,16,0,background_non_event,27.213526919536264,93.35002790181264,2023-08-09,2023,NASA COOLR/GLC,USGS SRTM 90m via Open Topo Data,NASA MODIS MOD13Q1.061 / Microsoft Planetary Computer,Open-Meteo ERA5-Land historical reanalysis
0.0,0.0,0.0,0.0,41.883,27.488,89.167,0.58,11.0,0.46909,2,0,background_non_event,24.51158094965905,91.46689209585206,2023-08-11,2023,NASA COOLR/GLC,USGS SRTM 90m via Open Topo Data,Sentinel-2 L2A / Microsoft Planetary Computer,Open-Meteo ERA5-Land historical reanalysis
0.0,0.0,0.0,0.0,46.252,27.204,82.208,1.05,204.0,0.671,0,0,background_non_event,23.144990817210836,95.65052494504845,2023-08-12,2023,NASA COOLR/GLC,USGS SRTM 90m via Open Topo Data,NASA MODIS MOD13Q1.061 / Microsoft Planetary Computer,Open-Meteo ERA5-Land historical reanalysis
0.0,0.0,0.0,0.0,42.848,20.096,98.917,21.69,1621.0,0.1236,12,0,background_non_event,27.134032767783637,93.12775439794503,2023-08-12,2023,NASA COOLR/GLC,USGS SRTM 90m via Open Topo Data,NASA MODIS MOD13Q1.061 / Microsoft Planetary Computer,Open-Meteo ERA5-Land historical reanalysis
0.0,0.0,0.0,0.0,47.792,26.688,82.792,4.75,350.0,0.7195,0,0,background_non_event,23.545409396742258,95.00073585219103,2023-08-17,2023,NASA COOLR/GLC,USGS SRTM 90m via Open Topo Data,NASA MODIS MOD13Q1.061 / Microsoft Planetary Computer,Open-Meteo ERA5-Land historical reanalysis
0.0,0.0,0.0,0.0,46.248,17.3,88.542,19.39,2270.0,0.49567,0,0,background_non_event,26.271567981823527,95.35058667690157,2023-08-18,2023,NASA COOLR/GLC,USGS SRTM 90m via Open Topo Data,Sentinel-2 L2A / Microsoft Planetary Computer,Open-Meteo ERA5-Land historical reanalysis
0.0,0.0,0.0,0.0,42.29,9.721,92.208,28.33,4111.0,0.49017,0,0,background_non_event,28.297697371588253,97.18680712512949,2023-08-20,2023,NASA COOLR/GLC,USGS SRTM 90m via Open Topo Data,Sentinel-2 L2A / Microsoft Planetary Computer,Open-Meteo ERA5-Land historical reanalysis
0.0,0.0,0.0,0.0,38.635,4.808,79.958,19.6,5339.0,0.48245,0,0,background_non_event,29.492507862000576,89.94853587889827,2023-08-20,2023,NASA COOLR/GLC,USGS SRTM 90m via Open Topo Data,Sentinel-2 L2A / Microsoft Planetary Computer,Open-Meteo ERA5-Land historical reanalysis
0.0,0.0,0.0,0.0,46.781,26.792,90.792,0.54,90.0,0.00736,0,0,background_non_event,22.147561947849656,95.84607400406213,2023-08-21,2023,NASA COOLR/GLC,USGS SRTM 90m via Open Topo Data,Sentinel-2 L2A / Microsoft Planetary Computer,Open-Meteo ERA5-Land historical reanalysis
0.0,0.0,0.0,0.0,49.61,26.721,92.667,0.92,16.0,0.8389,0,0,background_non_event,24.1925344667429,90.49137630592145,2023-08-25,2023,NASA COOLR/GLC,USGS SRTM 90m via Open Topo Data,NASA MODIS MOD13Q1.061 / Microsoft Planetary Computer,Open-Meteo ERA5-Land historical reanalysis
0.0,0.0,0.0,0.0,43.081,29.058,86.042,0.74,10.0,0.8463,2,0,background_non_event,22.994572639681767,91.44644158378759,2023-08-29,2023,NASA COOLR/GLC,USGS SRTM 90m via Open Topo Data,NASA MODIS MOD13Q1.061 / Microsoft Planetary Computer,Open-Meteo ERA5-Land historical reanalysis
0.0,0.0,0.0,0.0,40.967,5.4,78.417,2.12,5000.0,0.2005,0,0,background_non_event,28.583802014758948,91.58500699318124,2023-08-30,2023,NASA COOLR/GLC,USGS SRTM 90m via Open Topo Data,Sentinel-2 L2A / Microsoft Planetary Computer,Open-Meteo ERA5-Land historical reanalysis
0.0,0.0,0.0,0.0,41.038,7.733,89.125,29.07,4322.0,0.00119,0,0,background_non_event,29.283670379546265,94.81845133829157,2023-08-31,2023,NASA COOLR/GLC,USGS SRTM 90m via Open Topo Data,Sentinel-2 L2A / Microsoft Planetary Computer,Open-Meteo ERA5-Land historical reanalysis
0.0,0.0,0.0,0.0,41.598,18.946,89.333,23.1,1898.0,0.52651,2,0,background_non_event,27.149929681801247,92.06643112350748,2023-09-02,2023,NASA COOLR/GLC,USGS SRTM 90m via Open Topo Data,Sentinel-2 L2A / Microsoft Planetary Computer,Open-Meteo ERA5-Land historical reanalysis
0.0,0.0,0.0,0.0,37.906,28.871,87.417,1.31,11.0,0.40168,0,0,background_non_event,23.200482079916796,89.6165464882137,2023-09-03,2023,NASA COOLR/GLC,USGS SRTM 90m via Open Topo Data,Sentinel-2 L2A / Microsoft Planetary Computer,Open-Meteo ERA5-Land historical reanalysis
0.0,0.0,0.0,0.0,34.779,16.604,74.333,39.06,2981.0,0.49742,0,0,background_non_event,28.73064403874968,97.04191398273535,2023-09-09,2023,NASA COOLR/GLC,USGS SRTM 90m via Open Topo Data,Sentinel-2 L2A / Microsoft Planetary Computer,Open-Meteo ERA5-Land historical reanalysis
0.0,0.0,0.0,0.0,48.64,24.779,98.0,17.08,288.0,0.1258,5,0,background_non_event,25.41342342323574,95.97441287829822,2023-09-13,2023,NASA COOLR/GLC,USGS SRTM 90m via Open Topo Data,Sentinel-2 L2A / Microsoft Planetary Computer,Open-Meteo ERA5-Land historical reanalysis
0.0,0.0,0.0,0.0,36.4,30.0,78.792,0.51,10.0,-0.00496,2,0,background_non_event,24.36305351101144,91.32873623204473,2023-09-16,2023,NASA COOLR/GLC,USGS SRTM 90m via Open Topo Data,Sentinel-2 L2A / Microsoft Planetary Computer,Open-Meteo ERA5-Land historical reanalysis
0.0,0.0,0.0,0.0,26.096,-1.829,85.083,25.24,5594.0,-0.02868,0,0,background_non_event,28.46240821370227,92.7652999383928,2023-09-19,2023,NASA COOLR/GLC,USGS SRTM 90m via Open Topo Data,Sentinel-2 L2A / Microsoft Planetary Computer,Open-Meteo ERA5-Land historical reanalysis
0.0,0.0,0.0,0.0,45.312,25.458,96.667,3.85,227.0,0.50131,0,0,background_non_event,25.134086865051948,96.22457054040036,2023-09-20,2023,NASA COOLR/GLC,USGS SRTM 90m via Open Topo Data,Sentinel-2 L2A / Microsoft Planetary Computer,Open-Meteo ERA5-Land historical reanalysis
0.0,0.0,0.0,0.0,42.556,26.979,89.667,0.68,22.0,0.45923,1,0,background_non_event,25.228498157679084,89.48612694113223,2023-09-25,2023,NASA COOLR/GLC,USGS SRTM 90m via Open Topo Data,Sentinel-2 L2A / Microsoft Planetary Computer,Open-Meteo ERA5-Land historical reanalysis
0.0,0.0,0.0,0.0,42.469,11.679,92.625,15.89,3418.0,0.53689,0,0,background_non_event,29.60832243349485,94.96684600447188,2023-09-25,2023,NASA COOLR/GLC,USGS SRTM 90m via Open Topo Data,Sentinel-2 L2A / Microsoft Planetary Computer,Open-Meteo ERA5-Land historical reanalysis
0.0,0.0,0.0,0.0,34.677,29.296,79.542,15.19,169.0,0.8914,7,0,background_non_event,24.929952759844287,93.21566528546555,2023-09-28,2023,NASA COOLR/GLC,USGS SRTM 90m via Open Topo Data,NASA MODIS MOD13Q1.061 / Microsoft Planetary Computer,Open-Meteo ERA5-Land historical reanalysis
0.0,0.0,0.0,0.0,39.644,23.004,91.208,14.81,850.0,0.58458,3,0,background_non_event,23.32221108784404,93.15312639891563,2023-09-30,2023,NASA COOLR/GLC,USGS SRTM 90m via Open Topo Data,Sentinel-2 L2A / Microsoft Planetary Computer,Open-Meteo ERA5-Land historical reanalysis
0.0,0.0,0.0,0.0,47.077,26.188,92.458,4.19,232.0,0.53376,0,0,background_non_event,24.043538742032627,96.66215634715273,2023-09-30,2023,NASA COOLR/GLC,USGS SRTM 90m via Open Topo Data,Sentinel-2 L2A / Microsoft Planetary Computer,Open-Meteo ERA5-Land historical reanalysis
0.0,0.0,0.0,0.0,45.583,25.325,79.917,19.89,890.0,0.56375,19,0,background_non_event,27.243506171443673,93.57683485803335,2023-09-30,2023,NASA COOLR/GLC,USGS SRTM 90m via Open Topo Data,Sentinel-2 L2A / Microsoft Planetary Computer,Open-Meteo ERA5-Land historical reanalysis
0.0,0.0,0.0,0.0,41.304,13.071,89.958,24.86,2736.0,0.50737,0,0,background_non_event,27.51048756666646,90.55743128295757,2023-09-30,2023,NASA COOLR/GLC,USGS SRTM 90m via Open Topo Data,Sentinel-2 L2A / Microsoft Planetary Computer,Open-Meteo ERA5-Land historical reanalysis
0.0,0.0,0.0,0.0,46.887,26.7,86.5,0.0,112.0,0.20658,0,0,background_non_event,27.679690429564662,95.2450826564706,2023-10-05,2023,NASA COOLR/GLC,USGS SRTM 90m via Open Topo Data,Sentinel-2 L2A / Microsoft Planetary Computer,Open-Meteo ERA5-Land historical reanalysis
0.0,0.0,0.0,0.0,41.156,26.058,81.667,0.73,71.0,0.39669,0,0,background_non_event,26.610105717492253,89.16246133724843,2023-10-06,2023,NASA COOLR/GLC,USGS SRTM 90m via Open Topo Data,Sentinel-2 L2A / Microsoft Planetary Computer,Open-Meteo ERA5-Land historical reanalysis
0.0,0.0,0.0,0.0,41.777,12.271,98.167,23.73,2775.0,0.48946,0,0,background_non_event,27.39892902017723,90.62740219961277,2023-10-08,2023,NASA COOLR/GLC,USGS SRTM 90m via Open Topo Data,Sentinel-2 L2A / Microsoft Planetary Computer,Open-Meteo ERA5-Land historical reanalysis
0.0,0.0,0.0,0.0,42.76,12.271,97.375,42.6,2620.0,0.42816,0,0,background_non_event,28.491155112203863,93.44954485998129,2023-10-08,2023,NASA COOLR/GLC,USGS SRTM 90m via Open Topo Data,Sentinel-2 L2A / Microsoft Planetary Computer,Open-Meteo ERA5-Land historical reanalysis
0.0,0.0,0.0,0.0,30.835,-2.583,83.458,32.53,5184.0,-0.00435,0,0,background_non_event,29.564200251510773,97.18395803070985,2023-10-10,2023,NASA COOLR/GLC,USGS SRTM 90m via Open Topo Data,Sentinel-2 L2A / Microsoft Planetary Computer,Open-Meteo ERA5-Land historical reanalysis
0.0,0.0,0.0,0.0,43.681,22.988,89.667,14.65,798.0,0.57666,0,0,background_non_event,27.427551556865836,96.75582239812807,2023-10-12,2023,NASA COOLR/GLC,USGS SRTM 90m via Open Topo Data,Sentinel-2 L2A / Microsoft Planetary Computer,Open-Meteo ERA5-Land historical reanalysis
0.0,0.0,0.0,0.0,34.771,-4.433,84.833,6.76,4987.0,0.07313,0,0,background_non_event,28.544861441044663,89.2283415032074,2023-10-13,2023,NASA COOLR/GLC,USGS SRTM 90m via Open Topo Data,Sentinel-2 L2A / Microsoft Planetary Computer,Open-Meteo ERA5-Land historical reanalysis
0.0,0.0,0.0,0.0,39.608,25.879,87.25,1.34,1.0,0.29476,0,0,background_non_event,21.85558832521243,89.84948610614664,2023-10-23,2023,NASA COOLR/GLC,USGS SRTM 90m via Open Topo Data,Sentinel-2 L2A / Microsoft Planetary Computer,Open-Meteo ERA5-Land historical reanalysis
0.0,0.0,0.0,0.0,33.477,25.021,85.167,1.37,11.0,0.35066,0,0,background_non_event,23.594987164673743,89.36464903169546,2023-10-24,2023,NASA COOLR/GLC,USGS SRTM 90m via Open Topo Data,Sentinel-2 L2A / Microsoft Planetary Computer,Open-Meteo ERA5-Land historical reanalysis
0.0,0.0,0.0,0.0,33.177,-3.404,57.792,24.68,4836.0,0.13321,0,0,background_non_event,29.084197070282695,91.18066347238108,2023-10-24,2023,NASA COOLR/GLC,USGS SRTM 90m via Open Topo Data,Sentinel-2 L2A / Microsoft Planetary Computer,Open-Meteo ERA5-Land historical reanalysis
0.0,0.0,0.0,0.0,33.196,24.917,74.833,0.62,11.0,0.52924,0,0,background_non_event,23.973507544002622,90.61746374385133,2023-10-30,2023,NASA COOLR/GLC,USGS SRTM 90m via Open Topo Data,Sentinel-2 L2A / Microsoft Planetary Computer,Open-Meteo ERA5-Land historical reanalysis
0.0,0.0,0.0,0.0,29.167,-2.929,64.708,22.66,5035.0,-0.05794,0,0,background_non_event,28.570935547983915,90.4785203854412,2023-10-30,2023,NASA COOLR/GLC,USGS SRTM 90m via Open Topo Data,Sentinel-2 L2A / Microsoft Planetary Computer,Open-Meteo ERA5-Land historical reanalysis
0.0,0.0,0.0,0.0,36.723,26.046,72.542,0.63,6.0,0.4321,0,0,background_non_event,22.028009057802997,90.03755527681517,2023-11-06,2023,NASA COOLR/GLC,USGS SRTM 90m via Open Topo Data,Sentinel-2 L2A / Microsoft Planetary Computer,Open-Meteo ERA5-Land historical reanalysis
0.0,0.0,0.0,0.0,36.346,19.838,79.417,17.42,761.0,0.52987,0,0,background_non_event,25.032134551994027,96.66339154375572,2023-11-07,2023,NASA COOLR/GLC,USGS SRTM 90m via Open Topo Data,Sentinel-2 L2A / Microsoft Planetary Computer,Open-Meteo ERA5-Land historical reanalysis
0.0,0.0,0.0,0.0,38.723,20.213,80.958,4.0,607.0,0.59548,7,0,background_non_event,25.353301754578776,92.90283587720748,2023-11-08,2023,NASA COOLR/GLC,USGS SRTM 90m via Open Topo Data,Sentinel-2 L2A / Microsoft Planetary Computer,Open-Meteo ERA5-Land historical reanalysis
0.0,0.0,0.0,0.0,17.748,25.45,60.083,0.41,7.0,0.21192,0,0,background_non_event,23.112325671839447,89.02628176203262,2023-11-15,2023,NASA COOLR/GLC,USGS SRTM 90m via Open Topo Data,Sentinel-2 L2A / Microsoft Planetary Computer,Open-Meteo ERA5-Land historical reanalysis
0.0,0.0,0.0,0.0,8.198,21.042,63.583,0.84,240.0,0.54265,6,0,background_non_event,26.917831149145016,88.79063787039698,2023-11-27,2023,NASA COOLR/GLC,USGS SRTM 90m via Open Topo Data,Sentinel-2 L2A / Microsoft Planetary Computer,Open-Meteo ERA5-Land historical reanalysis
0.0,0.0,0.0,0.0,37.396,19.767,84.75,8.17,175.0,0.51462,0,0,background_non_event,26.072364535841245,92.54176828984319,2023-11-29,2023,NASA COOLR/GLC,USGS SRTM 90m via Open Topo Data,Sentinel-2 L2A / Microsoft Planetary Computer,Open-Meteo ERA5-Land historical reanalysis
0.0,0.0,0.0,0.0,39.667,18.729,83.583,7.04,192.0,0.839,0,0,background_non_event,25.199613309280927,95.255893859587,2023-11-30,2023,NASA COOLR/GLC,USGS SRTM 90m via Open Topo Data,NASA MODIS MOD13Q1.061 / Microsoft Planetary Computer,Open-Meteo ERA5-Land historical reanalysis
0.0,0.0,0.0,0.0,34.275,-4.083,81.75,24.36,4373.0,-0.00588,0,0,background_non_event,29.0075857278512,94.10437332835807,2023-12-02,2023,NASA COOLR/GLC,USGS SRTM 90m via Open Topo Data,Sentinel-2 L2A / Microsoft Planetary Computer,Open-Meteo ERA5-Land historical reanalysis
0.0,0.0,0.0,0.0,37.104,-7.263,65.792,37.06,4411.0,0.24391,0,0,background_non_event,29.21513511323516,92.28468987330257,2023-12-03,2023,NASA COOLR/GLC,USGS SRTM 90m via Open Topo Data,Sentinel-2 L2A / Microsoft Planetary Computer,Open-Meteo ERA5-Land historical reanalysis
0.0,0.0,0.0,0.0,18.123,19.308,63.75,0.65,87.0,0.51977,4,0,background_non_event,26.873146355532562,92.77831804328426,2023-12-04,2023,NASA COOLR/GLC,USGS SRTM 90m via Open Topo Data,Sentinel-2 L2A / Microsoft Planetary Computer,Open-Meteo ERA5-Land historical reanalysis
0.0,0.0,0.0,0.0,35.85,14.237,88.458,11.51,1474.0,0.46758,2,0,background_non_event,22.98423929759413,93.5698541377947,2023-12-11,2023,NASA COOLR/GLC,USGS SRTM 90m via Open Topo Data,Sentinel-2 L2A / Microsoft Planetary Computer,Open-Meteo ERA5-Land historical reanalysis
0.0,0.0,0.0,0.0,23.087,20.387,76.625,0.83,35.0,0.09804,0,0,background_non_event,26.141868090416423,89.53483036352705,2023-12-12,2023,NASA COOLR/GLC,USGS SRTM 90m via Open Topo Data,Sentinel-2 L2A / Microsoft Planetary Computer,Open-Meteo ERA5-Land historical reanalysis
0.0,0.0,0.0,0.0,37.144,17.954,90.667,18.07,838.0,0.58482,6,0,background_non_event,23.749681253549728,93.17571639769551,2023-12-13,2023,NASA COOLR/GLC,USGS SRTM 90m via Open Topo Data,Sentinel-2 L2A / Microsoft Planetary Computer,Open-Meteo ERA5-Land historical reanalysis
0.0,0.0,0.0,0.0,46.971,15.879,87.167,10.36,223.0,0.52285,0,0,background_non_event,25.845252311698616,95.57583423669092,2023-12-14,2023,NASA COOLR/GLC,USGS SRTM 90m via Open Topo Data,Sentinel-2 L2A / Microsoft Planetary Computer,Open-Meteo ERA5-Land historical reanalysis
0.0,0.0,0.0,0.0,31.821,19.246,74.667,1.09,36.0,0.2324,0,0,background_non_event,26.2264431380544,90.4532001827,2023-12-17,2023,NASA COOLR/GLC,USGS SRTM 90m via Open Topo Data,NASA MODIS MOD13Q1.061 / Microsoft Planetary Computer,Open-Meteo ERA5-Land historical reanalysis
0.0,0.0,0.0,0.0,24.502,18.95,74.417,0.68,13.0,0.35226,0,0,background_non_event,24.683584179325273,90.44218620120185,2023-12-20,2023,NASA COOLR/GLC,USGS SRTM 90m via Open Topo Data,Sentinel-2 L2A / Microsoft Planetary Computer,Open-Meteo ERA5-Land historical reanalysis
0.0,0.0,0.0,0.0,35.76,-13.108,44.042,31.63,3784.0,0.32989,0,0,background_non_event,29.04244261932159,96.12179670554058,2023-12-20,2023,NASA COOLR/GLC,USGS SRTM 90m via Open Topo Data,Sentinel-2 L2A / Microsoft Planetary Computer,Open-Meteo ERA5-Land historical reanalysis
0.0,0.0,0.0,0.0,27.238,11.908,58.458,22.44,1295.0,0.8261,5,0,background_non_event,27.91714643610264,93.67848585441145,2023-12-31,2023,NASA COOLR/GLC,USGS SRTM 90m via Open Topo Data,NASA MODIS MOD13Q1.061 / Microsoft Planetary Computer,Open-Meteo ERA5-Land historical reanalysis
0.0,0.0,0.0,0.0,21.377,20.471,67.792,1.95,8.0,0.6839,2,0,background_non_event,21.748950306854088,92.14989043188757,2024-01-05,2024,NASA COOLR/GLC,USGS SRTM 90m via Open Topo Data,NASA MODIS MOD13Q1.061 / Microsoft Planetary Computer,Open-Meteo ERA5-Land historical reanalysis
0.0,0.0,0.0,0.0,35.06,-4.312,74.333,0.3,2917.0,0.01724,0,0,background_non_event,29.46830776496228,94.6207679614314,2024-01-05,2024,NASA COOLR/GLC,USGS SRTM 90m via Open Topo Data,Sentinel-2 L2A / Microsoft Planetary Computer,Open-Meteo ERA5-Land historical reanalysis
0.0,0.0,0.0,0.0,20.469,12.562,71.542,15.87,579.0,0.50786,3,0,background_non_event,27.10732839202445,92.82530423572744,2024-01-08,2024,NASA COOLR/GLC,USGS SRTM 90m via Open Topo Data,Sentinel-2 L2A / Microsoft Planetary Computer,Open-Meteo ERA5-Land historical reanalysis
0.0,0.0,0.0,0.0,26.5,13.85,81.625,0.78,770.0,0.15422,6,0,background_non_event,24.681657689477657,93.85219201457356,2024-01-11,2024,NASA COOLR/GLC,USGS SRTM 90m via Open Topo Data,Sentinel-2 L2A / Microsoft Planetary Computer,Open-Meteo ERA5-Land historical reanalysis
0.0,0.0,0.0,0.0,35.423,16.321,74.208,18.29,838.0,0.50117,0,0,background_non_event,23.141654964932066,97.36768868614965,2024-01-14,2024,NASA COOLR/GLC,USGS SRTM 90m via Open Topo Data,Sentinel-2 L2A / Microsoft Planetary Computer,Open-Meteo ERA5-Land historical reanalysis
0.0,0.0,0.0,0.0,30.471,5.392,71.5,17.19,2109.0,0.38563,21,0,background_non_event,27.340113518362237,93.63750161247216,2024-01-16,2024,NASA COOLR/GLC,USGS SRTM 90m via Open Topo Data,Sentinel-2 L2A / Microsoft Planetary Computer,Open-Meteo ERA5-Land historical reanalysis
0.0,0.0,0.0,0.0,29.4,18.067,76.667,12.42,286.0,0.51309,0,0,background_non_event,24.637204845297457,96.79575963049095,2024-01-18,2024,NASA COOLR/GLC,USGS SRTM 90m via Open Topo Data,Sentinel-2 L2A / Microsoft Planetary Computer,Open-Meteo ERA5-Land historical reanalysis
0.0,0.0,0.0,0.0,23.683,4.033,71.875,39.89,2146.0,0.37489,3,0,background_non_event,28.157722675162844,94.2496745793395,2024-01-21,2024,NASA COOLR/GLC,USGS SRTM 90m via Open Topo Data,Sentinel-2 L2A / Microsoft Planetary Computer,Open-Meteo ERA5-Land historical reanalysis
0.0,0.0,0.0,0.0,30.05,-2.8,20.667,11.73,4288.0,0.1815,0,0,background_non_event,29.4776986578319,88.80947850928705,2024-01-23,2024,NASA COOLR/GLC,USGS SRTM 90m via Open Topo Data,NASA MODIS MOD13Q1.061 / Microsoft Planetary Computer,Open-Meteo ERA5-Land historical reanalysis
0.0,0.0,0.0,0.0,29.869,18.012,71.833,4.05,262.0,0.45161,1,0,background_non_event,23.008562853426604,94.57543076613914,2024-01-24,2024,NASA COOLR/GLC,USGS SRTM 90m via Open Topo Data,Sentinel-2 L2A / Microsoft Planetary Computer,Open-Meteo ERA5-Land historical reanalysis
0.0,0.0,0.0,0.0,35.025,-5.517,71.917,22.83,2999.0,0.1645,0,0,background_non_event,28.753175167716535,96.2904758859335,2024-01-28,2024,NASA COOLR/GLC,USGS SRTM 90m via Open Topo Data,Sentinel-2 L2A / Microsoft Planetary Computer,Open-Meteo ERA5-Land historical reanalysis
0.0,0.0,0.0,0.0,33.652,-17.713,80.125,21.54,4945.0,-0.0201,0,0,background_non_event,28.33518228076774,97.47982985999903,2024-02-01,2024,NASA COOLR/GLC,USGS SRTM 90m via Open Topo Data,NASA MODIS MOD13Q1.061 / Microsoft Planetary Computer,Open-Meteo ERA5-Land historical reanalysis
0.0,0.0,0.0,0.0,25.35,-0.783,28.25,1.0,3821.0,0.00964,0,0,background_non_event,29.354931869192406,89.007546721072,2024-02-01,2024,NASA COOLR/GLC,USGS SRTM 90m via Open Topo Data,Sentinel-2 L2A / Microsoft Planetary Computer,Open-Meteo ERA5-Land historical reanalysis
0.0,0.0,0.0,0.0,14.477,18.012,70.875,0.39,74.0,0.47649,0,0,background_non_event,26.286646048970304,88.52478407904684,2024-02-06,2024,NASA COOLR/GLC,USGS SRTM 90m via Open Topo Data,Sentinel-2 L2A / Microsoft Planetary Computer,Open-Meteo ERA5-Land historical reanalysis
0.0,0.0,0.0,0.0,36.177,-6.679,45.958,19.68,3669.0,0.32275,5,0,background_non_event,27.802592058305997,91.98866425366083,2024-02-09,2024,NASA COOLR/GLC,USGS SRTM 90m via Open Topo Data,Sentinel-2 L2A / Microsoft Planetary Computer,Open-Meteo ERA5-Land historical reanalysis
0.0,0.0,0.0,0.0,38.673,3.113,64.292,26.33,3066.0,0.45674,1,0,background_non_event,27.50527536759518,89.30795058108308,2024-02-10,2024,NASA COOLR/GLC,USGS SRTM 90m via Open Topo Data,Sentinel-2 L2A / Microsoft Planetary Computer,Open-Meteo ERA5-Land historical reanalysis
0.0,0.0,0.0,0.0,27.75,22.738,64.0,8.36,80.0,0.28597,0,0,background_non_event,22.171915045779716,95.98971684928455,2024-02-13,2024,NASA COOLR/GLC,USGS SRTM 90m via Open Topo Data,Sentinel-2 L2A / Microsoft Planetary Computer,Open-Meteo ERA5-Land historical reanalysis
0.0,0.0,0.0,0.0,34.594,-13.2,79.5,27.49,4261.0,0.32397,0,0,background_non_event,29.246482577003803,94.12692022009753,2024-02-13,2024,NASA COOLR/GLC,USGS SRTM 90m via Open Topo Data,Sentinel-2 L2A / Microsoft Planetary Computer,Open-Meteo ERA5-Land historical reanalysis
0.0,0.0,0.0,0.0,26.15,23.637,50.083,0.98,127.0,0.31173,0,0,background_non_event,22.601532693036205,95.75805573985937,2024-02-17,2024,NASA COOLR/GLC,USGS SRTM 90m via Open Topo Data,Sentinel-2 L2A / Microsoft Planetary Computer,Open-Meteo ERA5-Land historical reanalysis
0.0,0.0,0.0,0.0,33.3,-12.133,75.875,16.8,4472.0,-0.00636,0,0,background_non_event,28.727057121903048,96.41337257267051,2024-02-17,2024,NASA COOLR/GLC,USGS SRTM 90m via Open Topo Data,Sentinel-2 L2A / Microsoft Planetary Computer,Open-Meteo ERA5-Land historical reanalysis
0.0,0.0,0.0,0.0,20.804,16.392,59.958,31.75,1324.0,0.43343,1,0,background_non_event,23.642566837564672,93.88209315716756,2024-02-21,2024,NASA COOLR/GLC,USGS SRTM 90m via Open Topo Data,Sentinel-2 L2A / Microsoft Planetary Computer,Open-Meteo ERA5-Land historical reanalysis
0.0,0.0,0.0,0.0,41.075,-7.404,93.208,45.38,3838.0,0.21584,0,0,background_non_event,28.296790755925784,93.47737743977541,2024-02-23,2024,NASA COOLR/GLC,USGS SRTM 90m via Open Topo Data,Sentinel-2 L2A / Microsoft Planetary Computer,Open-Meteo ERA5-Land historical reanalysis
0.0,0.0,0.0,0.0,16.481,20.221,59.042,8.98,308.0,0.44763,0,0,background_non_event,24.358435491553607,94.63189686171772,2024-02-27,2024,NASA COOLR/GLC,USGS SRTM 90m via Open Topo Data,Sentinel-2 L2A / Microsoft Planetary Computer,Open-Meteo ERA5-Land historical reanalysis
0.0,0.0,0.0,0.0,15.883,21.004,56.083,0.87,37.0,0.22399,0,0,background_non_event,26.181963490745282,89.61349239545775,2024-02-27,2024,NASA COOLR/GLC,USGS SRTM 90m via Open Topo Data,Sentinel-2 L2A / Microsoft Planetary Computer,Open-Meteo ERA5-Land historical reanalysis
0.0,0.0,0.0,0.0,30.173,21.592,71.667,0.77,18.0,0.6063,4,0,background_non_event,24.429044988088265,91.86648752219912,2024-02-29,2024,NASA COOLR/GLC,USGS SRTM 90m via Open Topo Data,NASA MODIS MOD13Q1.061 / Microsoft Planetary Computer,Open-Meteo ERA5-Land historical reanalysis
0.0,0.0,0.0,0.0,17.969,20.904,73.833,0.67,82.0,0.24413,14,0,background_non_event,27.069746903343777,94.0536577992076,2024-03-05,2024,NASA COOLR/GLC,USGS SRTM 90m via Open Topo Data,Sentinel-2 L2A / Microsoft Planetary Computer,Open-Meteo ERA5-Land historical reanalysis
0.0,0.0,0.0,0.0,33.35,-5.913,74.583,31.11,4657.0,0.06864,0,0,background_non_event,28.23166704477343,92.75729697448907,2024-03-05,2024,NASA COOLR/GLC,USGS SRTM 90m via Open Topo Data,Sentinel-2 L2A / Microsoft Planetary Computer,Open-Meteo ERA5-Land historical reanalysis
0.0,0.0,0.0,0.0,42.633,7.104,95.292,32.74,2166.0,0.26,7,0,background_non_event,27.616041270033055,93.941726852854,2024-03-06,2024,NASA COOLR/GLC,USGS SRTM 90m via Open Topo Data,NASA MODIS MOD13Q1.061 / Microsoft Planetary Computer,Open-Meteo ERA5-Land historical reanalysis
0.0,0.0,0.0,0.0,27.815,23.958,40.917,4.28,157.0,0.31911,0,0,background_non_event,24.37554155059535,96.10053167686813,2024-03-07,2024,NASA COOLR/GLC,USGS SRTM 90m via Open Topo Data,Sentinel-2 L2A / Microsoft Planetary Computer,Open-Meteo ERA5-Land historical reanalysis
0.0,0.0,0.0,0.0,28.09,20.746,61.625,0.72,148.0,0.32541,14,0,background_non_event,25.962259989572956,93.8954220054922,2024-03-07,2024,NASA COOLR/GLC,USGS SRTM 90m via Open Topo Data,Sentinel-2 L2A / Microsoft Planetary Computer,Open-Meteo ERA5-Land historical reanalysis
0.0,0.0,0.0,0.0,27.958,22.546,58.625,0.26,45.0,0.1989,12,0,background_non_event,26.31385502225187,91.3985701968769,2024-03-07,2024,NASA COOLR/GLC,USGS SRTM 90m via Open Topo Data,Sentinel-2 L2A / Microsoft Planetary Computer,Open-Meteo ERA5-Land historical reanalysis
0.0,0.0,0.0,0.0,24.215,22.033,56.292,2.61,79.0,0.45341,5,0,background_non_event,24.2605936969809,92.63043732280657,2024-03-08,2024,NASA COOLR/GLC,USGS SRTM 90m via Open Topo Data,Sentinel-2 L2A / Microsoft Planetary Computer,Open-Meteo ERA5-Land historical reanalysis
0.0,0.0,0.0,0.0,39.025,4.217,87.375,32.44,2819.0,0.27944,5,0,background_non_event,27.26294721917931,92.2273670511938,2024-03-08,2024,NASA COOLR/GLC,USGS SRTM 90m via Open Topo Data,Sentinel-2 L2A / Microsoft Planetary Computer,Open-Meteo ERA5-Land historical reanalysis
0.0,0.0,0.0,0.0,33.404,24.438,58.083,0.24,105.0,0.13309,1,0,background_non_event,27.15441229419291,94.93878620383623,2024-03-18,2024,NASA COOLR/GLC,USGS SRTM 90m via Open Topo Data,Sentinel-2 L2A / Microsoft Planetary Computer,Open-Meteo ERA5-Land historical reanalysis
0.0,0.0,0.0,0.0,48.502,15.708,86.667,35.23,1340.0,0.42308,1,0,background_non_event,26.94011907868898,95.65769194446011,2024-03-24,2024,NASA COOLR/GLC,USGS SRTM 90m via Open Topo Data,Sentinel-2 L2A / Microsoft Planetary Computer,Open-Meteo ERA5-Land historical reanalysis
0.0,0.0,0.0,0.0,40.331,9.296,82.5,31.44,2280.0,0.49941,2,0,background_non_event,26.982130592405987,90.2295244029169,2024-03-24,2024,NASA COOLR/GLC,USGS SRTM 90m via Open Topo Data,Sentinel-2 L2A / Microsoft Planetary Computer,Open-Meteo ERA5-Land historical reanalysis
0.0,0.0,0.0,0.0,29.4,-6.812,88.208,36.86,4650.0,0.16727,4,0,background_non_event,27.962113002674585,91.6618777549802,2024-03-25,2024,NASA COOLR/GLC,USGS SRTM 90m via Open Topo Data,Sentinel-2 L2A / Microsoft Planetary Computer,Open-Meteo ERA5-Land historical reanalysis
0.0,0.0,0.0,0.0,32.833,19.646,65.667,11.51,801.0,0.49628,0,0,background_non_event,26.47754070029932,97.00337828016069,2024-03-27,2024,NASA COOLR/GLC,USGS SRTM 90m via Open Topo Data,Sentinel-2 L2A / Microsoft Planetary Computer,Open-Meteo ERA5-Land historical reanalysis
0.0,0.0,0.0,0.0,17.096,27.9,65.042,11.05,184.0,0.30385,1,0,background_non_event,21.75234311429927,92.43567046051712,2024-03-30,2024,NASA COOLR/GLC,USGS SRTM 90m via Open Topo Data,Sentinel-2 L2A / Microsoft Planetary Computer,Open-Meteo ERA5-Land historical reanalysis
0.0,0.0,0.0,0.0,25.894,31.588,37.667,1.82,137.0,0.1035,0,0,background_non_event,22.550889353890845,94.97381555995862,2024-04-01,2024,NASA COOLR/GLC,USGS SRTM 90m via Open Topo Data,Sentinel-2 L2A / Microsoft Planetary Computer,Open-Meteo ERA5-Land historical reanalysis
0.0,0.0,0.0,0.0,16.748,29.929,48.25,3.33,88.0,0.3518,8,0,background_non_event,22.86656820854536,92.35809966797149,2024-04-09,2024,NASA COOLR/GLC,USGS SRTM 90m via Open Topo Data,Sentinel-2 L2A / Microsoft Planetary Computer,Open-Meteo ERA5-Land historical reanalysis
0.0,0.0,0.0,0.0,28.802,23.521,44.792,24.87,1029.0,0.7826,0,0,background_non_event,26.066624756466528,95.98504138451489,2024-04-11,2024,NASA COOLR/GLC,USGS SRTM 90m via Open Topo Data,NASA MODIS MOD13Q1.061 / Microsoft Planetary Computer,Open-Meteo ERA5-Land historical reanalysis
0.0,0.0,0.0,0.0,26.45,28.421,64.583,0.7,20.0,0.29275,1,0,background_non_event,25.432572333852534,89.74065262637858,2024-04-12,2024,NASA COOLR/GLC,USGS SRTM 90m via Open Topo Data,Sentinel-2 L2A / Microsoft Planetary Computer,Open-Meteo ERA5-Land historical reanalysis
0.0,0.0,0.0,0.0,14.715,28.996,44.792,25.21,495.0,0.14839,2,0,background_non_event,23.257723788980048,93.62550457265401,2024-04-15,2024,NASA COOLR/GLC,USGS SRTM 90m via Open Topo Data,Sentinel-2 L2A / Microsoft Planetary Computer,Open-Meteo ERA5-Land historical reanalysis
0.0,0.0,0.0,0.0,37.29,24.529,76.625,4.83,297.0,0.5316,0,0,background_non_event,24.681225978451902,97.23755796372677,2024-04-20,2024,NASA COOLR/GLC,USGS SRTM 90m via Open Topo Data,Sentinel-2 L2A / Microsoft Planetary Computer,Open-Meteo ERA5-Land historical reanalysis
0.0,0.0,0.0,0.0,28.465,31.912,40.25,11.84,388.0,0.20684,0,0,background_non_event,22.346228862602505,94.44043503838351,2024-04-21,2024,NASA COOLR/GLC,USGS SRTM 90m via Open Topo Data,Sentinel-2 L2A / Microsoft Planetary Computer,Open-Meteo ERA5-Land historical reanalysis
0.0,0.0,0.0,0.0,39.531,-1.85,43.833,16.27,5331.0,0.01224,0,0,background_non_event,29.446169211133697,91.61886896459235,2024-04-22,2024,NASA COOLR/GLC,USGS SRTM 90m via Open Topo Data,Sentinel-2 L2A / Microsoft Planetary Computer,Open-Meteo ERA5-Land historical reanalysis
0.0,0.0,0.0,0.0,41.49,26.008,64.583,11.38,274.0,0.52045,0,0,background_non_event,25.82442000022384,95.52626918493189,2024-04-28,2024,NASA COOLR/GLC,USGS SRTM 90m via Open Topo Data,Sentinel-2 L2A / Microsoft Planetary Computer,Open-Meteo ERA5-Land historical reanalysis
0.0,0.0,0.0,0.0,14.569,33.608,28.958,1.1,29.0,0.04882,0,0,background_non_event,25.374684602593224,88.94447189220477,2024-04-30,2024,NASA COOLR/GLC,USGS SRTM 90m via Open Topo Data,Sentinel-2 L2A / Microsoft Planetary Computer,Open-Meteo ERA5-Land historical reanalysis
0.0,0.0,0.0,0.0,31.358,27.154,79.458,3.58,65.0,0.48052,10,0,background_non_event,22.54672466597984,91.71810846296802,2024-05-07,2024,NASA COOLR/GLC,USGS SRTM 90m via Open Topo Data,Sentinel-2 L2A / Microsoft Planetary Computer,Open-Meteo ERA5-Land historical reanalysis
0.0,0.0,0.0,0.0,31.777,27.892,82.208,0.69,8.0,0.3032,1,0,background_non_event,23.016174569491398,91.15575222373585,2024-05-10,2024,NASA COOLR/GLC,USGS SRTM 90m via Open Topo Data,NASA MODIS MOD13Q1.061 / Microsoft Planetary Computer,Open-Meteo ERA5-Land historical reanalysis
0.0,0.0,0.0,0.0,37.848,21.304,78.333,19.86,1155.0,0.50054,0,0,background_non_event,23.360308278444023,97.04504659348825,2024-05-10,2024,NASA COOLR/GLC,USGS SRTM 90m via Open Topo Data,Sentinel-2 L2A / Microsoft Planetary Computer,Open-Meteo ERA5-Land historical reanalysis
0.0,0.0,0.0,0.0,46.671,24.454,82.833,0.61,138.0,0.41893,0,0,background_non_event,27.607933103141402,95.629200680021,2024-05-10,2024,NASA COOLR/GLC,USGS SRTM 90m via Open Topo Data,Sentinel-2 L2A / Microsoft Planetary Computer,Open-Meteo ERA5-Land historical reanalysis
0.0,0.0,0.0,0.0,42.244,-1.1,75.417,27.83,4279.0,-0.04259,0,0,background_non_event,29.042079820703457,96.45287221599416,2024-05-12,2024,NASA COOLR/GLC,USGS SRTM 90m via Open Topo Data,Sentinel-2 L2A / Microsoft Planetary Computer,Open-Meteo ERA5-Land historical reanalysis
0.0,0.0,0.0,0.0,34.294,28.363,55.042,12.91,726.0,0.22914,0,0,background_non_event,22.11532710755769,94.44945049095256,2024-05-13,2024,NASA COOLR/GLC,USGS SRTM 90m via Open Topo Data,Sentinel-2 L2A / Microsoft Planetary Computer,Open-Meteo ERA5-Land historical reanalysis
0.0,0.0,0.0,0.0,17.381,32.121,55.625,1.33,122.0,0.7236,0,0,background_non_event,24.422682073360047,96.70244001681738,2024-05-13,2024,NASA COOLR/GLC,USGS SRTM 90m via Open Topo Data,NASA MODIS MOD13Q1.061 / Microsoft Planetary Computer,Open-Meteo ERA5-Land historical reanalysis
0.0,0.0,0.0,0.0,30.033,30.617,51.958,19.26,526.0,0.42236,0,0,background_non_event,24.702072565915433,96.20079366687531,2024-05-14,2024,NASA COOLR/GLC,USGS SRTM 90m via Open Topo Data,Sentinel-2 L2A / Microsoft Planetary Computer,Open-Meteo ERA5-Land historical reanalysis
0.0,0.0,0.0,0.0,48.379,14.688,79.667,25.63,2505.0,0.54506,1,0,background_non_event,25.793661112450966,95.06089615503899,2024-05-18,2024,NASA COOLR/GLC,USGS SRTM 90m via Open Topo Data,Sentinel-2 L2A / Microsoft Planetary Computer,Open-Meteo ERA5-Land historical reanalysis
0.0,0.0,0.0,0.0,43.852,27.442,83.583,1.01,26.0,0.5465,6,0,background_non_event,24.742076482015456,92.5714139760206,2024-05-19,2024,NASA COOLR/GLC,USGS SRTM 90m via Open Topo Data,NASA MODIS MOD13Q1.061 / Microsoft Planetary Computer,Open-Meteo ERA5-Land historical reanalysis
0.0,0.0,0.0,0.0,37.36,2.358,70.417,15.82,5010.0,0.06996,0,0,background_non_event,28.65859464565156,89.27352986080369,2024-05-21,2024,NASA COOLR/GLC,USGS SRTM 90m via Open Topo Data,Sentinel-2 L2A / Microsoft Planetary Computer,Open-Meteo ERA5-Land historical reanalysis
0.0,0.0,0.0,0.0,27.35,28.742,79.167,15.69,115.0,0.4803,9,0,background_non_event,24.832463964026633,93.08093422332058,2024-05-26,2024,NASA COOLR/GLC,USGS SRTM 90m via Open Topo Data,Sentinel-2 L2A / Microsoft Planetary Computer,Open-Meteo ERA5-Land historical reanalysis
0.0,0.0,0.0,0.0,48.138,26.904,90.75,1.2,90.0,0.21096,0,0,background_non_event,25.98998316516066,92.9987481578129,2024-05-27,2024,NASA COOLR/GLC,USGS SRTM 90m via Open Topo Data,Sentinel-2 L2A / Microsoft Planetary Computer,Open-Meteo ERA5-Land historical reanalysis
0.0,0.0,0.0,0.0,41.369,27.717,91.5,2.38,119.0,0.06941,0,0,background_non_event,24.92907054649982,97.1027922056725,2024-06-01,2024,NASA COOLR/GLC,USGS SRTM 90m via Open Topo Data,Sentinel-2 L2A / Microsoft Planetary Computer,Open-Meteo ERA5-Land historical reanalysis
0.0,0.0,0.0,0.0,49.044,26.808,91.75,0.15,1.0,0.0012,0,0,background_non_event,25.15219030145517,91.08418105320074,2024-06-02,2024,NASA COOLR/GLC,USGS SRTM 90m via Open Topo Data,NASA MODIS MOD13Q1.061 / Microsoft Planetary Computer,Open-Meteo ERA5-Land historical reanalysis
0.0,0.0,0.0,0.0,46.065,22.246,87.208,23.27,1056.0,0.5728,9,0,background_non_event,25.103307039198263,94.10282748747554,2024-06-03,2024,NASA COOLR/GLC,USGS SRTM 90m via Open Topo Data,NASA MODIS MOD13Q1.061 / Microsoft Planetary Computer,Open-Meteo ERA5-Land historical reanalysis
0.0,0.0,0.0,0.0,48.854,21.858,97.125,33.55,780.0,0.51518,4,0,background_non_event,25.2467740180691,92.25558714532697,2024-06-03,2024,NASA COOLR/GLC,USGS SRTM 90m via Open Topo Data,Sentinel-2 L2A / Microsoft Planetary Computer,Open-Meteo ERA5-Land historical reanalysis
0.0,0.0,0.0,0.0,23.048,12.254,70.417,3.45,3671.0,0.08754,0,0,background_non_event,29.361088446438377,91.27128839654657,2024-06-04,2024,NASA COOLR/GLC,USGS SRTM 90m via Open Topo Data,Sentinel-2 L2A / Microsoft Planetary Computer,Open-Meteo ERA5-Land historical reanalysis
0.0,0.0,0.0,0.0,27.194,32.204,75.792,1.05,11.0,0.43018,0,0,background_non_event,23.15984015779652,88.66856456725245,2024-06-07,2024,NASA COOLR/GLC,USGS SRTM 90m via Open Topo Data,Sentinel-2 L2A / Microsoft Planetary Computer,Open-Meteo ERA5-Land historical reanalysis
0.0,0.0,0.0,0.0,22.571,31.688,76.083,2.0,6.0,0.63883,0,0,background_non_event,22.975619729375243,88.74677687569837,2024-06-11,2024,NASA COOLR/GLC,USGS SRTM 90m via Open Topo Data,Sentinel-2 L2A / Microsoft Planetary Computer,Open-Meteo ERA5-Land historical reanalysis
0.0,0.0,0.0,0.0,39.371,30.479,77.167,1.36,13.0,0.49406,1,0,background_non_event,24.563388714791458,91.23761669710993,2024-06-11,2024,NASA COOLR/GLC,USGS SRTM 90m via Open Topo Data,Sentinel-2 L2A / Microsoft Planetary Computer,Open-Meteo ERA5-Land historical reanalysis
0.0,0.0,0.0,0.0,37.675,9.367,89.792,18.54,4093.0,0.27653,2,0,background_non_event,27.993336417312072,91.6637186312605,2024-06-13,2024,NASA COOLR/GLC,USGS SRTM 90m via Open Topo Data,Sentinel-2 L2A / Microsoft Planetary Computer,Open-Meteo ERA5-Land historical reanalysis
0.0,0.0,0.0,0.0,48.471,26.838,91.542,3.56,212.0,0.1984,4,0,background_non_event,25.473165007210227,95.87638708547807,2024-06-15,2024,NASA COOLR/GLC,USGS SRTM 90m via Open Topo Data,NASA MODIS MOD13Q1.061 / Microsoft Planetary Computer,Open-Meteo ERA5-Land historical reanalysis
0.0,0.0,0.0,0.0,19.438,3.212,77.875,27.67,5563.0,-0.00725,0,0,background_non_event,28.612573175902764,88.67442581077346,2024-06-16,2024,NASA COOLR/GLC,USGS SRTM 90m via Open Topo Data,Sentinel-2 L2A / Microsoft Planetary Computer,Open-Meteo ERA5-Land historical reanalysis
0.0,0.0,0.0,0.0,47.15,22.608,97.625,19.39,596.0,0.08309,5,0,background_non_event,25.07363383507512,92.4264849966913,2024-06-17,2024,NASA COOLR/GLC,USGS SRTM 90m via Open Topo Data,Sentinel-2 L2A / Microsoft Planetary Computer,Open-Meteo ERA5-Land historical reanalysis
0.0,0.0,0.0,0.0,41.198,8.375,92.792,37.81,4188.0,0.0498,0,0,background_non_event,28.844841920894645,97.44483729059412,2024-06-18,2024,NASA COOLR/GLC,USGS SRTM 90m via Open Topo Data,NASA MODIS MOD13Q1.061 / Microsoft Planetary Computer,Open-Meteo ERA5-Land historical reanalysis
0.0,0.0,0.0,0.0,40.892,27.242,75.333,10.62,454.0,0.6766,0,0,background_non_event,23.06744440939041,96.24112576364908,2024-06-21,2024,NASA COOLR/GLC,USGS SRTM 90m via Open Topo Data,NASA MODIS MOD13Q1.061 / Microsoft Planetary Computer,Open-Meteo ERA5-Land historical reanalysis
0.0,0.0,0.0,0.0,46.075,26.683,96.542,17.6,212.0,0.56049,7,0,background_non_event,25.11991288708872,92.85039543712818,2024-06-28,2024,NASA COOLR/GLC,USGS SRTM 90m via Open Topo Data,Sentinel-2 L2A / Microsoft Planetary Computer,Open-Meteo ERA5-Land historical reanalysis
0.0,0.0,0.0,0.0,42.448,27.617,89.917,1.25,6.0,-0.0119,1,0,background_non_event,24.685946529747266,91.29070580049451,2024-06-29,2024,NASA COOLR/GLC,USGS SRTM 90m via Open Topo Data,NASA MODIS MOD13Q1.061 / Microsoft Planetary Computer,Open-Meteo ERA5-Land historical reanalysis
0.0,0.0,0.0,0.0,48.519,23.604,83.792,1.14,860.0,0.2125,0,0,background_non_event,22.35647265854656,96.60752860500862,2024-07-01,2024,NASA COOLR/GLC,USGS SRTM 90m via Open Topo Data,NASA MODIS MOD13Q1.061 / Microsoft Planetary Computer,Open-Meteo ERA5-Land historical reanalysis
0.0,0.0,0.0,0.0,48.621,23.196,100.0,6.55,231.0,0.5406,0,0,background_non_event,25.764635862857055,95.56339116872157,2024-07-02,2024,NASA COOLR/GLC,USGS SRTM 90m via Open Topo Data,NASA MODIS MOD13Q1.061 / Microsoft Planetary Computer,Open-Meteo ERA5-Land historical reanalysis
0.0,0.0,0.0,0.0,42.356,8.979,83.0,2.4,4709.0,0.3931,0,0,background_non_event,28.672341934200205,91.97986048785492,2024-07-02,2024,NASA COOLR/GLC,USGS SRTM 90m via Open Topo Data,NASA MODIS MOD13Q1.061 / Microsoft Planetary Computer,Open-Meteo ERA5-Land historical reanalysis
0.0,0.0,0.0,0.0,42.283,19.113,93.792,26.2,1682.0,0.8899,1,0,background_non_event,27.204879195619274,91.28542467649045,2024-07-04,2024,NASA COOLR/GLC,USGS SRTM 90m via Open Topo Data,NASA MODIS MOD13Q1.061 / Microsoft Planetary Computer,Open-Meteo ERA5-Land historical reanalysis
0.0,0.0,0.0,0.0,42.867,17.75,99.833,21.12,1993.0,0.7014,7,0,background_non_event,27.60083820602533,93.78447596990607,2024-07-05,2024,NASA COOLR/GLC,USGS SRTM 90m via Open Topo Data,NASA MODIS MOD13Q1.061 / Microsoft Planetary Computer,Open-Meteo ERA5-Land historical reanalysis
0.0,0.0,0.0,0.0,42.331,25.108,95.708,8.25,194.0,0.5071,0,0,background_non_event,23.48940427042756,92.22190006471668,2024-07-10,2024,NASA COOLR/GLC,USGS SRTM 90m via Open Topo Data,NASA MODIS MOD13Q1.061 / Microsoft Planetary Computer,Open-Meteo ERA5-Land historical reanalysis
0.0,0.0,0.0,0.0,42.135,5.825,73.792,22.06,5344.0,-0.00954,0,0,background_non_event,28.8702488415995,92.03786317395293,2024-07-12,2024,NASA COOLR/GLC,USGS SRTM 90m via Open Topo Data,Sentinel-2 L2A / Microsoft Planetary Computer,Open-Meteo ERA5-Land historical reanalysis
0.0,0.0,0.0,0.0,42.575,19.475,89.458,29.51,1642.0,-0.03342,0,0,background_non_event,28.770594600764245,94.69808934934981,2024-07-17,2024,NASA COOLR/GLC,USGS SRTM 90m via Open Topo Data,Sentinel-2 L2A / Microsoft Planetary Computer,Open-Meteo ERA5-Land historical reanalysis
0.0,0.0,0.0,0.0,41.971,6.712,87.208,36.77,5052.0,0.4466,0,0,background_non_event,29.59674325303428,92.07232209816509,2024-07-22,2024,NASA COOLR/GLC,USGS SRTM 90m via Open Topo Data,NASA MODIS MOD13Q1.061 / Microsoft Planetary Computer,Open-Meteo ERA5-Land historical reanalysis
0.0,0.0,0.0,0.0,41.75,24.946,88.708,33.03,844.0,0.8114,5,0,background_non_event,23.37886208568135,93.03539050210627,2024-07-25,2024,NASA COOLR/GLC,USGS SRTM 90m via Open Topo Data,NASA MODIS MOD13Q1.061 / Microsoft Planetary Computer,Open-Meteo ERA5-Land historical reanalysis
0.0,0.0,0.0,0.0,47.61,28.704,87.125,1.07,9.0,0.647,0,0,background_non_event,22.53387338558341,88.97624178414817,2024-07-26,2024,NASA COOLR/GLC,USGS SRTM 90m via Open Topo Data,NASA MODIS MOD13Q1.061 / Microsoft Planetary Computer,Open-Meteo ERA5-Land historical reanalysis
0.0,0.0,0.0,0.0,48.125,26.408,78.458,11.3,979.0,0.2144,22,0,background_non_event,25.790361143352783,91.9666548157945,2024-07-27,2024,NASA COOLR/GLC,USGS SRTM 90m via Open Topo Data,NASA MODIS MOD13Q1.061 / Microsoft Planetary Computer,Open-Meteo ERA5-Land historical reanalysis
0.0,0.0,0.0,0.0,46.998,29.037,74.542,13.96,673.0,0.13239,4,0,background_non_event,26.660993552241074,95.0145674365068,2024-07-27,2024,NASA COOLR/GLC,USGS SRTM 90m via Open Topo Data,Sentinel-2 L2A / Microsoft Planetary Computer,Open-Meteo ERA5-Land historical reanalysis
0.0,0.0,0.0,0.0,30.944,5.175,86.208,29.68,5573.0,-0.01,0,0,background_non_event,28.057167494923984,92.51714673112662,2024-07-29,2024,NASA COOLR/GLC,USGS SRTM 90m via Open Topo Data,NASA MODIS MOD13Q1.061 / Microsoft Planetary Computer,Open-Meteo ERA5-Land historical reanalysis
0.0,0.0,0.0,0.0,41.719,26.35,94.292,0.8,4.0,0.1458,2,0,background_non_event,21.74494809834282,92.02037470953307,2024-07-30,2024,NASA COOLR/GLC,USGS SRTM 90m via Open Topo Data,NASA MODIS MOD13Q1.061 / Microsoft Planetary Computer,Open-Meteo ERA5-Land historical reanalysis
0.0,0.0,0.0,0.0,41.946,21.858,90.667,32.58,1470.0,0.915,0,0,background_non_event,27.24335131294823,90.6881987165424,2024-07-31,2024,NASA COOLR/GLC,USGS SRTM 90m via Open Topo Data,NASA MODIS MOD13Q1.061 / Microsoft Planetary Computer,Open-Meteo ERA5-Land historical reanalysis
0.0,0.0,0.0,0.0,49.137,25.029,95.625,28.56,436.0,0.8889,1,0,background_non_event,25.559387175341712,95.09031547597999,2024-08-04,2024,NASA COOLR/GLC,USGS SRTM 90m via Open Topo Data,NASA MODIS MOD13Q1.061 / Microsoft Planetary Computer,Open-Meteo ERA5-Land historical reanalysis
0.0,0.0,0.0,0.0,41.206,5.979,87.5,17.11,5141.0,0.2219,0,0,background_non_event,29.43026820337805,93.23951460340209,2024-08-04,2024,NASA COOLR/GLC,USGS SRTM 90m via Open Topo Data,NASA MODIS MOD13Q1.061 / Microsoft Planetary Computer,Open-Meteo ERA5-Land historical reanalysis
0.0,0.0,0.0,0.0,41.981,26.579,91.792,14.11,507.0,0.4244,8,0,background_non_event,27.809729523169707,93.9452156672456,2024-08-12,2024,NASA COOLR/GLC,USGS SRTM 90m via Open Topo Data,Sentinel-2 L2A / Microsoft Planetary Computer,Open-Meteo ERA5-Land historical reanalysis
0.0,0.0,0.0,0.0,45.54,28.342,88.875,1.02,8.0,0.4781,0,0,background_non_event,23.886841108390534,90.61210790453126,2024-08-13,2024,NASA COOLR/GLC,USGS SRTM 90m via Open Topo Data,NASA MODIS MOD13Q1.061 / Microsoft Planetary Computer,Open-Meteo ERA5-Land historical reanalysis
0.0,0.0,0.0,0.0,42.806,26.117,94.542,0.87,11.0,0.7891,0,0,background_non_event,22.96120958936827,91.27137650553479,2024-08-17,2024,NASA COOLR/GLC,USGS SRTM 90m via Open Topo Data,NASA MODIS MOD13Q1.061 / Microsoft Planetary Computer,Open-Meteo ERA5-Land historical reanalysis
0.0,0.0,0.0,0.0,48.66,24.55,95.708,18.24,540.0,0.55516,0,0,background_non_event,24.774077095378242,96.11388790433558,2024-08-20,2024,NASA COOLR/GLC,USGS SRTM 90m via Open Topo Data,Sentinel-2 L2A / Microsoft Planetary Computer,Open-Meteo ERA5-Land historical reanalysis
0.0,0.0,0.0,0.0,38.429,23.262,86.25,21.87,1216.0,0.60394,0,0,background_non_event,28.644666949881504,95.70987644572465,2024-08-22,2024,NASA COOLR/GLC,USGS SRTM 90m via Open Topo Data,Sentinel-2 L2A / Microsoft Planetary Computer,Open-Meteo ERA5-Land historical reanalysis
0.0,0.0,0.0,0.0,48.117,29.083,80.833,0.67,114.0,0.23477,4,0,background_non_event,26.705760195257753,94.3698641466962,2024-08-24,2024,NASA COOLR/GLC,USGS SRTM 90m via Open Topo Data,Sentinel-2 L2A / Microsoft Planetary Computer,Open-Meteo ERA5-Land historical reanalysis
0.0,0.0,0.0,0.0,41.083,11.821,85.0,19.18,3607.0,0.11514,0,0,background_non_event,29.120989688966,95.29537500305848,2024-08-29,2024,NASA COOLR/GLC,USGS SRTM 90m via Open Topo Data,Sentinel-2 L2A / Microsoft Planetary Computer,Open-Meteo ERA5-Land historical reanalysis
0.0,0.0,0.0,0.0,42.498,26.508,89.417,1.31,84.0,0.5234,1,0,background_non_event,26.60851541782481,89.54011356285754,2024-09-04,2024,NASA COOLR/GLC,USGS SRTM 90m via Open Topo Data,Sentinel-2 L2A / Microsoft Planetary Computer,Open-Meteo ERA5-Land historical reanalysis
0.0,0.0,0.0,0.0,49.477,23.896,95.208,22.85,805.0,0.54556,12,0,background_non_event,27.078938445805612,93.13893424348441,2024-09-04,2024,NASA COOLR/GLC,USGS SRTM 90m via Open Topo Data,Sentinel-2 L2A / Microsoft Planetary Computer,Open-Meteo ERA5-Land historical reanalysis
0.0,0.0,0.0,0.0,41.737,20.358,93.5,33.67,1284.0,0.8171,7,0,background_non_event,23.5699298397441,92.93187407656772,2024-09-11,2024,NASA COOLR/GLC,USGS SRTM 90m via Open Topo Data,NASA MODIS MOD13Q1.061 / Microsoft Planetary Computer,Open-Meteo ERA5-Land historical reanalysis
0.0,0.0,0.0,0.0,49.192,25.283,90.958,13.09,598.0,0.6294,0,0,background_non_event,25.66055318456604,96.90418164364543,2024-09-13,2024,NASA COOLR/GLC,USGS SRTM 90m via Open Topo Data,Sentinel-2 L2A / Microsoft Planetary Computer,Open-Meteo ERA5-Land historical reanalysis
0.0,0.0,0.0,0.0,39.648,7.725,71.208,5.35,4678.0,0.1472,0,0,background_non_event,28.89191106983796,91.36912639796577,2024-09-13,2024,NASA COOLR/GLC,USGS SRTM 90m via Open Topo Data,Sentinel-2 L2A / Microsoft Planetary Computer,Open-Meteo ERA5-Land historical reanalysis
0.0,0.0,0.0,0.0,42.344,26.279,85.667,0.86,25.0,0.9133,0,0,background_non_event,24.6574264165118,88.49793023566244,2024-09-14,2024,NASA COOLR/GLC,USGS SRTM 90m via Open Topo Data,NASA MODIS MOD13Q1.061 / Microsoft Planetary Computer,Open-Meteo ERA5-Land historical reanalysis
0.0,0.0,0.0,0.0,40.506,6.388,85.292,26.97,4303.0,0.01922,0,0,background_non_event,28.414976402708756,96.93349618344615,2024-09-16,2024,NASA COOLR/GLC,USGS SRTM 90m via Open Topo Data,Sentinel-2 L2A / Microsoft Planetary Computer,Open-Meteo ERA5-Land historical reanalysis
0.0,0.0,0.0,0.0,36.854,30.167,80.542,0.71,8.0,-0.2558,4,0,background_non_event,24.87577216663395,91.44557519474559,2024-09-18,2024,NASA COOLR/GLC,USGS SRTM 90m via Open Topo Data,Sentinel-2 L2A / Microsoft Planetary Computer,Open-Meteo ERA5-Land historical reanalysis
0.0,0.0,0.0,0.0,33.615,31.017,80.375,0.79,12.0,0.7543,0,0,background_non_event,24.217251464591723,89.11676782687505,2024-09-21,2024,NASA COOLR/GLC,USGS SRTM 90m via Open Topo Data,NASA MODIS MOD13Q1.061 / Microsoft Planetary Computer,Open-Meteo ERA5-Land historical reanalysis
0.0,0.0,0.0,0.0,46.79,25.7,83.208,32.35,1224.0,0.8096,9,0,background_non_event,25.55610283807338,91.80872790011603,2024-09-21,2024,NASA COOLR/GLC,USGS SRTM 90m via Open Topo Data,NASA MODIS MOD13Q1.061 / Microsoft Planetary Computer,Open-Meteo ERA5-Land historical reanalysis
0.0,0.0,0.0,0.0,37.95,32.163,73.125,0.0,107.0,0.065,0,0,background_non_event,27.611837462331152,95.11798268597785,2024-09-23,2024,NASA COOLR/GLC,USGS SRTM 90m via Open Topo Data,NASA MODIS MOD13Q1.061 / Microsoft Planetary Computer,Open-Meteo ERA5-Land historical reanalysis
0.0,0.0,0.0,0.0,42.321,26.429,92.542,1.01,8.0,0.52536,0,0,background_non_event,22.66891229340147,90.4339588439457,2024-09-25,2024,NASA COOLR/GLC,USGS SRTM 90m via Open Topo Data,Sentinel-2 L2A / Microsoft Planetary Computer,Open-Meteo ERA5-Land historical reanalysis
0.0,0.0,0.0,0.0,42.029,25.875,93.917,0.74,12.0,0.44986,1,0,background_non_event,23.23712772260504,91.09868572347516,2024-09-25,2024,NASA COOLR/GLC,USGS SRTM 90m via Open Topo Data,Sentinel-2 L2A / Microsoft Planetary Computer,Open-Meteo ERA5-Land historical reanalysis
0.0,0.0,0.0,0.0,41.092,25.1,85.417,31.37,823.0,0.00986,0,0,background_non_event,22.454940053147446,94.42277335251248,2024-09-30,2024,NASA COOLR/GLC,USGS SRTM 90m via Open Topo Data,Sentinel-2 L2A / Microsoft Planetary Computer,Open-Meteo ERA5-Land historical reanalysis
0.0,0.0,0.0,0.0,39.421,26.004,92.875,10.1,209.0,0.60998,1,0,background_non_event,23.508027380454102,92.14435140776956,2024-09-30,2024,NASA COOLR/GLC,USGS SRTM 90m via Open Topo Data,Sentinel-2 L2A / Microsoft Planetary Computer,Open-Meteo ERA5-Land historical reanalysis
0.0,0.0,0.0,0.0,47.429,26.133,94.917,2.51,126.0,0.8182,0,0,background_non_event,22.84199633658365,94.66973019091675,2024-10-01,2024,NASA COOLR/GLC,USGS SRTM 90m via Open Topo Data,NASA MODIS MOD13Q1.061 / Microsoft Planetary Computer,Open-Meteo ERA5-Land historical reanalysis
0.0,0.0,0.0,0.0,48.337,20.708,93.292,12.02,1245.0,0.47668,6,0,background_non_event,25.642199923381092,91.91582998437451,2024-10-04,2024,NASA COOLR/GLC,USGS SRTM 90m via Open Topo Data,Sentinel-2 L2A / Microsoft Planetary Computer,Open-Meteo ERA5-Land historical reanalysis
0.0,0.0,0.0,0.0,47.773,24.004,94.5,6.51,457.0,0.8996,0,0,background_non_event,25.051541034085027,95.69378241237405,2024-10-05,2024,NASA COOLR/GLC,USGS SRTM 90m via Open Topo Data,NASA MODIS MOD13Q1.061 / Microsoft Planetary Computer,Open-Meteo ERA5-Land historical reanalysis
0.0,0.0,0.0,0.0,41.658,12.996,88.333,46.67,2917.0,0.722,0,0,background_non_event,28.935482808125577,97.43217066845666,2024-10-08,2024,NASA COOLR/GLC,USGS SRTM 90m via Open Topo Data,NASA MODIS MOD13Q1.061 / Microsoft Planetary Computer,Open-Meteo ERA5-Land historical reanalysis
0.0,0.0,0.0,0.0,47.669,24.904,94.125,2.19,272.0,0.30801,0,0,background_non_event,23.350919605614028,95.74989544929893,2024-10-09,2024,NASA COOLR/GLC,USGS SRTM 90m via Open Topo Data,Sentinel-2 L2A / Microsoft Planetary Computer,Open-Meteo ERA5-Land historical reanalysis
0.0,0.0,0.0,0.0,42.631,10.871,87.5,20.41,2558.0,0.11826,0,0,background_non_event,28.94201209432441,95.75371137589048,2024-10-09,2024,NASA COOLR/GLC,USGS SRTM 90m via Open Topo Data,Sentinel-2 L2A / Microsoft Planetary Computer,Open-Meteo ERA5-Land historical reanalysis
0.0,0.0,0.0,0.0,48.238,22.067,91.792,20.59,469.0,0.53916,0,0,background_non_event,25.98355607473281,95.55011899832823,2024-10-10,2024,NASA COOLR/GLC,USGS SRTM 90m via Open Topo Data,Sentinel-2 L2A / Microsoft Planetary Computer,Open-Meteo ERA5-Land historical reanalysis
0.0,0.0,0.0,0.0,40.771,25.721,89.583,10.21,396.0,0.56736,0,0,background_non_event,22.66276699183158,94.31153194698736,2024-10-13,2024,NASA COOLR/GLC,USGS SRTM 90m via Open Topo Data,Sentinel-2 L2A / Microsoft Planetary Computer,Open-Meteo ERA5-Land historical reanalysis
0.0,0.0,0.0,0.0,37.906,28.079,78.875,0.5,16.0,0.08491,0,0,background_non_event,23.75302683221971,88.18353407500842,2024-10-13,2024,NASA COOLR/GLC,USGS SRTM 90m via Open Topo Data,Sentinel-2 L2A / Microsoft Planetary Computer,Open-Meteo ERA5-Land historical reanalysis
0.0,0.0,0.0,0.0,0.0,,,0.0,0.0,-0.09175,3,0,background_non_event,22.346892038629733,91.58134241596447,2024-10-14,2024,NASA COOLR/GLC,USGS SRTM 90m via Open Topo Data,Sentinel-2 L2A / Microsoft Planetary Computer,Open-Meteo ERA5-Land historical reanalysis
0.0,0.0,0.0,0.0,36.637,26.117,88.417,0.87,11.0,0.45994,0,0,background_non_event,24.473198603134264,89.28605670308349,2024-10-17,2024,NASA COOLR/GLC,USGS SRTM 90m via Open Topo Data,Sentinel-2 L2A / Microsoft Planetary Computer,Open-Meteo ERA5-Land historical reanalysis
0.0,0.0,0.0,0.0,41.687,25.304,89.583,14.16,189.0,0.47136,1,0,background_non_event,23.122106768575634,94.32743852564381,2024-10-19,2024,NASA COOLR/GLC,USGS SRTM 90m via Open Topo Data,Sentinel-2 L2A / Microsoft Planetary Computer,Open-Meteo ERA5-Land historical reanalysis
0.0,0.0,0.0,0.0,30.26,28.196,81.042,0.73,6.0,0.49313,3,0,background_non_event,21.970980963958993,91.95307018548647,2024-10-22,2024,NASA COOLR/GLC,USGS SRTM 90m via Open Topo Data,Sentinel-2 L2A / Microsoft Planetary Computer,Open-Meteo ERA5-Land historical reanalysis
0.0,0.0,0.0,0.0,43.85,20.746,93.792,5.48,974.0,0.53867,0,0,background_non_event,24.027523579042562,97.4103749505387,2024-10-22,2024,NASA COOLR/GLC,USGS SRTM 90m via Open Topo Data,Sentinel-2 L2A / Microsoft Planetary Computer,Open-Meteo ERA5-Land historical reanalysis
0.0,0.0,0.0,0.0,43.756,26.267,82.833,1.05,14.0,0.3443,0,0,background_non_event,24.553655339004987,90.22020180286611,2024-10-23,2024,NASA COOLR/GLC,USGS SRTM 90m via Open Topo Data,Sentinel-2 L2A / Microsoft Planetary Computer,Open-Meteo ERA5-Land historical reanalysis
0.0,0.0,0.0,0.0,45.942,25.971,83.75,0.72,118.0,0.32391,0,0,background_non_event,22.87477163898624,95.36432534972548,2024-10-25,2024,NASA COOLR/GLC,USGS SRTM 90m via Open Topo Data,Sentinel-2 L2A / Microsoft Planetary Computer,Open-Meteo ERA5-Land historical reanalysis
0.0,0.0,0.0,0.0,32.45,-11.604,78.458,22.76,5559.0,0.04643,0,0,background_non_event,29.592576805164306,89.35069714096346,2024-11-05,2024,NASA COOLR/GLC,USGS SRTM 90m via Open Topo Data,Sentinel-2 L2A / Microsoft Planetary Computer,Open-Meteo ERA5-Land historical reanalysis
0.0,0.0,0.0,0.0,30.229,25.504,81.125,1.05,10.0,0.19059,0,0,background_non_event,23.83473961241233,89.56137721742948,2024-11-07,2024,NASA COOLR/GLC,USGS SRTM 90m via Open Topo Data,Sentinel-2 L2A / Microsoft Planetary Computer,Open-Meteo ERA5-Land historical reanalysis
0.0,0.0,0.0,0.0,36.29,20.596,79.917,14.2,579.0,0.55617,4,0,background_non_event,28.090967968184756,94.66391711179813,2024-11-07,2024,NASA COOLR/GLC,USGS SRTM 90m via Open Topo Data,Sentinel-2 L2A / Microsoft Planetary Computer,Open-Meteo ERA5-Land historical reanalysis
0.0,0.0,0.0,0.0,47.41,20.008,89.708,14.49,412.0,0.52416,0,0,background_non_event,24.6552544197316,95.85482535357714,2024-11-08,2024,NASA COOLR/GLC,USGS SRTM 90m via Open Topo Data,Sentinel-2 L2A / Microsoft Planetary Computer,Open-Meteo ERA5-Land historical reanalysis
0.0,0.0,0.0,0.0,37.169,-3.488,70.667,1.35,4103.0,0.13622,0,0,background_non_event,29.439425891449932,96.84807970320836,2024-11-09,2024,NASA COOLR/GLC,USGS SRTM 90m via Open Topo Data,Sentinel-2 L2A / Microsoft Planetary Computer,Open-Meteo ERA5-Land historical reanalysis
0.0,0.0,0.0,0.0,29.31,24.808,76.417,0.46,6.0,0.28252,0,0,background_non_event,23.57438497528562,90.59642842162746,2024-11-10,2024,NASA COOLR/GLC,USGS SRTM 90m via Open Topo Data,Sentinel-2 L2A / Microsoft Planetary Computer,Open-Meteo ERA5-Land historical reanalysis
0.0,0.0,0.0,0.0,35.119,23.321,79.708,0.36,29.0,0.27964,0,0,background_non_event,26.130513919454128,90.01564259463107,2024-11-14,2024,NASA COOLR/GLC,USGS SRTM 90m via Open Topo Data,Sentinel-2 L2A / Microsoft Planetary Computer,Open-Meteo ERA5-Land historical reanalysis
0.0,0.0,0.0,0.0,33.035,13.175,80.708,41.79,1912.0,0.47581,0,0,background_non_event,28.347781348356012,96.0971173928316,2024-11-17,2024,NASA COOLR/GLC,USGS SRTM 90m via Open Topo Data,Sentinel-2 L2A / Microsoft Planetary Computer,Open-Meteo ERA5-Land historical reanalysis
0.0,0.0,0.0,0.0,32.331,19.867,86.083,17.51,518.0,0.63825,7,0,background_non_event,25.097727771313753,92.97524538899297,2024-11-21,2024,NASA COOLR/GLC,USGS SRTM 90m via Open Topo Data,Sentinel-2 L2A / Microsoft Planetary Computer,Open-Meteo ERA5-Land historical reanalysis
0.0,0.0,0.0,0.0,33.435,16.867,81.458,0.94,244.0,0.59865,0,0,background_non_event,28.153389902718303,95.60762130638007,2024-11-24,2024,NASA COOLR/GLC,USGS SRTM 90m via Open Topo Data,Sentinel-2 L2A / Microsoft Planetary Computer,Open-Meteo ERA5-Land historical reanalysis
0.0,0.0,0.0,0.0,18.056,22.363,70.083,0.85,15.0,0.51747,9,0,background_non_event,22.395259411937143,92.08486345884947,2024-11-25,2024,NASA COOLR/GLC,USGS SRTM 90m via Open Topo Data,Sentinel-2 L2A / Microsoft Planetary Computer,Open-Meteo ERA5-Land historical reanalysis
0.0,0.0,0.0,0.0,37.404,16.458,70.0,22.13,861.0,0.55807,1,0,background_non_event,25.884694820086175,96.77537584123166,2024-11-28,2024,NASA COOLR/GLC,USGS SRTM 90m via Open Topo Data,Sentinel-2 L2A / Microsoft Planetary Computer,Open-Meteo ERA5-Land historical reanalysis
0.0,0.0,0.0,0.0,17.121,24.917,73.458,0.0,0.0,0.01191,0,0,background_non_event,22.373674357538615,91.24456409515419,2024-11-29,2024,NASA COOLR/GLC,USGS SRTM 90m via Open Topo Data,Sentinel-2 L2A / Microsoft Planetary Computer,Open-Meteo ERA5-Land historical reanalysis
0.0,0.0,0.0,0.0,44.36,12.213,74.792,17.84,1045.0,0.60301,0,0,background_non_event,27.759504134145615,97.39653413604385,2024-12-01,2024,NASA COOLR/GLC,USGS SRTM 90m via Open Topo Data,Sentinel-2 L2A / Microsoft Planetary Computer,Open-Meteo ERA5-Land historical reanalysis
0.0,0.0,0.0,0.0,27.021,18.012,76.458,14.44,292.0,0.565,5,0,background_non_event,23.921643393418776,92.46024521936619,2024-12-06,2024,NASA COOLR/GLC,USGS SRTM 90m via Open Topo Data,Sentinel-2 L2A / Microsoft Planetary Computer,Open-Meteo ERA5-Land historical reanalysis
0.0,0.0,0.0,0.0,18.444,18.683,69.083,0.66,10.0,0.11716,0,0,background_non_event,23.757725421800686,89.17632634750548,2024-12-08,2024,NASA COOLR/GLC,USGS SRTM 90m via Open Topo Data,Sentinel-2 L2A / Microsoft Planetary Computer,Open-Meteo ERA5-Land historical reanalysis
0.0,0.0,0.0,0.0,37.173,7.496,85.083,17.58,2083.0,0.40283,4,0,background_non_event,27.130280905403637,89.7691612812735,2024-12-11,2024,NASA COOLR/GLC,USGS SRTM 90m via Open Topo Data,Sentinel-2 L2A / Microsoft Planetary Computer,Open-Meteo ERA5-Land historical reanalysis
0.0,0.0,0.0,0.0,27.781,15.533,77.542,24.89,907.0,0.50418,0,0,background_non_event,22.139193098278138,93.75083871530019,2024-12-16,2024,NASA COOLR/GLC,USGS SRTM 90m via Open Topo Data,Sentinel-2 L2A / Microsoft Planetary Computer,Open-Meteo ERA5-Land historical reanalysis
0.0,0.0,0.0,0.0,33.673,19.317,79.292,8.86,227.0,0.47701,0,0,background_non_event,24.640700314599037,95.48294277163367,2024-12-20,2024,NASA COOLR/GLC,USGS SRTM 90m via Open Topo Data,Sentinel-2 L2A / Microsoft Planetary Computer,Open-Meteo ERA5-Land historical reanalysis
0.0,0.0,0.0,0.0,16.527,19.308,77.667,0.96,5.0,0.51569,0,0,background_non_event,23.664391730978522,90.08315291195096,2024-12-22,2024,NASA COOLR/GLC,USGS SRTM 90m via Open Topo Data,Sentinel-2 L2A / Microsoft Planetary Computer,Open-Meteo ERA5-Land historical reanalysis
0.0,0.0,0.0,0.0,41.281,-1.217,71.917,22.45,2924.0,0.40145,0,0,background_non_event,28.821078577500725,95.68933578057585,2024-12-23,2024,NASA COOLR/GLC,USGS SRTM 90m via Open Topo Data,Sentinel-2 L2A / Microsoft Planetary Computer,Open-Meteo ERA5-Land historical reanalysis
0.0,0.0,0.0,0.0,26.05,11.879,74.5,15.86,1644.0,0.42727,2,0,background_non_event,23.447618336616774,93.49888754165252,2024-12-24,2024,NASA COOLR/GLC,USGS SRTM 90m via Open Topo Data,Sentinel-2 L2A / Microsoft Planetary Computer,Open-Meteo ERA5-Land historical reanalysis
0.0,0.0,0.0,0.0,30.215,17.1,74.542,3.18,206.0,0.4679,1,0,background_non_event,25.43582572959732,90.74962704089367,2024-12-24,2024,NASA COOLR/GLC,USGS SRTM 90m via Open Topo Data,Sentinel-2 L2A / Microsoft Planetary Computer,Open-Meteo ERA5-Land historical reanalysis
0.0,0.0,0.0,0.0,21.594,-11.804,27.833,31.88,5613.0,0.05385,0,0,background_non_event,29.64810240629016,90.60147500398449,2024-12-25,2024,NASA COOLR/GLC,USGS SRTM 90m via Open Topo Data,Sentinel-2 L2A / Microsoft Planetary Computer,Open-Meteo ERA5-Land historical reanalysis
0.0,0.0,0.0,0.0,24.16,18.558,81.875,4.28,155.0,0.6199,0,0,background_non_event,24.21269610513961,96.9864717774366,2024-12-26,2024,NASA COOLR/GLC,USGS SRTM 90m via Open Topo Data,NASA MODIS MOD13Q1.061 / Microsoft Planetary Computer,Open-Meteo ERA5-Land historical reanalysis
0.0,0.0,0.0,0.0,26.6,16.733,66.625,1.01,135.0,0.0224,0,0,background_non_event,27.853113072508965,95.59076178540332,2024-12-27,2024,NASA COOLR/GLC,USGS SRTM 90m via Open Topo Data,Sentinel-2 L2A / Microsoft Planetary Computer,Open-Meteo ERA5-Land historical reanalysis
0.0,0.0,0.0,0.0,23.152,20.471,80.708,0.62,116.0,0.14882,0,0,background_non_event,24.263829587846473,97.24222392708592,2024-12-29,2024,NASA COOLR/GLC,USGS SRTM 90m via Open Topo Data,Sentinel-2 L2A / Microsoft Planetary Computer,Open-Meteo ERA5-Land historical reanalysis
0.0,0.0,0.0,0.0,15.456,19.554,75.417,1.02,10.0,0.44587,0,0,background_non_event,24.032573199769594,90.85643181910478,2024-12-31,2024,NASA COOLR/GLC,USGS SRTM 90m via Open Topo Data,Sentinel-2 L2A / Microsoft Planetary Computer,Open-Meteo ERA5-Land historical reanalysis
0.0,0.0,0.0,0.0,26.131,18.321,75.875,0.31,112.0,0.32751,0,0,background_non_event,27.42127162537685,95.05921078381097,2024-12-31,2024,NASA COOLR/GLC,USGS SRTM 90m via Open Topo Data,Sentinel-2 L2A / Microsoft Planetary Computer,Open-Meteo ERA5-Land historical reanalysis
0.0,0.0,0.0,0.0,15.831,15.037,74.792,0.96,203.0,0.48007,13,0,background_non_event,26.743556086779712,88.20265106525784,2025-01-02,2025,NASA COOLR/GLC,USGS SRTM 90m via Open Topo Data,Sentinel-2 L2A / Microsoft Planetary Computer,Open-Meteo ERA5-Land historical reanalysis
0.0,0.0,0.0,0.0,24.585,11.721,68.375,13.85,1345.0,0.54178,0,0,background_non_event,27.29444377303208,96.71661621863792,2025-01-03,2025,NASA COOLR/GLC,USGS SRTM 90m via Open Topo Data,Sentinel-2 L2A / Microsoft Planetary Computer,Open-Meteo ERA5-Land historical reanalysis
0.0,0.0,0.0,0.0,34.758,4.108,72.917,26.27,2843.0,0.38691,5,0,background_non_event,27.56002203613273,91.42568846111114,2025-01-03,2025,NASA COOLR/GLC,USGS SRTM 90m via Open Topo Data,Sentinel-2 L2A / Microsoft Planetary Computer,Open-Meteo ERA5-Land historical reanalysis
0.0,0.0,0.0,0.0,37.431,-3.8,70.458,34.45,2969.0,0.41458,0,0,background_non_event,28.568820963287536,94.35398477486217,2025-01-03,2025,NASA COOLR/GLC,USGS SRTM 90m via Open Topo Data,Sentinel-2 L2A / Microsoft Planetary Computer,Open-Meteo ERA5-Land historical reanalysis
0.0,0.0,0.0,0.0,28.404,19.2,75.875,0.87,3.0,0.15428,0,0,background_non_event,22.062269086637926,88.62409628969915,2025-01-04,2025,NASA COOLR/GLC,USGS SRTM 90m via Open Topo Data,Sentinel-2 L2A / Microsoft Planetary Computer,Open-Meteo ERA5-Land historical reanalysis
0.0,0.0,0.0,0.0,31.044,18.421,81.333,0.94,108.0,0.41283,4,0,background_non_event,26.377352789942222,93.94372767312932,2025-01-07,2025,NASA COOLR/GLC,USGS SRTM 90m via Open Topo Data,Sentinel-2 L2A / Microsoft Planetary Computer,Open-Meteo ERA5-Land historical reanalysis
0.0,0.0,0.0,0.0,37.96,-5.517,67.125,30.69,3584.0,0.35898,0,0,background_non_event,29.16773984390643,95.58612941618951,2025-01-10,2025,NASA COOLR/GLC,USGS SRTM 90m via Open Topo Data,Sentinel-2 L2A / Microsoft Planetary Computer,Open-Meteo ERA5-Land historical reanalysis
0.0,0.0,0.0,0.0,32.185,6.467,64.625,31.38,2200.0,0.46218,4,0,background_non_event,25.737911258994796,94.6205176198027,2025-01-12,2025,NASA COOLR/GLC,USGS SRTM 90m via Open Topo Data,Sentinel-2 L2A / Microsoft Planetary Computer,Open-Meteo ERA5-Land historical reanalysis
0.0,0.0,0.0,0.0,30.269,13.879,79.25,18.67,1023.0,0.47638,5,0,background_non_event,25.732571071374686,96.12958175359263,2025-01-13,2025,NASA COOLR/GLC,USGS SRTM 90m via Open Topo Data,Sentinel-2 L2A / Microsoft Planetary Computer,Open-Meteo ERA5-Land historical reanalysis
0.0,0.0,0.0,0.0,30.988,-2.454,22.042,25.23,4150.0,0.06553,0,0,background_non_event,29.02053418796329,88.42561204088476,2025-01-14,2025,NASA COOLR/GLC,USGS SRTM 90m via Open Topo Data,Sentinel-2 L2A / Microsoft Planetary Computer,Open-Meteo ERA5-Land historical reanalysis
0.0,0.0,0.0,0.0,34.423,3.992,69.708,49.08,2593.0,0.22437,1,0,background_non_event,28.368795812550687,96.24347983143633,2025-01-15,2025,NASA COOLR/GLC,USGS SRTM 90m via Open Topo Data,Sentinel-2 L2A / Microsoft Planetary Computer,Open-Meteo ERA5-Land historical reanalysis
0.0,0.0,0.0,0.0,15.117,20.358,72.208,0.77,8.0,0.4166,0,0,background_non_event,23.186970988369318,90.2525623467642,2025-01-16,2025,NASA COOLR/GLC,USGS SRTM 90m via Open Topo Data,Sentinel-2 L2A / Microsoft Planetary Computer,Open-Meteo ERA5-Land historical reanalysis
0.0,0.0,0.0,0.0,15.225,19.387,71.708,1.12,18.0,0.24033,0,0,background_non_event,24.955034353639217,90.04234264547308,2025-01-16,2025,NASA COOLR/GLC,USGS SRTM 90m via Open Topo Data,Sentinel-2 L2A / Microsoft Planetary Computer,Open-Meteo ERA5-Land historical reanalysis
0.0,0.0,0.0,0.0,14.85,18.604,68.667,1.14,11.0,0.42412,0,0,background_non_event,24.046159563611813,89.95181533853328,2025-01-19,2025,NASA COOLR/GLC,USGS SRTM 90m via Open Topo Data,Sentinel-2 L2A / Microsoft Planetary Computer,Open-Meteo ERA5-Land historical reanalysis
0.0,0.0,0.0,0.0,15.981,19.25,69.667,10.62,147.0,0.4935,7,0,background_non_event,22.817207689296914,92.41804562079632,2025-01-20,2025,NASA COOLR/GLC,USGS SRTM 90m via Open Topo Data,Sentinel-2 L2A / Microsoft Planetary Computer,Open-Meteo ERA5-Land historical reanalysis
0.0,0.0,0.0,0.0,15.121,18.721,73.583,1.3,11.0,0.23413,0,0,background_non_event,24.37691639702335,90.8395200436739,2025-01-20,2025,NASA COOLR/GLC,USGS SRTM 90m via Open Topo Data,Sentinel-2 L2A / Microsoft Planetary Computer,Open-Meteo ERA5-Land historical reanalysis
0.0,0.0,0.0,0.0,32.413,-4.283,40.875,2.94,5017.0,0.05005,0,0,background_non_event,28.128444859161544,88.8050194761779,2025-01-21,2025,NASA COOLR/GLC,USGS SRTM 90m via Open Topo Data,Sentinel-2 L2A / Microsoft Planetary Computer,Open-Meteo ERA5-Land historical reanalysis
0.0,0.0,0.0,0.0,29.323,20.637,76.417,6.46,300.0,0.7691,0,0,background_non_event,23.73853969585922,94.72780179950759,2025-01-23,2025,NASA COOLR/GLC,USGS SRTM 90m via Open Topo Data,NASA MODIS MOD13Q1.061 / Microsoft Planetary Computer,Open-Meteo ERA5-Land historical reanalysis
0.0,0.0,0.0,0.0,28.1,16.204,83.917,14.33,169.0,0.49476,1,0,background_non_event,25.20132863040706,90.68601980972154,2025-01-23,2025,NASA COOLR/GLC,USGS SRTM 90m via Open Topo Data,Sentinel-2 L2A / Microsoft Planetary Computer,Open-Meteo ERA5-Land historical reanalysis
0.0,0.0,0.0,0.0,20.315,16.479,71.5,10.0,338.0,0.51277,0,0,background_non_event,23.919202779374817,94.30832292383458,2025-01-26,2025,NASA COOLR/GLC,USGS SRTM 90m via Open Topo Data,Sentinel-2 L2A / Microsoft Planetary Computer,Open-Meteo ERA5-Land historical reanalysis
0.0,0.0,0.0,0.0,32.633,13.542,70.375,17.11,1124.0,0.47103,3,0,background_non_event,28.157584891512748,94.0726688648943,2025-01-26,2025,NASA COOLR/GLC,USGS SRTM 90m via Open Topo Data,Sentinel-2 L2A / Microsoft Planetary Computer,Open-Meteo ERA5-Land historical reanalysis
0.0,0.0,0.0,0.0,31.521,19.442,74.625,0.74,54.0,0.15692,20,0,background_non_event,26.06687956774238,91.50187181341883,2025-01-28,2025,NASA COOLR/GLC,USGS SRTM 90m via Open Topo Data,Sentinel-2 L2A / Microsoft Planetary Computer,Open-Meteo ERA5-Land historical reanalysis
0.0,0.0,0.0,0.0,16.704,18.363,85.125,0.94,32.0,0.41208,7,0,background_non_event,24.664853610102544,92.93639259013975,2025-01-31,2025,NASA COOLR/GLC,USGS SRTM 90m via Open Topo Data,Sentinel-2 L2A / Microsoft Planetary Computer,Open-Meteo ERA5-Land historical reanalysis
0.0,0.0,0.0,0.0,15.577,20.738,82.167,0.88,13.0,0.21131,1,0,background_non_event,24.81994067477932,90.44655281945225,2025-01-31,2025,NASA COOLR/GLC,USGS SRTM 90m via Open Topo Data,Sentinel-2 L2A / Microsoft Planetary Computer,Open-Meteo ERA5-Land historical reanalysis
0.0,0.0,0.0,0.0,16.075,20.404,66.375,4.95,113.0,0.44417,2,0,background_non_event,23.167410546128394,92.30723537942052,2025-02-03,2025,NASA COOLR/GLC,USGS SRTM 90m via Open Topo Data,Sentinel-2 L2A / Microsoft Planetary Computer,Open-Meteo ERA5-Land historical reanalysis
0.0,0.0,0.0,0.0,26.958,19.317,67.125,8.06,387.0,0.50468,0,0,background_non_event,24.3027692251006,94.65666607490165,2025-02-09,2025,NASA COOLR/GLC,USGS SRTM 90m via Open Topo Data,Sentinel-2 L2A / Microsoft Planetary Computer,Open-Meteo ERA5-Land historical reanalysis
0.0,0.0,0.0,0.0,24.615,15.046,67.208,17.73,1012.0,0.7533,0,0,background_non_event,26.046373476637566,95.98013350327471,2025-02-12,2025,NASA COOLR/GLC,USGS SRTM 90m via Open Topo Data,NASA MODIS MOD13Q1.061 / Microsoft Planetary Computer,Open-Meteo ERA5-Land historical reanalysis
0.0,0.0,0.0,0.0,40.831,10.983,78.792,6.42,1392.0,0.48168,0,0,background_non_event,27.211296900984465,96.91818330294846,2025-02-15,2025,NASA COOLR/GLC,USGS SRTM 90m via Open Topo Data,Sentinel-2 L2A / Microsoft Planetary Computer,Open-Meteo ERA5-Land historical reanalysis
0.0,0.0,0.0,0.0,20.61,19.304,64.833,1.77,37.0,0.07593,0,0,background_non_event,26.161009630155174,90.81623598632613,2025-02-16,2025,NASA COOLR/GLC,USGS SRTM 90m via Open Topo Data,Sentinel-2 L2A / Microsoft Planetary Computer,Open-Meteo ERA5-Land historical reanalysis
0.0,0.0,0.0,0.0,28.329,20.825,62.333,15.39,551.0,0.47693,3,0,background_non_event,25.222964870450266,92.53934267746011,2025-02-21,2025,NASA COOLR/GLC,USGS SRTM 90m via Open Topo Data,Sentinel-2 L2A / Microsoft Planetary Computer,Open-Meteo ERA5-Land historical reanalysis
0.0,0.0,0.0,0.0,15.335,24.358,47.833,1.75,129.0,0.30538,0,0,background_non_event,24.38474776461463,96.67516807534274,2025-02-25,2025,NASA COOLR/GLC,USGS SRTM 90m via Open Topo Data,Sentinel-2 L2A / Microsoft Planetary Computer,Open-Meteo ERA5-Land historical reanalysis
0.0,0.0,0.0,0.0,39.208,4.438,82.083,29.12,2455.0,0.41197,2,0,background_non_event,27.170502946529137,91.5957968927548,2025-02-25,2025,NASA COOLR/GLC,USGS SRTM 90m via Open Topo Data,Sentinel-2 L2A / Microsoft Planetary Computer,Open-Meteo ERA5-Land historical reanalysis
0.0,0.0,0.0,0.0,28.465,22.217,53.625,0.76,142.0,0.16409,0,0,background_non_event,25.27428942018113,97.01731626143389,2025-02-26,2025,NASA COOLR/GLC,USGS SRTM 90m via Open Topo Data,Sentinel-2 L2A / Microsoft Planetary Computer,Open-Meteo ERA5-Land historical reanalysis
0.0,0.0,0.0,0.0,27.277,21.85,55.167,17.26,503.0,0.34942,1,0,background_non_event,22.710606387033135,93.97505897711069,2025-02-28,2025,NASA COOLR/GLC,USGS SRTM 90m via Open Topo Data,Sentinel-2 L2A / Microsoft Planetary Computer,Open-Meteo ERA5-Land historical reanalysis
0.0,0.0,0.0,0.0,27.179,24.154,57.417,8.16,98.0,0.5855,0,0,background_non_event,25.438180363536738,90.09021160565656,2025-02-28,2025,NASA COOLR/GLC,USGS SRTM 90m via Open Topo Data,NASA MODIS MOD13Q1.061 / Microsoft Planetary Computer,Open-Meteo ERA5-Land historical reanalysis
0.0,0.0,0.0,0.0,40.992,2.617,84.792,36.34,2873.0,0.1531,4,0,background_non_event,27.484905629709903,92.29902201823552,2025-02-28,2025,NASA COOLR/GLC,USGS SRTM 90m via Open Topo Data,NASA MODIS MOD13Q1.061 / Microsoft Planetary Computer,Open-Meteo ERA5-Land historical reanalysis
0.0,0.0,0.0,0.0,16.156,26.208,65.125,0.67,12.0,0.42221,0,0,background_non_event,24.124442644877202,89.30213765049277,2025-03-01,2025,NASA COOLR/GLC,USGS SRTM 90m via Open Topo Data,Sentinel-2 L2A / Microsoft Planetary Computer,Open-Meteo ERA5-Land historical reanalysis
0.0,0.0,0.0,0.0,14.927,24.875,62.875,1.3,11.0,0.21466,0,0,background_non_event,22.94248964696874,91.0974337865638,2025-03-08,2025,NASA COOLR/GLC,USGS SRTM 90m via Open Topo Data,Sentinel-2 L2A / Microsoft Planetary Computer,Open-Meteo ERA5-Land historical reanalysis
0.0,0.0,0.0,0.0,28.067,24.442,32.708,4.26,326.0,0.40934,0,0,background_non_event,24.199421596542667,95.32984137157928,2025-03-08,2025,NASA COOLR/GLC,USGS SRTM 90m via Open Topo Data,Sentinel-2 L2A / Microsoft Planetary Computer,Open-Meteo ERA5-Land historical reanalysis
0.0,0.0,0.0,0.0,42.221,17.846,92.292,0.88,110.0,0.5893,2,0,background_non_event,27.03619828753651,95.14172258648694,2025-03-13,2025,NASA COOLR/GLC,USGS SRTM 90m via Open Topo Data,NASA MODIS MOD13Q1.061 / Microsoft Planetary Computer,Open-Meteo ERA5-Land historical reanalysis
0.0,0.0,0.0,0.0,16.215,27.642,66.667,11.28,178.0,0.5202,2,0,background_non_event,23.796700286999375,91.94887808918271,2025-03-16,2025,NASA COOLR/GLC,USGS SRTM 90m via Open Topo Data,NASA MODIS MOD13Q1.061 / Microsoft Planetary Computer,Open-Meteo ERA5-Land historical reanalysis
0.0,0.0,0.0,0.0,28.0,29.137,41.25,4.26,319.0,0.48531,1,0,background_non_event,23.45265009533125,94.61329128628054,2025-03-18,2025,NASA COOLR/GLC,USGS SRTM 90m via Open Topo Data,Sentinel-2 L2A / Microsoft Planetary Computer,Open-Meteo ERA5-Land historical reanalysis
0.0,0.0,0.0,0.0,27.658,28.346,74.833,0.52,4.0,0.3444,0,0,background_non_event,22.749114222612924,89.47759560731795,2025-03-20,2025,NASA COOLR/GLC,USGS SRTM 90m via Open Topo Data,Sentinel-2 L2A / Microsoft Planetary Computer,Open-Meteo ERA5-Land historical reanalysis
0.0,0.0,0.0,0.0,42.14,5.642,68.875,23.33,2126.0,0.42964,0,0,background_non_event,29.50440467942557,95.5281354023724,2025-03-23,2025,NASA COOLR/GLC,USGS SRTM 90m via Open Topo Data,Sentinel-2 L2A / Microsoft Planetary Computer,Open-Meteo ERA5-Land historical reanalysis
0.0,0.0,0.0,0.0,46.36,18.467,56.583,30.34,1078.0,0.48674,5,0,background_non_event,25.962660441628877,96.40415236046235,2025-03-24,2025,NASA COOLR/GLC,USGS SRTM 90m via Open Topo Data,Sentinel-2 L2A / Microsoft Planetary Computer,Open-Meteo ERA5-Land historical reanalysis
0.0,0.0,0.0,0.0,30.856,23.696,37.583,5.95,953.0,0.40365,0,0,background_non_event,23.574557599957714,97.485978164634,2025-03-26,2025,NASA COOLR/GLC,USGS SRTM 90m via Open Topo Data,Sentinel-2 L2A / Microsoft Planetary Computer,Open-Meteo ERA5-Land historical reanalysis
0.0,0.0,0.0,0.0,40.863,24.192,68.167,0.8,84.0,-0.02394,5,0,background_non_event,26.856468692311402,94.0606652977573,2025-03-26,2025,NASA COOLR/GLC,USGS SRTM 90m via Open Topo Data,Sentinel-2 L2A / Microsoft Planetary Computer,Open-Meteo ERA5-Land historical reanalysis
0.0,0.0,0.0,0.0,38.273,1.658,74.625,16.81,4344.0,0.06895,0,0,background_non_event,29.03840135335956,92.27904529115173,2025-03-28,2025,NASA COOLR/GLC,USGS SRTM 90m via Open Topo Data,Sentinel-2 L2A / Microsoft Planetary Computer,Open-Meteo ERA5-Land historical reanalysis
0.0,0.0,0.0,0.0,29.694,9.658,46.583,0.81,3566.0,0.14061,0,0,background_non_event,29.298002947855245,91.10568808155215,2025-03-28,2025,NASA COOLR/GLC,USGS SRTM 90m via Open Topo Data,Sentinel-2 L2A / Microsoft Planetary Computer,Open-Meteo ERA5-Land historical reanalysis
0.0,0.0,0.0,0.0,39.504,24.842,66.292,0.7,117.0,0.36311,0,0,background_non_event,27.751547047960436,95.10958163277783,2025-03-31,2025,NASA COOLR/GLC,USGS SRTM 90m via Open Topo Data,Sentinel-2 L2A / Microsoft Planetary Computer,Open-Meteo ERA5-Land historical reanalysis
0.0,0.0,0.0,0.0,27.094,28.975,48.167,8.74,183.0,0.50783,0,0,background_non_event,25.53521987882739,95.33018413008786,2025-04-03,2025,NASA COOLR/GLC,USGS SRTM 90m via Open Topo Data,Sentinel-2 L2A / Microsoft Planetary Computer,Open-Meteo ERA5-Land historical reanalysis
0.0,0.0,0.0,0.0,37.36,23.463,70.292,0.88,141.0,0.33726,0,0,background_non_event,27.75453819365814,95.87316717975044,2025-04-07,2025,NASA COOLR/GLC,USGS SRTM 90m via Open Topo Data,Sentinel-2 L2A / Microsoft Planetary Computer,Open-Meteo ERA5-Land historical reanalysis
0.0,0.0,0.0,0.0,26.927,29.742,46.708,1.78,268.0,0.24814,0,0,background_non_event,23.032984825469608,94.8255224242231,2025-04-09,2025,NASA COOLR/GLC,USGS SRTM 90m via Open Topo Data,Sentinel-2 L2A / Microsoft Planetary Computer,Open-Meteo ERA5-Land historical reanalysis
0.0,0.0,0.0,0.0,16.981,24.592,65.667,26.83,654.0,0.26388,2,0,background_non_event,22.902955071312913,92.89147504543773,2025-04-11,2025,NASA COOLR/GLC,USGS SRTM 90m via Open Topo Data,Sentinel-2 L2A / Microsoft Planetary Computer,Open-Meteo ERA5-Land historical reanalysis
0.0,0.0,0.0,0.0,28.74,30.192,54.583,1.01,115.0,0.31202,0,0,background_non_event,23.447022519515382,96.08942224414693,2025-04-11,2025,NASA COOLR/GLC,USGS SRTM 90m via Open Topo Data,Sentinel-2 L2A / Microsoft Planetary Computer,Open-Meteo ERA5-Land historical reanalysis
0.0,0.0,0.0,0.0,29.502,26.637,77.083,0.68,6.0,0.4427,0,0,background_non_event,25.129918478405276,91.156940284555,2025-04-13,2025,NASA COOLR/GLC,USGS SRTM 90m via Open Topo Data,NASA MODIS MOD13Q1.061 / Microsoft Planetary Computer,Open-Meteo ERA5-Land historical reanalysis
0.0,0.0,0.0,0.0,17.879,24.783,72.25,11.89,412.0,0.22282,0,0,background_non_event,23.920699660994643,94.34278300667629,2025-04-15,2025,NASA COOLR/GLC,USGS SRTM 90m via Open Topo Data,Sentinel-2 L2A / Microsoft Planetary Computer,Open-Meteo ERA5-Land historical reanalysis
0.0,0.0,0.0,0.0,25.152,26.304,81.333,1.53,120.0,0.438,0,0,background_non_event,24.45008123107647,96.60302057714608,2025-04-16,2025,NASA COOLR/GLC,USGS SRTM 90m via Open Topo Data,Sentinel-2 L2A / Microsoft Planetary Computer,Open-Meteo ERA5-Land historical reanalysis
0.0,0.0,0.0,0.0,27.365,0.287,32.875,11.17,4878.0,0.08664,0,0,background_non_event,29.05874321576071,88.22764562342273,2025-04-16,2025,NASA COOLR/GLC,USGS SRTM 90m via Open Topo Data,Sentinel-2 L2A / Microsoft Planetary Computer,Open-Meteo ERA5-Land historical reanalysis
0.0,0.0,0.0,0.0,41.265,17.55,87.125,22.46,1029.0,0.43169,3,0,background_non_event,27.139594173706527,92.89410416312532,2025-04-18,2025,NASA COOLR/GLC,USGS SRTM 90m via Open Topo Data,Sentinel-2 L2A / Microsoft Planetary Computer,Open-Meteo ERA5-Land historical reanalysis
0.0,0.0,0.0,0.0,38.919,28.004,65.292,9.14,562.0,0.42103,0,0,background_non_event,24.70698910900762,96.21472831336672,2025-04-23,2025,NASA COOLR/GLC,USGS SRTM 90m via Open Topo Data,Sentinel-2 L2A / Microsoft Planetary Computer,Open-Meteo ERA5-Land historical reanalysis
0.0,0.0,0.0,0.0,26.246,22.367,86.333,27.6,806.0,0.47945,6,0,background_non_event,24.890222660205286,93.32225645532031,2025-04-23,2025,NASA COOLR/GLC,USGS SRTM 90m via Open Topo Data,Sentinel-2 L2A / Microsoft Planetary Computer,Open-Meteo ERA5-Land historical reanalysis
0.0,0.0,0.0,0.0,25.946,23.925,82.125,10.16,229.0,0.35706,3,0,background_non_event,26.959088071497852,92.53417939612092,2025-04-25,2025,NASA COOLR/GLC,USGS SRTM 90m via Open Topo Data,Sentinel-2 L2A / Microsoft Planetary Computer,Open-Meteo ERA5-Land historical reanalysis
0.0,0.0,0.0,0.0,43.727,22.996,87.333,9.66,202.0,0.32761,4,0,background_non_event,26.96763513143293,92.99474686648774,2025-04-27,2025,NASA COOLR/GLC,USGS SRTM 90m via Open Topo Data,Sentinel-2 L2A / Microsoft Planetary Computer,Open-Meteo ERA5-Land historical reanalysis
0.0,0.0,0.0,0.0,42.706,13.129,92.958,26.7,1868.0,0.1667,3,0,background_non_event,27.780890258154336,93.16650812462008,2025-04-27,2025,NASA COOLR/GLC,USGS SRTM 90m via Open Topo Data,NASA MODIS MOD13Q1.061 / Microsoft Planetary Computer,Open-Meteo ERA5-Land historical reanalysis
0.0,0.0,0.0,0.0,42.69,1.908,90.917,24.55,3525.0,0.2545,0,0,background_non_event,28.521522096380632,96.1500721080859,2025-04-27,2025,NASA COOLR/GLC,USGS SRTM 90m via Open Topo Data,Sentinel-2 L2A / Microsoft Planetary Computer,Open-Meteo ERA5-Land historical reanalysis
0.0,0.0,0.0,0.0,46.848,24.458,82.542,1.29,119.0,0.4199,0,0,background_non_event,27.396365579234995,95.28793155766651,2025-05-01,2025,NASA COOLR/GLC,USGS SRTM 90m via Open Topo Data,Sentinel-2 L2A / Microsoft Planetary Computer,Open-Meteo ERA5-Land historical reanalysis
0.0,0.0,0.0,0.0,40.169,13.917,78.083,21.53,1944.0,0.16808,7,0,background_non_event,27.651706910939016,94.03093123559842,2025-05-01,2025,NASA COOLR/GLC,USGS SRTM 90m via Open Topo Data,Sentinel-2 L2A / Microsoft Planetary Computer,Open-Meteo ERA5-Land historical reanalysis
0.0,0.0,0.0,0.0,32.048,25.312,72.083,12.29,460.0,0.03807,9,0,background_non_event,24.037497514412216,92.82570046459877,2025-05-05,2025,NASA COOLR/GLC,USGS SRTM 90m via Open Topo Data,Sentinel-2 L2A / Microsoft Planetary Computer,Open-Meteo ERA5-Land historical reanalysis
0.0,0.0,0.0,0.0,29.781,28.271,80.333,1.35,9.0,0.29074,0,0,background_non_event,23.05660952540908,90.85848443485939,2025-05-06,2025,NASA COOLR/GLC,USGS SRTM 90m via Open Topo Data,Sentinel-2 L2A / Microsoft Planetary Computer,Open-Meteo ERA5-Land historical reanalysis
0.0,0.0,0.0,0.0,41.242,-3.633,89.167,9.57,5106.0,0.11187,0,0,background_non_event,28.00170372055117,90.79444678086601,2025-05-06,2025,NASA COOLR/GLC,USGS SRTM 90m via Open Topo Data,Sentinel-2 L2A / Microsoft Planetary Computer,Open-Meteo ERA5-Land historical reanalysis
0.0,0.0,0.0,0.0,47.619,26.875,82.083,10.56,474.0,0.43422,0,0,background_non_event,25.939099027363994,97.30614377101617,2025-05-11,2025,NASA COOLR/GLC,USGS SRTM 90m via Open Topo Data,Sentinel-2 L2A / Microsoft Planetary Computer,Open-Meteo ERA5-Land historical reanalysis
0.0,0.0,0.0,0.0,35.256,24.1,88.708,10.36,87.0,0.49107,6,0,background_non_event,24.928161859653475,92.99980504943876,2025-05-12,2025,NASA COOLR/GLC,USGS SRTM 90m via Open Topo Data,Sentinel-2 L2A / Microsoft Planetary Computer,Open-Meteo ERA5-Land historical reanalysis
0.0,0.0,0.0,0.0,47.483,17.496,93.583,24.3,1426.0,0.4832,20,0,background_non_event,27.32264546795219,93.75078578743589,2025-05-20,2025,NASA COOLR/GLC,USGS SRTM 90m via Open Topo Data,NASA MODIS MOD13Q1.061 / Microsoft Planetary Computer,Open-Meteo ERA5-Land historical reanalysis
0.0,0.0,0.0,0.0,31.652,26.35,89.458,9.0,142.0,0.32583,1,0,background_non_event,22.08301037183367,92.35197078364685,2025-05-22,2025,NASA COOLR/GLC,USGS SRTM 90m via Open Topo Data,Sentinel-2 L2A / Microsoft Planetary Computer,Open-Meteo ERA5-Land historical reanalysis
0.0,0.0,0.0,0.0,40.383,28.204,83.25,0.59,16.0,0.6402,0,0,background_non_event,24.535707029724414,89.48280185514486,2025-05-22,2025,NASA COOLR/GLC,USGS SRTM 90m via Open Topo Data,NASA MODIS MOD13Q1.061 / Microsoft Planetary Computer,Open-Meteo ERA5-Land historical reanalysis
0.0,0.0,0.0,0.0,48.39,16.792,86.542,24.49,1942.0,-0.01914,0,0,background_non_event,26.843795243626744,96.00779383764312,2025-05-23,2025,NASA COOLR/GLC,USGS SRTM 90m via Open Topo Data,Sentinel-2 L2A / Microsoft Planetary Computer,Open-Meteo ERA5-Land historical reanalysis
0.0,0.0,0.0,0.0,28.317,-2.083,87.417,20.39,5463.0,0.00329,0,0,background_non_event,28.42412492190561,90.36964996797767,2025-05-23,2025,NASA COOLR/GLC,USGS SRTM 90m via Open Topo Data,Sentinel-2 L2A / Microsoft Planetary Computer,Open-Meteo ERA5-Land historical reanalysis
0.0,0.0,0.0,0.0,47.471,19.825,93.0,20.12,1219.0,0.02141,0,0,background_non_event,26.739137167105778,96.12388573973767,2025-05-24,2025,NASA COOLR/GLC,USGS SRTM 90m via Open Topo Data,Sentinel-2 L2A / Microsoft Planetary Computer,Open-Meteo ERA5-Land historical reanalysis
0.0,0.0,0.0,0.0,38.052,28.392,84.208,1.15,6.0,0.323,0,0,background_non_event,22.53331680348919,90.26914834314717,2025-05-26,2025,NASA COOLR/GLC,USGS SRTM 90m via Open Topo Data,Sentinel-2 L2A / Microsoft Planetary Computer,Open-Meteo ERA5-Land historical reanalysis
0.0,0.0,0.0,0.0,48.746,24.204,99.75,7.04,263.0,0.5042,0,0,background_non_event,23.906136135448026,94.69008359691338,2025-05-29,2025,NASA COOLR/GLC,USGS SRTM 90m via Open Topo Data,Sentinel-2 L2A / Microsoft Planetary Computer,Open-Meteo ERA5-Land historical reanalysis
0.0,0.0,0.0,0.0,42.821,9.725,95.083,18.4,3492.0,0.4959,0,0,background_non_event,27.631415312383687,90.7961803095767,2025-05-29,2025,NASA COOLR/GLC,USGS SRTM 90m via Open Topo Data,Sentinel-2 L2A / Microsoft Planetary Computer,Open-Meteo ERA5-Land historical reanalysis
0.0,0.0,0.0,0.0,42.788,18.0,94.958,27.49,1545.0,0.50195,3,0,background_non_event,28.38182310383157,94.08001392238235,2025-05-30,2025,NASA COOLR/GLC,USGS SRTM 90m via Open Topo Data,Sentinel-2 L2A / Microsoft Planetary Computer,Open-Meteo ERA5-Land historical reanalysis
0.0,0.0,0.0,0.0,46.26,27.188,86.75,0.99,61.0,-0.03753,0,0,background_non_event,26.537924573555063,92.47429277268351,2025-05-31,2025,NASA COOLR/GLC,USGS SRTM 90m via Open Topo Data,Sentinel-2 L2A / Microsoft Planetary Computer,Open-Meteo ERA5-Land historical reanalysis
0.0,0.0,0.0,0.0,40.517,27.629,82.208,1.2,45.0,0.11946,0,0,background_non_event,25.835679244432818,88.77004446619519,2025-06-03,2025,NASA COOLR/GLC,USGS SRTM 90m via Open Topo Data,Sentinel-2 L2A / Microsoft Planetary Computer,Open-Meteo ERA5-Land historical reanalysis
0.0,0.0,0.0,0.0,41.875,25.075,92.208,34.86,341.0,0.7434,0,0,background_non_event,22.794804919164353,93.08325746313439,2025-06-04,2025,NASA COOLR/GLC,USGS SRTM 90m via Open Topo Data,NASA MODIS MOD13Q1.061 / Microsoft Planetary Computer,Open-Meteo ERA5-Land historical reanalysis
0.0,0.0,0.0,0.0,42.333,25.6,94.625,2.13,84.0,0.8866,2,0,background_non_event,23.20908806471694,92.45211304980653,2025-06-04,2025,NASA COOLR/GLC,USGS SRTM 90m via Open Topo Data,NASA MODIS MOD13Q1.061 / Microsoft Planetary Computer,Open-Meteo ERA5-Land historical reanalysis
0.0,0.0,0.0,0.0,42.183,17.887,83.958,26.73,1417.0,0.04201,3,0,background_non_event,27.884925545012972,94.35980437028692,2025-06-05,2025,NASA COOLR/GLC,USGS SRTM 90m via Open Topo Data,Sentinel-2 L2A / Microsoft Planetary Computer,Open-Meteo ERA5-Land historical reanalysis
0.0,0.0,0.0,0.0,41.352,12.025,88.625,16.93,3109.0,0.8536,0,0,background_non_event,28.095974793439865,97.47101686173916,2025-06-05,2025,NASA COOLR/GLC,USGS SRTM 90m via Open Topo Data,NASA MODIS MOD13Q1.061 / Microsoft Planetary Computer,Open-Meteo ERA5-Land historical reanalysis
0.0,0.0,0.0,0.0,37.373,27.562,81.125,13.7,371.0,0.48327,17,0,background_non_event,27.044877238231603,93.52930992404671,2025-06-08,2025,NASA COOLR/GLC,USGS SRTM 90m via Open Topo Data,Sentinel-2 L2A / Microsoft Planetary Computer,Open-Meteo ERA5-Land historical reanalysis
0.0,0.0,0.0,0.0,47.944,26.171,92.875,0.82,118.0,0.34887,0,0,background_non_event,22.796829775776292,95.55196607958008,2025-06-10,2025,NASA COOLR/GLC,USGS SRTM 90m via Open Topo Data,Sentinel-2 L2A / Microsoft Planetary Computer,Open-Meteo ERA5-Land historical reanalysis
0.0,0.0,0.0,0.0,41.898,30.871,78.0,1.51,56.0,0.2715,16,0,background_non_event,26.416725412979773,92.10199259563379,2025-06-12,2025,NASA COOLR/GLC,USGS SRTM 90m via Open Topo Data,NASA MODIS MOD13Q1.061 / Microsoft Planetary Computer,Open-Meteo ERA5-Land historical reanalysis
0.0,0.0,0.0,0.0,45.896,30.617,78.5,7.32,295.0,0.53255,0,0,background_non_event,26.160195616743174,96.28772195850443,2025-06-13,2025,NASA COOLR/GLC,USGS SRTM 90m via Open Topo Data,Sentinel-2 L2A / Microsoft Planetary Computer,Open-Meteo ERA5-Land historical reanalysis
0.0,0.0,0.0,0.0,42.823,27.704,90.292,1.12,6.0,0.05878,0,0,background_non_event,22.815278570823075,89.35674808045611,2025-06-15,2025,NASA COOLR/GLC,USGS SRTM 90m via Open Topo Data,Sentinel-2 L2A / Microsoft Planetary Computer,Open-Meteo ERA5-Land historical reanalysis
0.0,0.0,0.0,0.0,48.465,19.158,90.0,9.34,1808.0,-0.03926,0,0,background_non_event,23.024952227297494,97.13106972820427,2025-06-15,2025,NASA COOLR/GLC,USGS SRTM 90m via Open Topo Data,Sentinel-2 L2A / Microsoft Planetary Computer,Open-Meteo ERA5-Land historical reanalysis
0.0,0.0,0.0,0.0,27.475,8.638,84.0,2.45,4446.0,0.3821,0,0,background_non_event,28.791033584196622,90.64095427740565,2025-06-15,2025,NASA COOLR/GLC,USGS SRTM 90m via Open Topo Data,NASA MODIS MOD13Q1.061 / Microsoft Planetary Computer,Open-Meteo ERA5-Land historical reanalysis
0.0,0.0,0.0,0.0,45.979,27.6,89.458,0.82,45.0,0.33637,10,0,background_non_event,26.21219329202319,91.33055269181934,2025-06-20,2025,NASA COOLR/GLC,USGS SRTM 90m via Open Topo Data,Sentinel-2 L2A / Microsoft Planetary Computer,Open-Meteo ERA5-Land historical reanalysis
0.0,0.0,0.0,0.0,42.51,27.233,89.375,0.61,46.0,0.28896,0,0,background_non_event,26.431039850849295,89.71748315767678,2025-06-20,2025,NASA COOLR/GLC,USGS SRTM 90m via Open Topo Data,Sentinel-2 L2A / Microsoft Planetary Computer,Open-Meteo ERA5-Land historical reanalysis
0.0,0.0,0.0,0.0,42.312,27.75,90.125,0.95,18.0,0.05547,0,0,background_non_event,24.09199192239681,89.23300045824047,2025-06-22,2025,NASA COOLR/GLC,USGS SRTM 90m via Open Topo Data,Sentinel-2 L2A / Microsoft Planetary Computer,Open-Meteo ERA5-Land historical reanalysis
0.0,0.0,0.0,0.0,46.167,28.521,86.833,0.88,4.0,0.28618,0,0,background_non_event,22.198793813360428,88.55244126054974,2025-06-23,2025,NASA COOLR/GLC,USGS SRTM 90m via Open Topo Data,Sentinel-2 L2A / Microsoft Planetary Computer,Open-Meteo ERA5-Land historical reanalysis
0.0,0.0,0.0,0.0,48.492,25.55,96.083,0.93,160.0,0.10476,5,0,background_non_event,25.60550873422111,96.72305992781726,2025-06-24,2025,NASA COOLR/GLC,USGS SRTM 90m via Open Topo Data,Sentinel-2 L2A / Microsoft Planetary Computer,Open-Meteo ERA5-Land historical reanalysis
0.0,0.0,0.0,0.0,48.002,24.721,88.0,12.93,542.0,0.55796,0,0,background_non_event,26.913488493451915,97.51487904147356,2025-06-26,2025,NASA COOLR/GLC,USGS SRTM 90m via Open Topo Data,Sentinel-2 L2A / Microsoft Planetary Computer,Open-Meteo ERA5-Land historical reanalysis
0.0,0.0,0.0,0.0,40.667,28.654,83.75,17.2,305.0,0.29814,3,0,background_non_event,27.981933577494054,94.28233756423876,2025-06-26,2025,NASA COOLR/GLC,USGS SRTM 90m via Open Topo Data,Sentinel-2 L2A / Microsoft Planetary Computer,Open-Meteo ERA5-Land historical reanalysis
0.0,0.0,0.0,0.0,26.723,6.583,80.542,2.88,4842.0,0.02577,0,0,background_non_event,28.305577796791024,89.08744823152593,2025-06-27,2025,NASA COOLR/GLC,USGS SRTM 90m via Open Topo Data,Sentinel-2 L2A / Microsoft Planetary Computer,Open-Meteo ERA5-Land historical reanalysis
0.0,0.0,0.0,0.0,47.712,29.042,78.292,0.86,67.0,0.44893,0,0,background_non_event,26.572360020135207,90.23237085531181,2025-06-28,2025,NASA COOLR/GLC,USGS SRTM 90m via Open Topo Data,Sentinel-2 L2A / Microsoft Planetary Computer,Open-Meteo ERA5-Land historical reanalysis
0.0,0.0,0.0,0.0,46.31,27.942,86.708,1.25,100.0,0.01048,0,0,background_non_event,27.487942112238017,94.80425356320917,2025-06-28,2025,NASA COOLR/GLC,USGS SRTM 90m via Open Topo Data,Sentinel-2 L2A / Microsoft Planetary Computer,Open-Meteo ERA5-Land historical reanalysis
0.0,0.0,0.0,0.0,44.113,22.917,89.167,17.04,1040.0,0.8856,7,0,background_non_event,24.89175999801218,94.24584811670088,2025-06-29,2025,NASA COOLR/GLC,USGS SRTM 90m via Open Topo Data,NASA MODIS MOD13Q1.061 / Microsoft Planetary Computer,Open-Meteo ERA5-Land historical reanalysis
0.0,0.0,0.0,0.0,39.975,29.363,83.292,0.97,42.0,0.41098,0,0,background_non_event,26.311009971394196,90.48316004498722,2025-07-01,2025,NASA COOLR/GLC,USGS SRTM 90m via Open Topo Data,Sentinel-2 L2A / Microsoft Planetary Computer,Open-Meteo ERA5-Land historical reanalysis
0.0,0.0,0.0,0.0,33.9,26.996,91.042,0.46,0.0,0.0025,0,0,background_non_event,21.975865254393813,90.69746542817636,2025-07-08,2025,NASA COOLR/GLC,USGS SRTM 90m via Open Topo Data,NASA MODIS MOD13Q1.061 / Microsoft Planetary Computer,Open-Meteo ERA5-Land historical reanalysis
0.0,0.0,0.0,0.0,42.485,26.117,94.542,0.82,19.0,0.5393,0,0,background_non_event,23.973455677602445,89.15513775400042,2025-07-09,2025,NASA COOLR/GLC,USGS SRTM 90m via Open Topo Data,NASA MODIS MOD13Q1.061 / Microsoft Planetary Computer,Open-Meteo ERA5-Land historical reanalysis
0.0,0.0,0.0,0.0,33.867,12.692,57.708,21.3,4197.0,0.16986,0,0,background_non_event,29.081730506997797,91.24214805743983,2025-07-10,2025,NASA COOLR/GLC,USGS SRTM 90m via Open Topo Data,Sentinel-2 L2A / Microsoft Planetary Computer,Open-Meteo ERA5-Land historical reanalysis
0.0,0.0,0.0,0.0,29.583,7.142,67.458,0.0,5013.0,-0.01533,0,0,background_non_event,28.606331859855437,90.46904484241686,2025-07-11,2025,NASA COOLR/GLC,USGS SRTM 90m via Open Topo Data,Sentinel-2 L2A / Microsoft Planetary Computer,Open-Meteo ERA5-Land historical reanalysis
0.0,0.0,0.0,0.0,28.485,6.2,68.417,17.67,5102.0,0.38784,0,0,background_non_event,28.699461395737618,89.49343539655754,2025-07-12,2025,NASA COOLR/GLC,USGS SRTM 90m via Open Topo Data,Sentinel-2 L2A / Microsoft Planetary Computer,Open-Meteo ERA5-Land historical reanalysis
0.0,0.0,0.0,0.0,45.017,27.838,79.083,22.18,624.0,0.41137,1,0,background_non_event,25.68417792586239,92.55569935795744,2025-07-13,2025,NASA COOLR/GLC,USGS SRTM 90m via Open Topo Data,Sentinel-2 L2A / Microsoft Planetary Computer,Open-Meteo ERA5-Land historical reanalysis
0.0,0.0,0.0,0.0,45.708,30.979,77.5,1.14,124.0,0.6369,8,0,background_non_event,26.556947700107827,94.26893762182316,2025-07-13,2025,NASA COOLR/GLC,USGS SRTM 90m via Open Topo Data,NASA MODIS MOD13Q1.061 / Microsoft Planetary Computer,Open-Meteo ERA5-Land historical reanalysis
0.0,0.0,0.0,0.0,37.298,11.196,81.917,25.07,4032.0,0.04114,0,0,background_non_event,29.372244094160457,94.94661364498617,2025-07-14,2025,NASA COOLR/GLC,USGS SRTM 90m via Open Topo Data,Sentinel-2 L2A / Microsoft Planetary Computer,Open-Meteo ERA5-Land historical reanalysis
0.0,0.0,0.0,0.0,49.577,27.787,90.333,16.49,238.0,0.88,0,0,background_non_event,26.29623868625902,95.56758995306183,2025-07-20,2025,NASA COOLR/GLC,USGS SRTM 90m via Open Topo Data,NASA MODIS MOD13Q1.061 / Microsoft Planetary Computer,Open-Meteo ERA5-Land historical reanalysis
0.0,0.0,0.0,0.0,37.923,28.925,83.792,0.97,12.0,0.1802,0,0,background_non_event,23.0386954818352,88.99654880218723,2025-07-21,2025,NASA COOLR/GLC,USGS SRTM 90m via Open Topo Data,NASA MODIS MOD13Q1.061 / Microsoft Planetary Computer,Open-Meteo ERA5-Land historical reanalysis
0.0,0.0,0.0,0.0,39.558,15.083,75.292,37.95,2997.0,-0.01485,0,0,background_non_event,28.988909501052625,94.7032910503367,2025-07-24,2025,NASA COOLR/GLC,USGS SRTM 90m via Open Topo Data,Sentinel-2 L2A / Microsoft Planetary Computer,Open-Meteo ERA5-Land historical reanalysis
0.0,0.0,0.0,0.0,42.842,25.938,96.833,21.68,201.0,0.8803,8,0,background_non_event,24.561530742241935,93.20238414428339,2025-07-27,2025,NASA COOLR/GLC,USGS SRTM 90m via Open Topo Data,NASA MODIS MOD13Q1.061 / Microsoft Planetary Computer,Open-Meteo ERA5-Land historical reanalysis
0.0,0.0,0.0,0.0,47.327,29.117,79.042,1.67,238.0,0.8415,1,0,background_non_event,27.926621283985202,96.18666055682814,2025-07-28,2025,NASA COOLR/GLC,USGS SRTM 90m via Open Topo Data,NASA MODIS MOD13Q1.061 / Microsoft Planetary Computer,Open-Meteo ERA5-Land historical reanalysis
0.0,0.0,0.0,0.0,41.506,26.917,87.042,3.42,50.0,0.5178,4,0,background_non_event,24.280669455980217,91.77166692106647,2025-07-31,2025,NASA COOLR/GLC,USGS SRTM 90m via Open Topo Data,NASA MODIS MOD13Q1.061 / Microsoft Planetary Computer,Open-Meteo ERA5-Land historical reanalysis
0.0,0.0,0.0,0.0,41.263,27.217,87.417,0.3,8.0,0.5886,3,0,background_non_event,24.380489408253275,91.65823646682205,2025-08-06,2025,NASA COOLR/GLC,USGS SRTM 90m via Open Topo Data,NASA MODIS MOD13Q1.061 / Microsoft Planetary Computer,Open-Meteo ERA5-Land historical reanalysis
0.0,0.0,0.0,0.0,42.087,14.917,97.458,21.1,2675.0,0.04381,11,0,background_non_event,27.10728024586269,88.7381999389288,2025-08-06,2025,NASA COOLR/GLC,USGS SRTM 90m via Open Topo Data,Sentinel-2 L2A / Microsoft Planetary Computer,Open-Meteo ERA5-Land historical reanalysis
0.0,0.0,0.0,0.0,42.267,16.471,92.458,14.37,2425.0,0.51387,0,0,background_non_event,29.423276713995726,95.61688855215131,2025-08-08,2025,NASA COOLR/GLC,USGS SRTM 90m via Open Topo Data,Sentinel-2 L2A / Microsoft Planetary Computer,Open-Meteo ERA5-Land historical reanalysis
0.0,0.0,0.0,0.0,42.254,25.592,92.167,0.77,177.0,0.22157,12,0,background_non_event,26.719656816208,88.17943668039675,2025-08-09,2025,NASA COOLR/GLC,USGS SRTM 90m via Open Topo Data,Sentinel-2 L2A / Microsoft Planetary Computer,Open-Meteo ERA5-Land historical reanalysis
0.0,0.0,0.0,0.0,47.415,24.592,96.792,10.87,423.0,0.165,0,0,background_non_event,26.171731356596947,97.01501122143698,2025-08-10,2025,NASA COOLR/GLC,USGS SRTM 90m via Open Topo Data,Sentinel-2 L2A / Microsoft Planetary Computer,Open-Meteo ERA5-Land historical reanalysis
0.0,0.0,0.0,0.0,24.829,30.183,77.208,1.83,141.0,0.35751,3,0,background_non_event,26.851522530584333,92.41051920877774,2025-08-16,2025,NASA COOLR/GLC,USGS SRTM 90m via Open Topo Data,Sentinel-2 L2A / Microsoft Planetary Computer,Open-Meteo ERA5-Land historical reanalysis
0.0,0.0,0.0,0.0,41.848,21.183,88.708,24.61,1038.0,0.01806,0,0,background_non_event,22.696479920473603,93.00301176067683,2025-08-27,2025,NASA COOLR/GLC,USGS SRTM 90m via Open Topo Data,Sentinel-2 L2A / Microsoft Planetary Computer,Open-Meteo ERA5-Land historical reanalysis
0.0,0.0,0.0,0.0,41.585,22.021,89.792,16.75,1407.0,0.5497,2,0,background_non_event,26.06897304658196,95.06010849099852,2025-09-10,2025,NASA COOLR/GLC,USGS SRTM 90m via Open Topo Data,Sentinel-2 L2A / Microsoft Planetary Computer,Open-Meteo ERA5-Land historical reanalysis
0.0,0.0,0.0,0.0,48.246,27.613,88.417,11.32,138.0,0.57776,19,0,background_non_event,26.135042597315252,91.93407812170932,2025-09-10,2025,NASA COOLR/GLC,USGS SRTM 90m via Open Topo Data,Sentinel-2 L2A / Microsoft Planetary Computer,Open-Meteo ERA5-Land historical reanalysis
0.0,0.0,0.0,0.0,40.294,6.696,87.542,1.6,4597.0,0.1205,0,0,background_non_event,28.26816005542469,89.63703869422015,2025-09-11,2025,NASA COOLR/GLC,USGS SRTM 90m via Open Topo Data,Sentinel-2 L2A / Microsoft Planetary Computer,Open-Meteo ERA5-Land historical reanalysis
0.0,0.0,0.0,0.0,38.423,19.229,77.417,31.62,1925.0,0.58462,1,0,background_non_event,28.256744280746517,95.32637556918466,2025-09-25,2025,NASA COOLR/GLC,USGS SRTM 90m via Open Topo Data,Sentinel-2 L2A / Microsoft Planetary Computer,Open-Meteo ERA5-Land historical reanalysis
0.0,0.0,0.0,0.0,48.204,28.571,87.542,0.99,159.0,0.58656,0,0,background_non_event,25.9808699076956,93.33763627149011,2025-09-30,2025,NASA COOLR/GLC,USGS SRTM 90m via Open Topo Data,Sentinel-2 L2A / Microsoft Planetary Computer,Open-Meteo ERA5-Land historical reanalysis
0.0,0.0,0.0,0.0,37.387,23.042,75.542,35.84,1168.0,0.55693,1,0,background_non_event,28.495399889362155,94.70742600174276,2025-09-30,2025,NASA COOLR/GLC,USGS SRTM 90m via Open Topo Data,Sentinel-2 L2A / Microsoft Planetary Computer,Open-Meteo ERA5-Land historical reanalysis
0.0,0.0,0.0,0.0,35.283,2.542,82.583,20.94,4957.0,0.25215,0,0,background_non_event,28.907319282460875,92.927648145889,2025-09-30,2025,NASA COOLR/GLC,USGS SRTM 90m via Open Topo Data,Sentinel-2 L2A / Microsoft Planetary Computer,Open-Meteo ERA5-Land historical reanalysis
0.0,0.0,0.0,0.0,32.91,-3.783,92.25,35.12,6066.0,-0.04073,2,0,background_non_event,27.805659527515225,88.19127813869258,2025-10-03,2025,NASA COOLR/GLC,USGS SRTM 90m via Open Topo Data,Sentinel-2 L2A / Microsoft Planetary Computer,Open-Meteo ERA5-Land historical reanalysis
0.0,0.0,0.0,0.0,40.383,7.587,75.708,18.56,4413.0,0.06528,0,0,background_non_event,28.93203035230112,91.80036529908914,2025-10-03,2025,NASA COOLR/GLC,USGS SRTM 90m via Open Topo Data,Sentinel-2 L2A / Microsoft Planetary Computer,Open-Meteo ERA5-Land historical reanalysis
0.0,0.0,0.0,0.0,48.038,26.983,86.833,0.52,83.0,0.50607,4,0,background_non_event,26.84517243263103,94.06602420695448,2025-10-05,2025,NASA COOLR/GLC,USGS SRTM 90m via Open Topo Data,Sentinel-2 L2A / Microsoft Planetary Computer,Open-Meteo ERA5-Land historical reanalysis
0.0,0.0,0.0,0.0,37.621,1.104,98.542,16.82,4043.0,0.07718,0,0,background_non_event,29.28146808312302,89.05866889879913,2025-10-05,2025,NASA COOLR/GLC,USGS SRTM 90m via Open Topo Data,Sentinel-2 L2A / Microsoft Planetary Computer,Open-Meteo ERA5-Land historical reanalysis
0.0,0.0,0.0,0.0,48.558,26.058,89.167,1.38,196.0,0.52652,0,0,background_non_event,23.123564344765576,95.8249065639616,2025-10-09,2025,NASA COOLR/GLC,USGS SRTM 90m via Open Topo Data,Sentinel-2 L2A / Microsoft Planetary Computer,Open-Meteo ERA5-Land historical reanalysis
0.0,0.0,0.0,0.0,47.938,25.75,89.667,1.45,159.0,0.56379,0,0,background_non_event,27.405369586655613,95.77087783015395,2025-10-09,2025,NASA COOLR/GLC,USGS SRTM 90m via Open Topo Data,Sentinel-2 L2A / Microsoft Planetary Computer,Open-Meteo ERA5-Land historical reanalysis
0.0,0.0,0.0,0.0,41.112,-0.533,85.667,20.46,4915.0,0.16225,0,0,background_non_event,28.47175968069309,90.8864281256294,2025-10-09,2025,NASA COOLR/GLC,USGS SRTM 90m via Open Topo Data,Sentinel-2 L2A / Microsoft Planetary Computer,Open-Meteo ERA5-Land historical reanalysis
0.0,0.0,0.0,0.0,48.623,23.979,89.917,9.24,411.0,0.5001,0,0,background_non_event,21.740475340783913,94.04460270752818,2025-10-12,2025,NASA COOLR/GLC,USGS SRTM 90m via Open Topo Data,Sentinel-2 L2A / Microsoft Planetary Computer,Open-Meteo ERA5-Land historical reanalysis
0.0,0.0,0.0,0.0,48.337,22.671,91.792,7.12,758.0,0.28334,0,0,background_non_event,22.10164670906666,94.3566223731161,2025-10-16,2025,NASA COOLR/GLC,USGS SRTM 90m via Open Topo Data,Sentinel-2 L2A / Microsoft Planetary Computer,Open-Meteo ERA5-Land historical reanalysis
0.0,0.0,0.0,0.0,41.567,23.613,91.5,12.42,530.0,0.39236,0,0,background_non_event,21.679030109026858,93.1413365544791,2025-10-21,2025,NASA COOLR/GLC,USGS SRTM 90m via Open Topo Data,Sentinel-2 L2A / Microsoft Planetary Computer,Open-Meteo ERA5-Land historical reanalysis
0.0,0.0,0.0,0.0,46.129,25.625,89.167,15.62,198.0,0.59124,0,0,background_non_event,23.8678396690176,96.13042496074243,2025-10-23,2025,NASA COOLR/GLC,USGS SRTM 90m via Open Topo Data,Sentinel-2 L2A / Microsoft Planetary Computer,Open-Meteo ERA5-Land historical reanalysis
0.0,0.0,0.0,0.0,22.0,23.654,74.708,1.26,187.0,0.26671,0,0,background_non_event,26.80148643241728,90.35528020897488,2025-10-23,2025,NASA COOLR/GLC,USGS SRTM 90m via Open Topo Data,Sentinel-2 L2A / Microsoft Planetary Computer,Open-Meteo ERA5-Land historical reanalysis
0.0,0.0,0.0,0.0,37.777,25.025,73.5,1.43,88.0,0.55781,14,0,background_non_event,26.6897768614436,93.57421407358889,2025-10-25,2025,NASA COOLR/GLC,USGS SRTM 90m via Open Topo Data,Sentinel-2 L2A / Microsoft Planetary Computer,Open-Meteo ERA5-Land historical reanalysis
0.0,0.0,0.0,0.0,39.392,23.504,80.042,0.82,232.0,0.5475,0,0,background_non_event,27.710234342707054,96.0650226322566,2025-10-26,2025,NASA COOLR/GLC,USGS SRTM 90m via Open Topo Data,Sentinel-2 L2A / Microsoft Planetary Computer,Open-Meteo ERA5-Land historical reanalysis
0.0,0.0,0.0,0.0,32.873,5.096,38.917,6.1,4157.0,0.05276,0,0,background_non_event,29.245650720986923,88.21351645215621,2025-10-27,2025,NASA COOLR/GLC,USGS SRTM 90m via Open Topo Data,Sentinel-2 L2A / Microsoft Planetary Computer,Open-Meteo ERA5-Land historical reanalysis
0.0,0.0,0.0,0.0,25.944,27.721,80.917,0.8,10.0,0.45997,6,0,background_non_event,24.722614177999,91.86362941128762,2025-10-28,2025,NASA COOLR/GLC,USGS SRTM 90m via Open Topo Data,Sentinel-2 L2A / Microsoft Planetary Computer,Open-Meteo ERA5-Land historical reanalysis
0.0,0.0,0.0,0.0,36.244,25.929,73.375,0.76,126.0,0.49371,8,0,background_non_event,26.543734614363494,94.23793682301307,2025-10-28,2025,NASA COOLR/GLC,USGS SRTM 90m via Open Topo Data,Sentinel-2 L2A / Microsoft Planetary Computer,Open-Meteo ERA5-Land historical reanalysis
0.0,0.0,0.0,0.0,39.254,8.642,93.208,22.94,2848.0,0.36926,0,0,background_non_event,28.71391596012791,95.39458002614353,2025-10-29,2025,NASA COOLR/GLC,USGS SRTM 90m via Open Topo Data,Sentinel-2 L2A / Microsoft Planetary Computer,Open-Meteo ERA5-Land historical reanalysis
0.0,0.0,0.0,0.0,27.708,27.746,85.625,0.88,7.0,0.43866,2,0,background_non_event,22.86363840626832,91.38409027342908,2025-10-30,2025,NASA COOLR/GLC,USGS SRTM 90m via Open Topo Data,Sentinel-2 L2A / Microsoft Planetary Computer,Open-Meteo ERA5-Land historical reanalysis
0.0,0.0,0.0,0.0,40.567,20.858,89.417,5.46,1186.0,0.39397,0,0,background_non_event,22.105432472297668,96.86983435016082,2025-11-01,2025,NASA COOLR/GLC,USGS SRTM 90m via Open Topo Data,Sentinel-2 L2A / Microsoft Planetary Computer,Open-Meteo ERA5-Land historical reanalysis
0.0,0.0,0.0,0.0,49.475,15.379,88.875,12.97,1975.0,0.741,14,0,background_non_event,25.49494681976483,94.10142947074222,2025-11-05,2025,NASA COOLR/GLC,USGS SRTM 90m via Open Topo Data,NASA MODIS MOD13Q1.061 / Microsoft Planetary Computer,Open-Meteo ERA5-Land historical reanalysis
0.0,0.0,0.0,0.0,43.779,20.896,78.625,16.27,396.0,0.59133,2,0,background_non_event,26.82340946118417,95.1388352661031,2025-11-10,2025,NASA COOLR/GLC,USGS SRTM 90m via Open Topo Data,Sentinel-2 L2A / Microsoft Planetary Computer,Open-Meteo ERA5-Land historical reanalysis
0.0,0.0,0.0,0.0,33.796,2.817,27.875,7.01,4097.0,0.08141,0,0,background_non_event,29.484112787649934,88.55145696376574,2025-11-10,2025,NASA COOLR/GLC,USGS SRTM 90m via Open Topo Data,Sentinel-2 L2A / Microsoft Planetary Computer,Open-Meteo ERA5-Land historical reanalysis
0.0,0.0,0.0,0.0,32.692,-3.921,75.125,35.44,4519.0,0.17827,0,0,background_non_event,29.44311089716706,97.31269340787853,2025-11-12,2025,NASA COOLR/GLC,USGS SRTM 90m via Open Topo Data,Sentinel-2 L2A / Microsoft Planetary Computer,Open-Meteo ERA5-Land historical reanalysis
0.0,0.0,0.0,0.0,43.16,19.562,79.417,27.83,667.0,0.50271,9,0,background_non_event,25.304144407602543,91.81979666615753,2025-11-13,2025,NASA COOLR/GLC,USGS SRTM 90m via Open Topo Data,Sentinel-2 L2A / Microsoft Planetary Computer,Open-Meteo ERA5-Land historical reanalysis
0.0,0.0,0.0,0.0,30.577,21.154,72.75,0.55,41.0,0.51209,0,0,background_non_event,26.373949448108206,89.5190336488523,2025-11-13,2025,NASA COOLR/GLC,USGS SRTM 90m via Open Topo Data,Sentinel-2 L2A / Microsoft Planetary Computer,Open-Meteo ERA5-Land historical reanalysis
0.0,0.0,0.0,0.0,24.625,20.988,73.417,0.78,7.0,0.40273,0,0,background_non_event,23.158715974128075,89.18209400333734,2025-11-14,2025,NASA COOLR/GLC,USGS SRTM 90m via Open Topo Data,Sentinel-2 L2A / Microsoft Planetary Computer,Open-Meteo ERA5-Land historical reanalysis
0.0,0.0,0.0,0.0,38.496,15.379,81.5,20.02,964.0,0.61281,2,0,background_non_event,24.845477687225845,94.70870788742299,2025-11-15,2025,NASA COOLR/GLC,USGS SRTM 90m via Open Topo Data,Sentinel-2 L2A / Microsoft Planetary Computer,Open-Meteo ERA5-Land historical reanalysis
0.0,0.0,0.0,0.0,27.554,20.446,73.917,0.73,64.0,0.39717,0,0,background_non_event,26.166441765366763,88.65543735193171,2025-11-19,2025,NASA COOLR/GLC,USGS SRTM 90m via Open Topo Data,Sentinel-2 L2A / Microsoft Planetary Computer,Open-Meteo ERA5-Land historical reanalysis
0.0,0.0,0.0,0.0,35.229,15.204,76.333,23.34,1056.0,0.42707,7,0,background_non_event,27.391233889518748,88.56452495595776,2025-11-21,2025,NASA COOLR/GLC,USGS SRTM 90m via Open Topo Data,Sentinel-2 L2A / Microsoft Planetary Computer,Open-Meteo ERA5-Land historical reanalysis
0.0,0.0,0.0,0.0,19.858,21.863,68.125,0.99,17.0,0.31948,0,0,background_non_event,24.470496935392845,88.90771497589319,2025-11-22,2025,NASA COOLR/GLC,USGS SRTM 90m via Open Topo Data,Sentinel-2 L2A / Microsoft Planetary Computer,Open-Meteo ERA5-Land historical reanalysis
0.0,0.0,0.0,0.0,37.806,21.429,81.458,11.34,242.0,0.57538,0,0,background_non_event,23.693763138564208,95.51523616560178,2025-11-23,2025,NASA COOLR/GLC,USGS SRTM 90m via Open Topo Data,Sentinel-2 L2A / Microsoft Planetary Computer,Open-Meteo ERA5-Land historical reanalysis
0.0,0.0,0.0,0.0,35.377,0.746,77.375,26.78,3388.0,0.34649,0,0,background_non_event,28.710912628733958,96.27515648548254,2025-11-23,2025,NASA COOLR/GLC,USGS SRTM 90m via Open Topo Data,Sentinel-2 L2A / Microsoft Planetary Computer,Open-Meteo ERA5-Land historical reanalysis
0.0,0.0,0.0,0.0,38.215,21.162,76.0,0.74,61.0,0.18574,1,0,background_non_event,26.248244704723042,92.38830431506949,2025-11-25,2025,NASA COOLR/GLC,USGS SRTM 90m via Open Topo Data,Sentinel-2 L2A / Microsoft Planetary Computer,Open-Meteo ERA5-Land historical reanalysis
0.0,0.0,0.0,0.0,37.66,-12.121,75.792,36.28,4371.0,0.41268,0,0,background_non_event,29.55121106301339,94.36828035531057,2025-11-28,2025,NASA COOLR/GLC,USGS SRTM 90m via Open Topo Data,Sentinel-2 L2A / Microsoft Planetary Computer,Open-Meteo ERA5-Land historical reanalysis
0.0,0.0,0.0,0.0,27.296,-1.45,71.583,31.48,4686.0,-0.0774,3,0,background_non_event,27.737088195106615,88.42510110947869,2025-11-30,2025,NASA COOLR/GLC,USGS SRTM 90m via Open Topo Data,Sentinel-2 L2A / Microsoft Planetary Computer,Open-Meteo ERA5-Land historical reanalysis
0.0,0.0,0.0,0.0,32.94,14.263,84.792,26.49,1157.0,0.58563,3,0,background_non_event,25.392214039751757,93.48779563536071,2025-12-01,2025,NASA COOLR/GLC,USGS SRTM 90m via Open Topo Data,Sentinel-2 L2A / Microsoft Planetary Computer,Open-Meteo ERA5-Land historical reanalysis
0.0,0.0,0.0,0.0,17.492,21.496,71.708,1.16,15.0,0.33227,7,0,background_non_event,24.731860436893285,92.03201266665711,2025-12-04,2025,NASA COOLR/GLC,USGS SRTM 90m via Open Topo Data,Sentinel-2 L2A / Microsoft Planetary Computer,Open-Meteo ERA5-Land historical reanalysis
0.0,0.0,0.0,0.0,16.848,19.379,65.292,1.1,7.0,0.04132,0,0,background_non_event,22.911547593951923,88.66807991325992,2025-12-07,2025,NASA COOLR/GLC,USGS SRTM 90m via Open Topo Data,Sentinel-2 L2A / Microsoft Planetary Computer,Open-Meteo ERA5-Land historical reanalysis
0.0,0.0,0.0,0.0,37.406,-7.821,64.5,33.26,4483.0,0.13121,0,0,background_non_event,29.521208565062615,93.62324228170259,2025-12-07,2025,NASA COOLR/GLC,USGS SRTM 90m via Open Topo Data,Sentinel-2 L2A / Microsoft Planetary Computer,Open-Meteo ERA5-Land historical reanalysis
0.0,0.0,0.0,0.0,33.283,17.158,75.042,3.61,205.0,0.57534,0,0,background_non_event,24.970409831291306,95.17612305157212,2025-12-08,2025,NASA COOLR/GLC,USGS SRTM 90m via Open Topo Data,Sentinel-2 L2A / Microsoft Planetary Computer,Open-Meteo ERA5-Land historical reanalysis
0.0,0.0,0.0,0.0,18.89,19.55,54.875,0.29,72.0,0.16434,0,0,background_non_event,26.26809450918278,88.50520728171273,2025-12-13,2025,NASA COOLR/GLC,USGS SRTM 90m via Open Topo Data,Sentinel-2 L2A / Microsoft Planetary Computer,Open-Meteo ERA5-Land historical reanalysis
0.0,0.0,0.0,0.0,15.058,20.279,68.75,0.72,4.0,0.18857,0,0,background_non_event,22.724302603989962,89.85224046422157,2025-12-16,2025,NASA COOLR/GLC,USGS SRTM 90m via Open Topo Data,Sentinel-2 L2A / Microsoft Planetary Computer,Open-Meteo ERA5-Land historical reanalysis
0.0,0.0,0.0,0.0,15.056,-9.325,46.708,18.95,5264.0,0.03896,0,0,background_non_event,28.113512091796643,92.24743268288888,2025-12-16,2025,NASA COOLR/GLC,USGS SRTM 90m via Open Topo Data,Sentinel-2 L2A / Microsoft Planetary Computer,Open-Meteo ERA5-Land historical reanalysis
0.0,0.0,0.0,0.0,30.304,-4.696,12.958,26.95,4736.0,0.10996,0,0,background_non_event,29.057817430624198,89.10340893809642,2025-12-16,2025,NASA COOLR/GLC,USGS SRTM 90m via Open Topo Data,Sentinel-2 L2A / Microsoft Planetary Computer,Open-Meteo ERA5-Land historical reanalysis
0.0,0.0,0.0,0.0,29.938,20.929,69.125,0.64,2.0,0.4108,0,0,background_non_event,22.291839630415573,89.23776693290102,2025-12-17,2025,NASA COOLR/GLC,USGS SRTM 90m via Open Topo Data,Sentinel-2 L2A / Microsoft Planetary Computer,Open-Meteo ERA5-Land historical reanalysis
0.0,0.0,0.0,0.0,16.946,20.046,36.208,0.44,97.0,0.08246,0,0,background_non_event,26.704722980392976,88.95526368681493,2025-12-18,2025,NASA COOLR/GLC,USGS SRTM 90m via Open Topo Data,Sentinel-2 L2A / Microsoft Planetary Computer,Open-Meteo ERA5-Land historical reanalysis
0.0,0.0,0.0,0.0,31.969,19.371,73.292,1.17,208.0,0.4991,0,0,background_non_event,23.268649586683907,95.16364270053403,2025-12-19,2025,NASA COOLR/GLC,USGS SRTM 90m via Open Topo Data,Sentinel-2 L2A / Microsoft Planetary Computer,Open-Meteo ERA5-Land historical reanalysis
0.0,0.0,0.0,0.0,15.15,20.367,73.958,0.66,8.0,0.09218,0,0,background_non_event,23.74032243923407,90.62349435853045,2025-12-21,2025,NASA COOLR/GLC,USGS SRTM 90m via Open Topo Data,Sentinel-2 L2A / Microsoft Planetary Computer,Open-Meteo ERA5-Land historical reanalysis
0.0,0.0,0.0,0.0,16.162,19.533,72.625,0.67,9.0,0.12406,0,0,background_non_event,24.07697693422015,90.0640340936535,2025-12-23,2025,NASA COOLR/GLC,USGS SRTM 90m via Open Topo Data,Sentinel-2 L2A / Microsoft Planetary Computer,Open-Meteo ERA5-Land historical reanalysis
0.0,0.0,0.0,0.0,34.019,5.546,17.875,3.54,3664.0,0.06434,0,0,background_non_event,29.552511943200372,91.04370090634372,2025-12-23,2025,NASA COOLR/GLC,USGS SRTM 90m via Open Topo Data,Sentinel-2 L2A / Microsoft Planetary Computer,Open-Meteo ERA5-Land historical reanalysis
0.0,0.0,0.0,0.0,18.477,17.371,80.375,0.69,56.0,0.38573,0,0,background_non_event,26.37695064817324,89.19278678777145,2025-12-24,2025,NASA COOLR/GLC,USGS SRTM 90m via Open Topo Data,Sentinel-2 L2A / Microsoft Planetary Computer,Open-Meteo ERA5-Land historical reanalysis
0.0,0.0,0.0,0.0,32.446,16.25,82.333,23.29,786.0,0.56275,1,0,background_non_event,26.93457591922712,95.86799043744456,2025-12-24,2025,NASA COOLR/GLC,USGS SRTM 90m via Open Topo Data,Sentinel-2 L2A / Microsoft Planetary Computer,Open-Meteo ERA5-Land historical reanalysis
0.0,0.0,0.0,0.0,26.965,18.562,71.917,1.82,98.0,0.05515,0,0,background_non_event,27.282613167529917,94.61307934666407,2025-12-25,2025,NASA COOLR/GLC,USGS SRTM 90m via Open Topo Data,Sentinel-2 L2A / Microsoft Planetary Computer,Open-Meteo ERA5-Land historical reanalysis
0.0,0.0,0.0,0.0,16.058,17.654,76.958,0.96,14.0,0.5683,0,0,background_non_event,24.046079264102058,89.40522409745137,2025-12-26,2025,NASA COOLR/GLC,USGS SRTM 90m via Open Topo Data,NASA MODIS MOD13Q1.061 / Microsoft Planetary Computer,Open-Meteo ERA5-Land historical reanalysis
0.0,0.0,0.0,0.0,32.148,-0.579,29.208,21.71,4217.0,0.04318,0,0,background_non_event,29.224443282341987,88.39327882352951,2025-12-27,2025,NASA COOLR/GLC,USGS SRTM 90m via Open Topo Data,Sentinel-2 L2A / Microsoft Planetary Computer,Open-Meteo ERA5-Land historical reanalysis
0.0,0.0,0.0,0.0,20.038,12.433,76.667,19.84,1080.0,0.5874,3,0,background_non_event,25.341315868940434,93.70532469758653,2025-12-30,2025,NASA COOLR/GLC,USGS SRTM 90m via Open Topo Data,Sentinel-2 L2A / Microsoft Planetary Computer,Open-Meteo ERA5-Land historical reanalysis
0.0,0.0,0.0,0.0,30.765,17.025,79.542,1.12,98.0,0.37111,0,0,background_non_event,27.150277542142526,94.74100143086748,2025-12-31,2025,NASA COOLR/GLC,USGS SRTM 90m via Open Topo Data,Sentinel-2 L2A / Microsoft Planetary Computer,Open-Meteo ERA5-Land historical reanalysis
